{"type":"FeatureCollection","features":[{"type":"Feature","properties":{"region":"Nordjylland","name":"Region Nordjylland"},"geometry":{"type":"MultiPolygon","coordinates":[[[[10.61359605,57.75257255],[10.25465823,57.61349667],[10.1194475,57.58867789],[9.95604516,57.59950279],[9.79453743,57.47637335],[9.57714556,57.25455697],[9.39853156,57.16363222],[9.17725433,57.13817018],[8.97536801,57.15760334],[8.75365947,57.09864134],[8.58921727,57.12749959],[8.53470083,57.06770363],[8.36070092,56.96237409],[8.25653994,56.83582512],[8.21264,56.72152615],[8.248141,56.70135856],[8.2553323,56.77838806],[8.30134476,56.75511438],[8.35712631,56.67643785],[8.40367159,56.67048326],[8.45156827,56.69734791],[8.5141253,56.67990418],[8.51922046,56.71148305],[8.46909369,56.71533751],[8.49981128,56.75508755],[8.46879562,56.78128441],[8.60877367,56.84160851],[8.66839965,56.95097929],[8.76986059,56.94788901],[8.84827136,56.97511452],[8.82830403,56.99302577],[8.90185387,56.97384286],[8.93300294,57.00383419],[9.01943401,57.02288667],[9.04321139,57.00809672],[9.1341577,57.04048766],[9.25491141,56.99183758],[9.42398903,57.03656772],[9.61097073,57.04950649],[9.6493823,57.07071319],[9.61321045,57.07565365],[9.67240636,57.09683795],[9.68846315,57.09432065],[9.6522884,57.07175628],[9.74886965,57.06718708],[9.78350377,57.10722771],[9.93586524,57.05376862],[10.01334346,57.08875107],[10.22202148,56.98983164],[10.33266452,56.98915666],[10.43060199,57.15810385],[10.54764014,57.22992342],[10.51540808,57.38531266],[10.52726468,57.42928626],[10.56341901,57.43132363],[10.56083582,57.44775839],[10.44551997,57.53412048],[10.42974458,57.59834931],[10.51936929,57.68398004],[10.65218554,57.74709811],[10.61359605,57.75257255]],[[9.27527914,57.02864295],[9.27527918,57.02864283],[9.27518074,57.02820603],[9.27527914,57.0286428],[9.27527914,57.02864295]],[[9.27412811,57.02618773],[9.27446267,57.02646773],[9.27412818,57.02618774],[9.27341435,57.02552572],[9.27412811,57.02618773]],[[9.27468553,57.0247056],[9.2744962,57.0249155],[9.27468557,57.02470559],[9.27583417,57.02314587],[9.27468553,57.0247056]],[[9.27583417,57.02314587],[9.27621147,57.02242509],[9.27725331,57.02076749],[9.27621144,57.02242506],[9.27583417,57.02314587]],[[9.29576928,57.0087842],[9.29219853,57.00825065],[9.29576928,57.00878424],[9.29713216,57.00813187],[9.29576928,57.0087842]],[[9.29713216,57.00813187],[9.2971322,57.00813186],[9.29584804,57.00775346],[9.29713216,57.00813187]]],[[[10.00643019,57.07883325],[9.94154132,57.04756941],[9.68931679,57.03850759],[9.61823379,56.96853968],[9.57727213,56.96156466],[9.56753752,56.92548339],[9.53733622,56.95465594],[9.57660736,56.96165594],[9.5835169,56.98798149],[9.51252912,57.01260455],[9.29524681,56.99872104],[9.16355156,56.8922526],[9.21097025,56.86072659],[9.16865226,56.80593417],[9.18522778,56.76574906],[9.24335454,56.74544913],[9.16027086,56.67658314],[9.29060339,56.6986111],[9.44802245,56.63723068],[9.47746263,56.67464347],[9.5254159,56.6807268],[9.52889223,56.65422726],[9.5699141,56.63433254],[9.67038706,56.62846083],[9.64140468,56.58056292],[9.70329458,56.58942969],[9.75094383,56.55534399],[9.83204315,56.55079302],[10.11565755,56.62366654],[10.19675217,56.67862128],[10.11864778,56.71278635],[9.98322595,56.65337],[9.80969375,56.64313337],[9.9570088,56.65795197],[10.14381709,56.72043144],[10.32926225,56.70512996],[10.27657991,56.80117969],[10.26202474,56.89360365],[10.30743762,56.98451797],[10.18943364,56.98782757],[10.00643019,57.07883325]]],[[[8.93824445,56.98388201],[8.89825546,56.95060358],[8.85957027,56.95634967],[8.81762978,56.90371953],[8.63382344,56.88495979],[8.64798485,56.8338607],[8.60901284,56.82278296],[8.66663911,56.8067347],[8.54188565,56.78778227],[8.55859739,56.75819799],[8.51012126,56.74626946],[8.50302712,56.72292699],[8.56206613,56.73237702],[8.55810572,56.70004749],[8.58994189,56.70856077],[8.57831435,56.73106604],[8.62424423,56.72118495],[8.61171948,56.70681118],[8.64279824,56.66872937],[8.77595181,56.69430068],[8.85513613,56.79223844],[8.87786878,56.78395022],[8.8287031,56.86987],[8.85953557,56.88707969],[8.89058264,56.86387795],[8.92368159,56.918505],[8.91037226,56.95543676],[8.93824445,56.98388201]]],[[[11.14740962,57.32815422],[10.92150099,57.29827313],[10.87006022,57.25783402],[11.00427791,57.21760085],[11.08749011,57.25501669],[11.08738064,57.29172645],[11.18640657,57.3092404],[11.19531956,57.28664989],[11.19907079,57.32259942],[11.14740962,57.32815422]]],[[[9.84322296,57.07495689],[9.81319195,57.06837899],[9.87651839,57.06122738],[9.84322296,57.07495689]]],[[[9.08528497,56.90474232],[9.06989585,56.8912641],[9.13243061,56.86018736],[9.08528497,56.90474232]]],[[[11.02960846,57.21472151],[11.01987925,57.2126367],[11.00562174,57.21044278],[10.99412255,57.20453364],[10.99543858,57.19991209],[11.00376648,57.20194403],[11.01314673,57.2014685],[11.03072918,57.20330283],[11.03008349,57.21470134]]],[[[9.55601346,57.01291508],[9.55478866,57.00903634],[9.56086931,57.0035656],[9.56791197,57.00346513],[9.56998128,57.00559896],[9.56746546,57.00728125],[9.56796893,57.00828397],[9.56633205,57.01015577],[9.55601346,57.01291508]]],[[[10.89649612,57.2465918],[10.89353292,57.24347812],[10.89916695,57.24010117],[10.9064571,57.23972712],[10.91023228,57.23969358],[10.91342903,57.2395787],[10.91716861,57.24086758],[10.90641308,57.24324971],[10.89674891,57.24646004]]],[[[10.86494905,57.25782606],[10.88925346,57.24129186],[10.89605956,57.23692279],[10.90089763,57.23657383],[10.90592209,57.23837398],[10.89965754,57.23875254],[10.88782711,57.24540622],[10.87960707,57.25079162],[10.86695017,57.25777532]]],[[[9.26414528,56.99070948],[9.24964718,56.98907621],[9.24573108,56.98551893],[9.24826477,56.98286271],[9.25200152,56.9834309],[9.25489815,56.98478245],[9.25938336,56.98655135],[9.26363607,56.98877523],[9.26520776,56.99063878]]],[[[8.54303215,56.70336321],[8.53309268,56.70270377],[8.53281002,56.69885062],[8.54137538,56.69627806],[8.54263665,56.69601973],[8.53743417,56.69820045],[8.54372526,56.6976015],[8.54441932,56.69656908],[8.54362392,56.70338532]]],[[[9.59378901,56.98541451],[9.59137265,56.98470519],[9.59126685,56.98366762],[9.59500346,56.98204345],[9.60320224,56.98010675],[9.61053302,56.98199416],[9.60610684,56.98280957],[9.6008377,56.98206462],[9.59410965,56.98539933]]],[[[11.00073094,57.21063807],[10.99690435,57.2100666],[10.98989429,57.20811062],[10.98758697,57.2058877],[10.98830525,57.20381623],[10.99208138,57.20314311],[10.99219275,57.20415616],[10.99512356,57.20772177],[11.00073094,57.21063807]]],[[[10.60086502,57.49772668],[10.60360042,57.49417199],[10.60340888,57.49208271],[10.60857528,57.49006932],[10.61419997,57.49200411],[10.61408601,57.49246907],[10.6116382,57.49253531],[10.60572092,57.49422597],[10.60086502,57.49772668]]],[[[9.3112622,57.00183286],[9.3055841,57.0005207],[9.30216917,57.00014378],[9.3030649,56.99984713],[9.29937138,56.99930704],[9.29691316,56.99832847],[9.30233125,56.99802435],[9.31311037,57.0009043],[9.31224798,57.00185511]]],[[[10.9580559,57.21277071],[10.95461107,57.21121717],[10.95928895,57.2096367],[10.96380271,57.2099769],[10.96334024,57.21015198],[10.96535543,57.21089256],[10.96245817,57.21198351],[10.95872823,57.21220484],[10.9580559,57.21277071]]],[[[10.27201407,56.70631822],[10.27039187,56.70581869],[10.27726543,56.70400689],[10.28228567,56.70436485],[10.28604401,56.70422396],[10.27934763,56.70561411],[10.27794837,56.70562218],[10.27606433,56.70588148],[10.27287184,56.70619823]]],[[[10.62121635,57.48704625],[10.6189087,57.48662587],[10.61997489,57.48526211],[10.6217635,57.48540057],[10.62346953,57.48437723],[10.62370356,57.48296368],[10.62691832,57.48199597],[10.62703537,57.48480799],[10.6223225,57.48704039]]],[[[9.7875536,57.0764876],[9.78340883,57.07627694],[9.78099861,57.07485531],[9.78120282,57.07398405],[9.78250141,57.07320595],[9.78501876,57.07367273],[9.78740203,57.07412942],[9.7899565,57.0762283],[9.78819573,57.07640747]]],[[[10.8610857,57.26764401],[10.86221907,57.26144135],[10.86083344,57.26318243],[10.86629948,57.263094],[10.85941113,57.2651722],[10.86351364,57.26481088],[10.86596285,57.26558572],[10.86235542,57.26627483],[10.86046129,57.26757481]]],[[[9.13440006,57.03974124],[9.13919394,57.03739528],[9.14321031,57.03409984],[9.14589573,57.03214141],[9.14486068,57.03411942],[9.14388824,57.03484667],[9.1454346,57.03391779],[9.14366642,57.03603031],[9.13518514,57.0389751]]],[[[10.99044265,57.21575526],[10.98595896,57.21661239],[10.98357895,57.21586738],[10.98297164,57.21477779],[10.98237406,57.21388123],[10.98258808,57.21333594],[10.9836154,57.2131613],[10.98853604,57.21495711],[10.99117575,57.21568299]]],[[[10.93236529,57.36372503],[10.92997725,57.36324493],[10.92799004,57.36030285],[10.92519377,57.36048295],[10.92218919,57.36132208],[10.91997665,57.35949477],[10.92175521,57.35964894],[10.92810138,57.35888177],[10.9321556,57.36338951]]],[[[11.19354736,57.29312788],[11.19162099,57.29243695],[11.18991982,57.29116366],[11.18853609,57.29077091],[11.18747418,57.29023542],[11.18782817,57.28936321],[11.18786427,57.28800339],[11.19059849,57.28907629],[11.19318188,57.2930302]]],[[[10.95329754,57.21859346],[10.95220557,57.22022088],[10.94972067,57.21863117],[10.95082538,57.21718112],[10.95252773,57.21664403],[10.95551961,57.21715096],[10.95364654,57.2170962],[10.95527051,57.21766422],[10.95377346,57.21831596]]],[[[9.50990567,57.01822095],[9.50761701,57.01797817],[9.50573962,57.01714005],[9.50677673,57.01624701],[9.51046511,57.016151],[9.51544365,57.01670996],[9.51441628,57.0170543],[9.51201907,57.01781345],[9.51093869,57.01816337]]],[[[8.62771973,56.68066605],[8.62648551,56.6822439],[8.62761543,56.68008717],[8.6338315,56.67648009],[8.63592406,56.67556868],[8.63464383,56.6781925],[8.6312182,56.67921278],[8.62821977,56.68075613],[8.62775811,56.68066365]]],[[[8.62285246,56.68996137],[8.62101066,56.68895874],[8.62815109,56.68880273],[8.62530382,56.68590206],[8.62556533,56.68238192],[8.62612577,56.68332953],[8.62590563,56.68623826],[8.62858261,56.68835086],[8.62290591,56.68995497]]],[[[10.27091028,56.71216439],[10.26623717,56.71161411],[10.2700537,56.7110582],[10.27346403,56.71067766],[10.27511798,56.71064008],[10.2772351,56.71068084],[10.27798576,56.71104215],[10.27631667,56.71115863],[10.27091028,56.71216439]]],[[[10.91644718,57.22618036],[10.91466902,57.22529854],[10.91586837,57.22443626],[10.91949856,57.22363146],[10.92015483,57.22394023],[10.92026861,57.22430311],[10.92095972,57.22528801],[10.91798338,57.22584935],[10.91645839,57.22603248]]],[[[9.83246803,57.08161047],[9.83277213,57.08226004],[9.82803447,57.08312234],[9.82508755,57.08243727],[9.82552802,57.08169267],[9.82774025,57.08128369],[9.82845549,57.08124133],[9.82972861,57.08126902],[9.83179129,57.08157454]]],[[[9.49128468,57.03110284],[9.48762562,57.03069895],[9.48705886,57.02941318],[9.48880424,57.02876442],[9.49168169,57.02895286],[9.49332461,57.03017823],[9.49280254,57.03027937],[9.49018913,57.03090797],[9.4915552,57.03100287]]],[[[10.91396847,57.23192765],[10.91152634,57.23166321],[10.91384948,57.23100929],[10.9154648,57.23041698],[10.91612443,57.22975692],[10.91876666,57.2288009],[10.92091012,57.22867684],[10.91785945,57.23085925],[10.91426081,57.23187791]]],[[[10.95607676,57.22056498],[10.95311416,57.22045754],[10.95331856,57.21915723],[10.95437668,57.21839139],[10.95650118,57.21863263],[10.95730534,57.2194747],[10.95745494,57.21889065],[10.95863372,57.2192032],[10.95741309,57.22042393]]],[[[10.97240432,57.21945085],[10.97165362,57.21888147],[10.97115881,57.21806959],[10.97121509,57.21732678],[10.97277221,57.21610647],[10.97456051,57.2156688],[10.97472646,57.21655862],[10.97568284,57.21676794],[10.9730122,57.21910354]]],[[[10.34252094,56.99579193],[10.34111382,56.99252004],[10.34014206,56.99055197],[10.33865544,56.98892794],[10.33859997,56.98820798],[10.33815774,56.98765773],[10.33831218,56.98704028],[10.34209373,56.99216012]]],[[[8.91147457,56.96179834],[8.91021731,56.96134621],[8.90806189,56.96056568],[8.90696261,56.95937472],[8.90580489,56.95791232],[8.91054439,56.95887704],[8.91129307,56.96011883],[8.91010477,56.96089641]]],[[[8.55341388,56.71786942],[8.55378922,56.71884481],[8.55249262,56.71940616],[8.55028578,56.71873017],[8.55004373,56.71780654],[8.55124332,56.7167327],[8.55328861,56.7162258],[8.55377958,56.7166791],[8.55307125,56.7178301]]],[[[8.63367779,56.68365707],[8.63290963,56.68357179],[8.63288862,56.68303026],[8.63222209,56.68255035],[8.63166227,56.68120711],[8.62938964,56.68078207],[8.63217739,56.67988537],[8.63365129,56.68196494]]],[[[10.29854047,56.9680005],[10.29748998,56.96777664],[10.29630025,56.96732744],[10.29562243,56.96661283],[10.2950987,56.96538001],[10.29653396,56.96527638],[10.2993217,56.96639109],[10.29909268,56.96727323],[10.29873891,56.96787473]]],[[[11.0218857,57.21547365],[11.02105923,57.21562417],[11.02114596,57.21585945],[11.01802872,57.21493754],[11.01527598,57.21449546],[11.01277089,57.21402284],[11.01401346,57.21341221],[11.0199314,57.21463954],[11.02200323,57.21543627]]],[[[11.17447603,57.27869839],[11.17969911,57.28266374],[11.18012782,57.28432388],[11.1767095,57.2809387],[11.17441704,57.27951819],[11.17239624,57.27865636],[11.17044461,57.27931998],[11.16941398,57.27915932],[11.17407345,57.27867435]]],[[[10.5778925,57.45257947],[10.57619064,57.45206817],[10.57750483,57.45141062],[10.57920843,57.45055141],[10.58048555,57.44974794],[10.5818006,57.45032216],[10.58124433,57.45132702],[10.57986428,57.45163065],[10.57835329,57.4525472]]],[[[11.00775003,57.21302695],[11.00493605,57.21293165],[11.00298489,57.21263491],[11.00176293,57.21214583],[11.00053631,57.21157018],[11.00001731,57.21122406],[11.00176765,57.2109426],[11.00557288,57.21231056],[11.00816256,57.21278332]]],[[[10.96339709,57.2174579],[10.96295781,57.2180587],[10.96153193,57.21860438],[10.96001279,57.21803282],[10.95921099,57.21740153],[10.9602363,57.21666356],[10.96102955,57.21626282],[10.96207972,57.21652784],[10.96327688,57.21708733]]],[[[11.18560042,57.2886529],[11.18308836,57.28732407],[11.18610666,57.28642191],[11.18782115,57.28691353],[11.18737052,57.28766405],[11.18483569,57.28782396],[11.18465983,57.28670209],[11.18472659,57.28803828],[11.18560042,57.2886529]]],[[[10.96167444,57.22925472],[10.96091224,57.22919995],[10.95940156,57.22921437],[10.95855105,57.22900004],[10.95918645,57.2278887],[10.96054814,57.22749636],[10.96225554,57.22755631],[10.96223588,57.22853997],[10.96210074,57.2291928]]],[[[10.93082425,57.18462544],[10.92985896,57.18254239],[10.9304033,57.18093966],[10.93424822,57.17923677],[10.93538952,57.18059168],[10.93219083,57.1798925],[10.93133451,57.18116506],[10.93036449,57.18355822],[10.93101802,57.18459999]]],[[[8.90889753,56.98107264],[8.90643562,56.98081983],[8.90425587,56.98064713],[8.90020374,56.9806251],[8.90405195,56.9800352],[8.90719623,56.98010019],[8.90687239,56.98051274],[8.90796805,56.98062153],[8.90905077,56.98091033]]],[[[10.29017469,56.95730938],[10.28890084,56.95677366],[10.28926968,56.9561926],[10.28994042,56.95528347],[10.29083407,56.95463985],[10.29149069,56.95549675],[10.29155768,56.95645416],[10.2910144,56.95715427],[10.29017469,56.95730938]]],[[[11.1287414,57.29277607],[11.12805573,57.29387584],[11.12516239,57.29675454],[11.12445414,57.29710293],[11.12451132,57.29634439],[11.12642171,57.29419462],[11.12809315,57.29272756],[11.12850367,57.29275781],[11.12865109,57.29262628]]],[[[11.00270188,57.20032225],[10.99962828,57.1998067],[11.00052884,57.1992436],[11.00226638,57.19922246],[11.00316518,57.19958138],[11.00404845,57.20000775],[11.00327872,57.19972756],[11.00318828,57.2002799],[11.00280428,57.20026886]]],[[[10.99465326,57.21116105],[10.99328476,57.21110838],[10.99215108,57.21082231],[10.99169469,57.21024424],[10.99349944,57.21041579],[10.99572426,57.21045745],[10.99816243,57.21100865],[10.99739135,57.21103189]]],[[[11.06927829,57.24033759],[11.07038318,57.24063865],[11.07131139,57.24114603],[11.07155662,57.24175642],[11.06987851,57.24161974],[11.06742208,57.24115089],[11.06719131,57.2409128],[11.06831491,57.24059508],[11.06927829,57.24033759]]],[[[9.82255671,57.08487727],[9.82056646,57.08471818],[9.81979561,57.08433711],[9.8200351,57.08400458],[9.82208145,57.08397168],[9.82397414,57.08420478],[9.82466616,57.08453325],[9.82406118,57.0847515],[9.82302697,57.08484813]]],[[[8.54972447,56.71680871],[8.54884698,56.71622103],[8.55037037,56.71635142],[8.55052034,56.71562578],[8.55126924,56.71547494],[8.55238796,56.71536963],[8.55392075,56.71578039],[8.55178499,56.71635579],[8.55015663,56.71680676]]],[[[11.00475471,57.21080338],[11.0060746,57.21126904],[11.0072699,57.2121448],[11.00558415,57.21182858],[11.00310922,57.21099623],[11.0024245,57.21074882],[11.0035244,57.21040097],[11.00554324,57.21061656],[11.00547189,57.2107727]]],[[[10.34731667,57.00256987],[10.34707559,57.00293786],[10.34677107,57.00217],[10.34622181,57.00123514],[10.34484452,56.99964469],[10.34271203,56.9987712],[10.34289691,56.99844227],[10.34492227,56.99917594],[10.34710264,57.00216032]]],[[[10.95733234,57.21431157],[10.95680891,57.21421244],[10.95651979,57.21421299],[10.95624801,57.21383095],[10.95697737,57.21317776],[10.95921759,57.2131457],[10.95924544,57.21333683],[10.95924359,57.21384857],[10.95770022,57.21425021]]],[[[10.9993019,57.21307262],[10.99741928,57.21265206],[10.99800999,57.21294016],[10.99733128,57.21279489],[10.99625813,57.21245074],[10.9953263,57.21202428],[10.9976888,57.21178966],[10.99709505,57.21201493],[10.9993019,57.21307262]]],[[[8.54244034,56.71882101],[8.54123701,56.71857833],[8.54098758,56.71782293],[8.54065753,56.71585332],[8.54207384,56.7143458],[8.54197658,56.71615222],[8.54145866,56.71717414],[8.54171174,56.71767107],[8.54229339,56.71878642]]],[[[8.60943788,56.71284875],[8.60912017,56.71104969],[8.60994894,56.71036286],[8.61051175,56.70962919],[8.61156248,56.70922406],[8.61154677,56.70954384],[8.6100525,56.71071122],[8.60993688,56.71216034],[8.60955618,56.71278299]]],[[[10.59878916,57.49777052],[10.59716405,57.49696662],[10.59639333,57.49564177],[10.59700945,57.4956505],[10.59786675,57.4963671],[10.59860309,57.49633908],[10.59883919,57.49718977],[10.59906307,57.49777208]]],[[[9.32277515,56.66493946],[9.32365762,56.66558402],[9.32449478,56.66615457],[9.32430269,56.66704144],[9.32251962,56.66634936],[9.32263386,56.66593247],[9.32289159,56.66548656],[9.32251837,56.66515197],[9.32260231,56.66493164]]],[[[8.63712109,56.68699653],[8.63683836,56.68740214],[8.6356896,56.68697573],[8.63484224,56.68666591],[8.63549011,56.68611385],[8.63579342,56.68560642],[8.6362875,56.68569735],[8.63671558,56.68621661],[8.63711534,56.68686418]]],[[[8.94809074,56.93479561],[8.94677327,56.93472005],[8.94711528,56.9345708],[8.9469816,56.93405445],[8.94757183,56.9335995],[8.94714161,56.93186971],[8.94727247,56.93206103],[8.94838158,56.93373774],[8.94837948,56.93454365]]],[[[10.33138955,56.97096601],[10.33193478,56.97216611],[10.33112673,56.97180688],[10.32986265,56.97079142],[10.32973984,56.97027648],[10.33083221,56.97091525],[10.33002572,56.9696297],[10.33042563,56.96991591],[10.33138955,56.97096601]]],[[[10.3364224,56.98263229],[10.335698,56.98251703],[10.33349423,56.98162285],[10.33350882,56.98218279],[10.33156557,56.9824263],[10.33100714,56.98223926],[10.33196869,56.98170172],[10.33368404,56.98134905],[10.33638425,56.98258265]]],[[[10.98222821,57.21369996],[10.98149969,57.2135668],[10.98078159,57.2133313],[10.98047037,57.2129935],[10.98058122,57.21250933],[10.98138339,57.21255265],[10.98255024,57.21273524],[10.98252351,57.21319095]]],[[[10.60534068,57.47322646],[10.60448539,57.47484814],[10.60442582,57.47526963],[10.6040293,57.47432737],[10.60448553,57.47367578],[10.60407572,57.47315685],[10.60318032,57.47297678],[10.60492509,57.47272791],[10.60534068,57.47322646]]],[[[9.90717959,57.06136283],[9.90782909,57.0615917],[9.90788273,57.06199226],[9.90738777,57.06230597],[9.9064482,57.0625097],[9.90564396,57.06226513],[9.90545847,57.06213037],[9.90569491,57.06177065],[9.90684203,57.06139582]]],[[[11.06872141,57.24191367],[11.07106299,57.24244962],[11.0721537,57.24314913],[11.072319,57.24343358],[11.07180521,57.24328319],[11.07064472,57.24281989],[11.06842018,57.24220204],[11.0681387,57.241985]]],[[[9.5721526,57.00709112],[9.57072431,57.0075346],[9.57014952,57.00721219],[9.57026211,57.00662927],[9.57170995,57.00643158],[9.57145717,57.00671824],[9.57156046,57.00688262],[9.57231782,57.00670973]]],[[[9.61203807,57.02535145],[9.61030737,57.02525874],[9.60876173,57.02530022],[9.60960373,57.02484137],[9.60991335,57.02502825],[9.61039214,57.02509356],[9.61093756,57.02494303],[9.61269318,57.02507002],[9.61211841,57.02530856]]],[[[10.32132194,56.9548726],[10.32169483,56.95602802],[10.3220785,56.95703212],[10.32269384,56.95802065],[10.32300601,56.95866729],[10.32211714,56.95790986],[10.32149849,56.95640915],[10.32114228,56.95528805],[10.32132194,56.9548726]]],[[[10.9595581,57.21472064],[10.9581304,57.21493987],[10.95763275,57.21472425],[10.95746668,57.21461237],[10.95717611,57.21455112],[10.95757358,57.21437313],[10.95952257,57.21410974],[10.9590781,57.2146664]]],[[[10.9567938,57.2215315],[10.95573673,57.22146665],[10.95517092,57.22127914],[10.9560672,57.2209789],[10.95703563,57.22084656],[10.95734131,57.22121397],[10.95815128,57.22117312],[10.95870991,57.22128751],[10.95686877,57.22149907]]],[[[10.91781896,57.35947636],[10.91737504,57.35945698],[10.9171021,57.35910425],[10.91859879,57.35852526],[10.91997308,57.35868796],[10.91945747,57.35891003],[10.91871783,57.3587833],[10.9181329,57.35936241],[10.91790072,57.35937673]]],[[[9.83234451,57.08041969],[9.83183199,57.080415],[9.8299528,57.08026333],[9.82969915,57.08002299],[9.82991479,57.07977271],[9.83087882,57.07982804],[9.83133183,57.07988657],[9.83172647,57.0799463],[9.83245137,57.08040272]]],[[[11.00199148,57.21339988],[11.00292142,57.21383827],[11.00164295,57.21375595],[11.00064875,57.213608],[11.00020565,57.21346841],[10.99996717,57.21341623],[10.99969941,57.21319308],[11.00085098,57.21304237]]],[[[9.50599592,57.03277289],[9.5048893,57.03252411],[9.50545825,57.03230774],[9.50663329,57.03239076],[9.50835497,57.03254252],[9.5100797,57.03266335],[9.50941356,57.03265087],[9.50784513,57.03271833],[9.50612625,57.0327729]]],[[[10.92797599,57.24301183],[10.92759166,57.24298664],[10.92720545,57.24288411],[10.92678163,57.24276904],[10.92615605,57.24251312],[10.92683446,57.24224116],[10.92805224,57.24238061],[10.92817516,57.24264289],[10.92829936,57.24300902]]],[[[10.95695421,57.23398968],[10.95549965,57.2337567],[10.95561834,57.23331637],[10.95531546,57.23304416],[10.9559669,57.23303365],[10.95657276,57.23335766],[10.95629315,57.23369079],[10.95722997,57.23356532],[10.95745297,57.23388379]]],[[[8.63568138,56.68432731],[8.63541359,56.68431925],[8.63457484,56.68425588],[8.63452576,56.68350898],[8.63467959,56.68329984],[8.63443452,56.68313786],[8.63503956,56.68314295],[8.63542394,56.68338341],[8.63548167,56.68414902]]],[[[11.01162781,57.20120415],[11.01000694,57.20112265],[11.00976417,57.20103605],[11.01044343,57.20088392],[11.0108901,57.20052489],[11.0117154,57.20068087],[11.01221393,57.20088583],[11.01287551,57.20114219]]],[[[8.54646362,56.72136983],[8.54468144,56.72114026],[8.54322477,56.72101751],[8.54276154,56.72014275],[8.54312498,56.72043426],[8.54381614,56.72086605],[8.5458827,56.72125137],[8.54783201,56.72073523]]],[[[10.55370014,57.43375548],[10.55422259,57.43429465],[10.5543504,57.43473177],[10.55458951,57.43551872],[10.55484899,57.43627092],[10.55514794,57.43712495],[10.55485565,57.43704851],[10.55414376,57.43494617],[10.55347771,57.43366002]]],[[[10.97220114,57.21619595],[10.97208413,57.21657616],[10.97109697,57.21690399],[10.97082367,57.21707738],[10.97048284,57.21686017],[10.97026564,57.21663211],[10.97071797,57.21621321],[10.97138316,57.21618354],[10.97208631,57.2160459],[10.97220114,57.21619595]]],[[[9.84420169,57.08322498],[9.84468056,57.08382304],[9.8416492,57.08290786],[9.84024285,57.08244906],[9.84129386,57.08261837],[9.84225493,57.08288133],[9.84325453,57.08305977],[9.8436895,57.08314973]]],[[[8.26527429,56.77343019],[8.26424,56.77343865],[8.26508362,56.77334067],[8.26599087,56.77259736],[8.26672061,56.77271584],[8.26719518,56.77313289],[8.26557803,56.77297532],[8.26575695,56.77283721]]],[[[8.87365044,56.87889446],[8.87468214,56.88013498],[8.87338539,56.87891028],[8.87215028,56.87883149],[8.87104975,56.87869893],[8.87142554,56.87839836],[8.87219245,56.87835001],[8.87301975,56.87863851]]],[[[8.89882497,56.98129578],[8.89758275,56.98141713],[8.89830017,56.98103295],[8.89954548,56.98092238],[8.89975642,56.9809778],[8.9010546,56.98090463],[8.90097102,56.98102772],[8.90092325,56.98117187],[8.89928204,56.98129462]]],[[[9.16473722,57.02414109],[9.16458866,57.02433011],[9.16379469,57.0245906],[9.16204484,57.02463303],[9.1619637,57.02445832],[9.16239926,57.02431501],[9.16298184,57.02422873],[9.16413665,57.02410414],[9.16468515,57.02409812]]],[[[9.79397802,57.0939194],[9.79332714,57.09381258],[9.79274298,57.09359132],[9.79237701,57.09332439],[9.79286592,57.09311935],[9.79354073,57.09329637],[9.79391317,57.09336372],[9.79433402,57.09346473],[9.79413679,57.09388884]]],[[[9.87909033,57.05808478],[9.87901461,57.05832051],[9.87709737,57.05787954],[9.87501241,57.05702152],[9.87488159,57.05675175],[9.87504733,57.05674664],[9.87569424,57.05712942],[9.87829602,57.05798362],[9.87909033,57.05808478]]],[[[10.89841454,57.2463506],[10.8971388,57.2470319],[10.89660914,57.24719794],[10.89633326,57.24717093],[10.89635996,57.24706792],[10.89631523,57.2469844],[10.8971612,57.24647106],[10.89820231,57.24611399],[10.89841454,57.2463506]]],[[[10.31946419,56.95252308],[10.31992225,56.95330862],[10.32033518,56.9540356],[10.32100336,56.95437777],[10.32112828,56.95468786],[10.32007785,56.95413822],[10.31960091,56.9534979],[10.31926025,56.95289863],[10.31916054,56.95256141]]],[[[10.95099891,57.22337983],[10.95055195,57.22340097],[10.95027884,57.22324482],[10.95044819,57.22292276],[10.950791,57.22284906],[10.95155312,57.2229242],[10.95224094,57.22306635],[10.95201518,57.22333618],[10.95116067,57.22337821]]],[[[10.9189848,57.2437153],[10.9181989,57.24370628],[10.91754865,57.24363507],[10.91727889,57.24342543],[10.91709493,57.24321492],[10.91746571,57.24310701],[10.91842294,57.24328783],[10.91918276,57.24344568],[10.91925839,57.24360941],[10.9189848,57.2437153]]],[[[10.96481286,57.2175425],[10.96507138,57.21780702],[10.96523394,57.21821978],[10.96476786,57.21856223],[10.96438013,57.21854053],[10.96404456,57.21826598],[10.96405982,57.2180358],[10.96429763,57.21773925],[10.96465116,57.21756021]]],[[[10.96857317,57.21386124],[10.96806772,57.21366798],[10.96835509,57.21335779],[10.96935763,57.21317701],[10.96876697,57.21344856],[10.96943982,57.21346092],[10.96998934,57.21312613],[10.97038207,57.21332978],[10.96950719,57.21364056]]],[[[9.52363628,57.03438319],[9.52370328,57.03443762],[9.52253497,57.03434853],[9.52131151,57.03436872],[9.52046481,57.03417227],[9.52005482,57.03399205],[9.52101154,57.03391504],[9.52165842,57.03411556],[9.52324693,57.03426614]]],[[[8.54409556,56.7133418],[8.54366103,56.71381276],[8.54378116,56.71457774],[8.54353954,56.71460471],[8.54312421,56.71433879],[8.54297196,56.71396081],[8.54390657,56.7131784],[8.54461188,56.71315861]]],[[[10.91760826,57.22317963],[10.91661476,57.22363399],[10.9160033,57.2239012],[10.91595084,57.22381278],[10.9161851,57.22358987],[10.91620468,57.22330609],[10.91682499,57.22300847],[10.91765621,57.22291311],[10.91778119,57.22314446]]],[[[8.62828544,56.68431319],[8.62784721,56.68463773],[8.62751606,56.68441717],[8.62677729,56.68403314],[8.62655736,56.68370816],[8.62718697,56.68362433],[8.62729252,56.68391097],[8.62778336,56.68409463],[8.628103,56.68420753]]],[[[10.92481693,57.35847794],[10.92472595,57.35890585],[10.92400383,57.35839315],[10.92364777,57.35811799],[10.92310912,57.35746681],[10.9231739,57.3571446],[10.92361087,57.35761925],[10.92424898,57.35810916],[10.92467067,57.35841854]]],[[[10.95551777,57.21268681],[10.95575479,57.21297873],[10.95567654,57.2132682],[10.95561918,57.21366463],[10.95517773,57.21364679],[10.95482339,57.21326882],[10.95462766,57.21307805],[10.95520255,57.21284168],[10.95548,57.2126803]]],[[[8.63516769,56.68520381],[8.63471859,56.68542584],[8.63384566,56.68541681],[8.6337198,56.68504729],[8.63425991,56.68485042],[8.63487649,56.68481386],[8.63466205,56.68494269],[8.63483187,56.68512359]]],[[[10.97263948,57.22162207],[10.97210558,57.22147554],[10.97215614,57.22134276],[10.97219175,57.22112852],[10.97205284,57.220866],[10.97248294,57.22092061],[10.97305525,57.22108261],[10.97329361,57.22137431],[10.97329304,57.22155582],[10.97273192,57.22160058]]],[[[8.5546086,56.71841714],[8.55404422,56.71866973],[8.55366176,56.71865381],[8.55348123,56.71822489],[8.55362182,56.71794222],[8.55399477,56.71780907],[8.55404655,56.71807248],[8.55433436,56.71832668],[8.554872,56.71824855]]],[[[11.00040286,57.21284977],[11.00053401,57.21290779],[11.00033536,57.2129672],[10.99960238,57.2130832],[10.99948063,57.21300301],[10.99951304,57.21253984],[10.99960076,57.21238596],[11.00047134,57.21255458],[11.00103301,57.21282885],[11.00042758,57.21283832]]],[[[10.5998729,57.49380488],[10.59898003,57.49375502],[10.59971425,57.49367213],[10.59953218,57.49336241],[10.59910796,57.49320041],[10.60004056,57.49301474],[10.59937463,57.4928046],[10.60033975,57.49278248],[10.60001737,57.49347252]]],[[[8.58731817,56.73101172],[8.58725406,56.73125488],[8.58671577,56.73114286],[8.5863185,56.73100409],[8.5857393,56.73086768],[8.58545828,56.73075534],[8.58613742,56.73067576],[8.58668589,56.73073741],[8.58717519,56.73084567]]],[[[10.99139594,57.21621027],[10.9918701,57.21625019],[10.9917613,57.21637025],[10.99109772,57.21656489],[10.99062516,57.21674229],[10.99024624,57.21678873],[10.99003661,57.21675279],[10.99010274,57.21660896],[10.99011397,57.21645765],[10.99099758,57.21621856]]],[[[10.60407365,57.49770631],[10.60425991,57.4982014],[10.60376376,57.49872206],[10.60254289,57.49903118],[10.60304304,57.49877632],[10.60347408,57.49864273],[10.60386279,57.49821777],[10.6040768,57.49785029],[10.60407365,57.49770631]]],[[[10.32699038,56.96813034],[10.32749699,56.96827761],[10.32777257,56.96836714],[10.32791527,56.96858206],[10.32788302,56.96875284],[10.32739842,56.96879006],[10.32686855,56.9685115],[10.32670849,56.96816424]]],[[[9.01219579,56.89972444],[9.01150266,56.90083372],[9.01034588,56.90148657],[9.00914679,56.90184107],[9.00765328,56.9021617],[9.0076119,56.90213233],[9.00939828,56.90171573],[9.01093334,56.90100275],[9.01221529,56.89961601]]],[[[9.67379443,57.08783135],[9.67337944,57.08776782],[9.67293378,57.08755937],[9.67289182,57.0872378],[9.67341803,57.08707435],[9.67339764,57.08722439],[9.67347691,57.08756463],[9.67393982,57.08752261]]],[[[10.33076452,56.98318755],[10.3307654,56.98332742],[10.33084246,56.98359623],[10.33057353,56.98400124],[10.33043388,56.98326024],[10.3309946,56.98262572],[10.33105078,56.98266897],[10.33105212,56.98300623],[10.3308451,56.98318148]]],[[[10.92321324,57.35899933],[10.92271683,57.35884105],[10.92227796,57.3586384],[10.9216348,57.35834435],[10.92084821,57.35818142],[10.92109725,57.35795218],[10.92201031,57.35847366],[10.92250842,57.35863587],[10.92310911,57.35890613]]],[[[9.67240799,57.08681682],[9.67209461,57.08681491],[9.67132012,57.08667981],[9.671019,57.08662546],[9.67065981,57.08641653],[9.67095532,57.0863429],[9.67156686,57.08631789],[9.67198056,57.08663962],[9.67240799,57.08681682]]],[[[10.94665522,57.23323511],[10.94631218,57.23319936],[10.94642434,57.23303876],[10.94652576,57.23296989],[10.94661414,57.23278253],[10.94699365,57.23272435],[10.947479,57.232942],[10.94730362,57.23314473],[10.94698212,57.23319086]]],[[[10.91643959,57.24338055],[10.91686875,57.24345541],[10.91731515,57.24374708],[10.91720896,57.24391098],[10.91707698,57.24394183],[10.91677903,57.24384386],[10.91665967,57.24375376],[10.91572237,57.24345573],[10.91577633,57.24338419]]],[[[10.92330543,57.35932174],[10.92283447,57.35960254],[10.92254999,57.35937345],[10.92260864,57.35924865],[10.92229873,57.35922319],[10.92229546,57.35904309],[10.92234809,57.35890491],[10.92285999,57.35897157],[10.92321782,57.35922353]]],[[[10.89046376,57.24907664],[10.89048848,57.24932947],[10.89028495,57.24953398],[10.88983162,57.24961232],[10.88928333,57.24952263],[10.88937734,57.24939677],[10.88960327,57.24928339],[10.89001472,57.24916417],[10.89042594,57.2490728]]],[[[10.94986924,57.22330536],[10.94955319,57.22325214],[10.9492811,57.2231435],[10.94890704,57.2229546],[10.94926758,57.22274288],[10.94962922,57.2227591],[10.94978421,57.22295275],[10.95004407,57.22311836],[10.94996636,57.22329685]]],[[[10.32596487,56.96726271],[10.32619642,56.96739089],[10.32650027,56.96749854],[10.32668504,56.96754159],[10.32645336,56.96765492],[10.32588482,56.96768565],[10.32540414,56.9676708],[10.32543619,56.96742896],[10.32570639,56.96725611]]],[[[10.17826994,56.70321977],[10.17743861,56.70360229],[10.17692725,56.70364539],[10.17686312,56.7035372],[10.17720087,56.70337444],[10.17767258,56.70310808],[10.17789563,56.70312178],[10.17834573,56.70306335],[10.17826994,56.70321977]]],[[[11.16275375,57.269783],[11.16248853,57.26984812],[11.16298115,57.26955399],[11.1631398,57.26932347],[11.16373686,57.26942434],[11.16397421,57.26959116],[11.16367464,57.26964745],[11.16290188,57.26982573]]],[[[11.03997503,57.22865917],[11.04005816,57.22875135],[11.03977676,57.22867784],[11.03924599,57.22865492],[11.03840696,57.22850393],[11.03805755,57.22827553],[11.03837454,57.22822851],[11.03910426,57.2284254],[11.03987468,57.22860598]]],[[[8.5503281,56.7198393],[8.55032584,56.71993282],[8.54993339,56.72005475],[8.54919935,56.72043042],[8.54865413,56.72064622],[8.54843033,56.72053319],[8.5487529,56.72040841],[8.5494096,56.72016013],[8.54947056,56.72007725],[8.54965135,56.72001546],[8.55007711,56.7198552],[8.5503281,56.7198393]]],[[[10.97352876,57.21932311],[10.97352991,57.21923603],[10.97384657,57.21899671],[10.9742203,57.21888023],[10.97476648,57.21865895],[10.974892,57.21868942],[10.97474794,57.2188111],[10.97455462,57.21899951],[10.97428296,57.21918825],[10.97389187,57.21932082],[10.97367802,57.21932975],[10.97352876,57.21932311]]],[[[8.61141142,56.71188312],[8.61172216,56.71210168],[8.61179914,56.71231951],[8.61135927,56.71237833],[8.61096573,56.71220542],[8.61075408,56.71210423],[8.61084302,56.71203389],[8.61112151,56.71195759],[8.61132543,56.71187324]]],[[[10.96917412,57.21573812],[10.968634,57.21583671],[10.96875695,57.21562965],[10.96890535,57.21556442],[10.96932682,57.2153808],[10.96945765,57.21523453],[10.9697199,57.21518953],[10.96980637,57.21537013],[10.96949863,57.21557794]]],[[[8.56230134,56.73061824],[8.56212898,56.73106261],[8.56189508,56.73120446],[8.5618288,56.73154903],[8.56140217,56.73172155],[8.56169046,56.73144262],[8.56162279,56.73113378],[8.56205647,56.73086094],[8.56216119,56.73055504]]],[[[10.9217818,57.17525408],[10.9216839,57.17544598],[10.92147464,57.17559924],[10.92091788,57.17585926],[10.92102851,57.17608463],[10.92038614,57.17582984],[10.92118093,57.17551837],[10.92147673,57.17530799],[10.9217818,57.17525408]]],[[[10.26873587,56.8522883],[10.26825838,56.85211436],[10.26793672,56.85194683],[10.26800608,56.8519225],[10.26829803,56.85196805],[10.26847036,56.85191428],[10.26868426,56.85189225],[10.2691056,56.85196209],[10.26923617,56.85207011],[10.26906592,56.85220436],[10.26873587,56.8522883]]],[[[9.5904788,56.98651334],[9.5908214,56.98663731],[9.59079262,56.98678424],[9.59077427,56.98704908],[9.59052945,56.98710396],[9.59022028,56.98700255],[9.59028692,56.98677315],[9.59010865,56.98656162],[9.5904788,56.98651334]]],[[[10.9709616,57.2157134],[10.97070003,57.21571525],[10.97065745,57.21559687],[10.97100685,57.2153973],[10.97132198,57.21537806],[10.97170382,57.21533954],[10.97183897,57.21554471],[10.97144338,57.21563593],[10.97101619,57.21569349]]],[[[8.62992504,56.68297595],[8.62953477,56.68287488],[8.62927139,56.68261752],[8.6290828,56.68225894],[8.6289514,56.68181106],[8.62908865,56.68196276],[8.62927477,56.68222456],[8.62959626,56.68266304],[8.62992504,56.68297595]]],[[[8.85491023,56.98858448],[8.85564924,56.98889508],[8.85615589,56.98916535],[8.85479294,56.98865792],[8.8543414,56.98869297],[8.85411998,56.98888163],[8.85414697,56.98871295],[8.8542767,56.98840641],[8.85458634,56.98829663]]],[[[8.54304171,56.71985018],[8.54275615,56.71998092],[8.54246758,56.71987439],[8.54221269,56.71983402],[8.54200096,56.71967117],[8.5419179,56.7195282],[8.54197508,56.71942132],[8.54232079,56.71963838],[8.54284998,56.71981542]]],[[[10.17742741,56.70250105],[10.17749579,56.70254623],[10.17710125,56.70275768],[10.1765967,56.70302372],[10.17642833,56.70305047],[10.17626491,56.7030318],[10.17623774,56.70297779],[10.17634851,56.70287926],[10.17668469,56.70266629],[10.1769347,56.70255503],[10.17713826,56.70251493],[10.17742741,56.70250105]]],[[[10.91831738,57.24422588],[10.91874572,57.24431961],[10.91896948,57.24446975],[10.91893825,57.24460222],[10.91871151,57.24464055],[10.9183108,57.24451719],[10.91799163,57.24433301],[10.91798663,57.24422725]]],[[[8.54277937,56.69754125],[8.54304212,56.69758076],[8.54313944,56.69763538],[8.54331425,56.69778965],[8.54332545,56.69786264],[8.54321547,56.6979103],[8.54278904,56.69788843],[8.54249637,56.69779797],[8.5423801,56.69763709],[8.54257448,56.69753736]]],[[[10.95723147,57.21280064],[10.95759349,57.21291045],[10.95746314,57.21294124],[10.95708136,57.21304639],[10.95668061,57.21318409],[10.95641067,57.21320896],[10.95632011,57.21313436],[10.95652797,57.21295024],[10.95677212,57.2128449],[10.95723147,57.21280064]]],[[[10.26661702,56.89815852],[10.26658077,56.89830489],[10.26629636,56.89845898],[10.2660223,56.89822483],[10.26623136,56.89813934],[10.26608684,56.89794872],[10.26645694,56.89785755],[10.26669962,56.8979505],[10.26656286,56.89807659]]],[[[8.5405079,56.69813465],[8.54017683,56.69819398],[8.54001642,56.69813122],[8.54000775,56.69795851],[8.54019197,56.69778257],[8.54044539,56.69777021],[8.54069693,56.69792557],[8.54090277,56.69813332],[8.54060893,56.69811175]]],[[[10.89104271,57.24477841],[10.89109167,57.24491236],[10.89107429,57.2451749],[10.89101808,57.24534907],[10.89084894,57.24533787],[10.89060188,57.24528085],[10.89053571,57.24512146],[10.89079784,57.24485137],[10.8909959,57.24475764]]],[[[11.17037494,57.2752084],[11.1701401,57.27523761],[11.16951412,57.27491496],[11.16910874,57.27451535],[11.16938305,57.27446335],[11.16931541,57.27454872],[11.16957221,57.2747913],[11.17029701,57.27518935],[11.17037494,57.2752084]]],[[[10.89676265,57.27593805],[10.89748084,57.27637827],[10.89766206,57.27652154],[10.89776988,57.27673744],[10.89754787,57.27675238],[10.89749814,57.27659832],[10.8970251,57.27624821],[10.8964062,57.27600633],[10.89660032,57.2759361]]],[[[10.92510524,57.17860552],[10.92479326,57.17865119],[10.92442721,57.17858582],[10.92394347,57.178389],[10.92405567,57.17818906],[10.92439561,57.17830587],[10.92472691,57.17845363],[10.92491743,57.17857947],[10.92510433,57.17856582]]],[[[10.04485669,57.06909026],[10.04487713,57.06910743],[10.04487909,57.06913023],[10.04474074,57.06924854],[10.04458663,57.06939887],[10.04456695,57.06940882],[10.044534,57.06941],[10.04402349,57.06925604],[10.04399505,57.06924164],[10.04399192,57.06922989],[10.04428723,57.06896267],[10.0443282,57.0689476],[10.04437216,57.06894499],[10.04485669,57.06909026]]],[[[10.95601869,57.22835769],[10.95581951,57.22831308],[10.95565984,57.22827631],[10.95561239,57.22815601],[10.95596599,57.22796631],[10.95611508,57.22804737],[10.95645631,57.22822787],[10.95624621,57.22835253],[10.95606082,57.22834617]]],[[[10.91273357,57.18200703],[10.91259695,57.18219367],[10.91252021,57.18196697],[10.91261153,57.18179064],[10.91234266,57.18144808],[10.91224733,57.18129067],[10.91274957,57.18140423],[10.91277204,57.18160848],[10.91271648,57.18182031]]],[[[8.62826145,56.68469314],[8.62839972,56.68489165],[8.62844251,56.68503876],[8.6281907,56.68516459],[8.62794853,56.68517258],[8.62785087,56.68512719],[8.62781397,56.68497893],[8.62801519,56.68476976],[8.62822528,56.68468629]]],[[[10.54038853,57.22553513],[10.54048439,57.22566108],[10.54043068,57.22588258],[10.5405717,57.22606683],[10.54054717,57.22621331],[10.54040041,57.22618178],[10.54015218,57.22600863],[10.54010276,57.22587986],[10.54012362,57.22558168],[10.54038853,57.22553513]]],[[[9.68089392,57.09498033],[9.68062077,57.09501586],[9.68077216,57.09491029],[9.68087147,57.09469217],[9.68099867,57.09455439],[9.68085367,57.09436904],[9.68115465,57.09440253],[9.68134319,57.09458629],[9.68089392,57.09498033]]],[[[10.60087347,57.49225938],[10.60090379,57.49229628],[10.60079088,57.49228226],[10.60054663,57.49224062],[10.60002951,57.49225868],[10.5997997,57.49223823],[10.59968915,57.49218268],[10.60024551,57.49199018],[10.60057546,57.49201106],[10.60071693,57.49215931],[10.60087347,57.49225938]]],[[[10.97948689,57.21256109],[10.9793026,57.21259257],[10.97890884,57.21254684],[10.97868321,57.21257007],[10.97865732,57.21250103],[10.97880685,57.21233064],[10.97938105,57.21228861],[10.97956806,57.21247193]]],[[[10.92542416,57.1764225],[10.92578448,57.17650206],[10.92606943,57.17658592],[10.92604936,57.17670897],[10.92579548,57.17677064],[10.92563095,57.17675951],[10.9254322,57.17665985],[10.92517279,57.17655799],[10.92512447,57.17645279],[10.92542416,57.1764225]]],[[[10.92151499,57.22537054],[10.9217214,57.22541851],[10.92175459,57.22549608],[10.92165359,57.22559898],[10.921421,57.2257038],[10.92114774,57.22575632],[10.92093869,57.22572142],[10.92098614,57.22557945],[10.92124554,57.2254611],[10.92146852,57.22536568]]],[[[10.32377241,56.96064009],[10.32383913,56.96082877],[10.32400605,56.96106986],[10.32417626,56.96124101],[10.32430944,56.9613608],[10.32433741,56.96146769],[10.32407303,56.96138172],[10.32391258,56.96128603],[10.32374304,56.96107336],[10.32362035,56.96081348],[10.32366213,56.96063281]]],[[[10.90200017,57.35436663],[10.90186956,57.35458937],[10.90179022,57.35475553],[10.90157442,57.35500893],[10.90143478,57.35505714],[10.90142491,57.35484066],[10.90160652,57.35455282],[10.9018633,57.3543687],[10.90200017,57.35436663]]],[[[8.63501011,56.68279617],[8.63490702,56.6829742],[8.63447839,56.68287143],[8.63434113,56.68278595],[8.6342165,56.68274372],[8.63434599,56.68257079],[8.63446244,56.68264831],[8.63474222,56.68271435],[8.63501011,56.68279617]]],[[[10.27542833,56.7116237],[10.27543344,56.71169741],[10.27504589,56.71174945],[10.27463498,56.71169552],[10.2749152,56.71160963],[10.27522601,56.71151562],[10.27570957,56.71143798],[10.27582467,56.71150805],[10.2756665,56.71160392],[10.27542833,56.7116237]]],[[[11.17497458,57.27852128],[11.17466947,57.27866728],[11.17462275,57.2785643],[11.17422322,57.27848782],[11.17408217,57.27850994],[11.17399152,57.27839901],[11.1744105,57.27833829],[11.17488725,57.27841891]]],[[[8.61274603,56.70881502],[8.61247901,56.70887411],[8.61227938,56.70895569],[8.61217478,56.70889859],[8.61221234,56.70872477],[8.61232884,56.70859424],[8.61256924,56.70861313],[8.61309391,56.70880262],[8.6128954,56.70880748]]],[[[11.17121364,57.27398209],[11.17151497,57.27428501],[11.17191191,57.27478863],[11.17174685,57.27484495],[11.1716413,57.27472879],[11.17134221,57.27423857],[11.17109491,57.27399133],[11.17092217,57.27389745],[11.1708219,57.27388211],[11.17099306,57.27380825]]],[[[10.32359812,56.95913352],[10.32365902,56.95929738],[10.3237266,56.95949181],[10.32373195,56.95960118],[10.3235453,56.95960118],[10.32337287,56.95950615],[10.32327675,56.95939711],[10.32323241,56.95927368],[10.32339559,56.95914959],[10.32351257,56.95909552]]],[[[11.01116845,57.21957727],[11.01118893,57.21972215],[11.01050403,57.21953337],[11.01018861,57.21941972],[11.01022972,57.21931376],[11.01055452,57.21935636],[11.01055977,57.21948638],[11.01080547,57.21946017],[11.01088999,57.2194093]]],[[[10.61401218,57.48885644],[10.61402803,57.48904536],[10.61365394,57.48919201],[10.61341376,57.4892011],[10.61367332,57.48896185],[10.6137457,57.48884781],[10.61357242,57.48887959],[10.61373707,57.48872412],[10.61397373,57.48883196]]],[[[10.94244808,57.23810162],[10.94223376,57.23808804],[10.94197461,57.23804443],[10.94177554,57.23796151],[10.94176723,57.23783828],[10.94178064,57.23779701],[10.94203086,57.23777166],[10.94223088,57.23786947],[10.94233686,57.23798464],[10.94254054,57.23808896]]],[[[11.16809301,57.2735617],[11.16786626,57.27369725],[11.16771921,57.27360562],[11.16781487,57.27349182],[11.16839564,57.27337371],[11.16863718,57.27349516],[11.16884409,57.27349608],[11.16857175,57.27360969],[11.16815767,57.27353569]]],[[[9.62680712,57.08250385],[9.62700245,57.08255174],[9.62706149,57.08264802],[9.62694793,57.08277229],[9.62675842,57.08282436],[9.62658532,57.08280312],[9.62646289,57.08270483],[9.62646028,57.08259892],[9.62655772,57.08250698],[9.62680712,57.08250385]]],[[[8.25324892,56.70782746],[8.25292586,56.70774295],[8.25258352,56.70746176],[8.25262346,56.70730945],[8.25283998,56.70736214],[8.25282721,56.70746242],[8.25307317,56.7076292],[8.2532491,56.70770276],[8.25332633,56.70784454]]],[[[8.63015345,56.68002322],[8.6298435,56.68008968],[8.62956116,56.68006943],[8.62940959,56.67998094],[8.62952754,56.67990366],[8.6297052,56.67989476],[8.63002119,56.67992795],[8.63052198,56.67980824],[8.63039026,56.67990802]]],[[[11.17666909,57.27900943],[11.17680154,57.27908891],[11.17667888,57.27910209],[11.1764122,57.27901388],[11.1759994,57.27895732],[11.17550792,57.27909406],[11.17535513,57.27911395],[11.1755455,57.27899429],[11.1760073,57.27886912],[11.17626607,57.27882609],[11.17666909,57.27900943]]],[[[9.67250661,57.08754316],[9.67237524,57.0876513],[9.67199296,57.08771741],[9.6717982,57.08765107],[9.67178228,57.08745469],[9.67183338,57.08734257],[9.6719464,57.08745138],[9.67208067,57.08753116],[9.67238135,57.08747861]]],[[[8.50256072,56.72322744],[8.50260612,56.72335358],[8.50249373,56.72357324],[8.50227237,56.72382849],[8.50207313,56.72414133],[8.50205453,56.72427485],[8.50198019,56.72408912],[8.50216395,56.72384737],[8.5023433,56.72355584],[8.50242474,56.72329114],[8.50256072,56.72322744]]],[[[10.91924918,57.24460223],[10.91947109,57.24471987],[10.91965984,57.24486588],[10.9195985,57.24504724],[10.9194719,57.24506067],[10.91937159,57.24491332],[10.91909142,57.24476539],[10.91909425,57.24464764],[10.91924918,57.24460223]]],[[[8.87252858,56.87803502],[8.87260536,56.8781819],[8.87256493,56.87824833],[8.87230491,56.87804261],[8.87199444,56.87805254],[8.8717599,56.87807511],[8.87185903,56.87796939],[8.87228683,56.87785915],[8.87255258,56.87797396]]],[[[10.18850411,56.70354691],[10.18881186,56.70361532],[10.18882994,56.70370715],[10.18867199,56.7037277],[10.18810229,56.70366027],[10.18786183,56.70359697],[10.18791796,56.7035331],[10.18822453,56.70352263]]],[[[8.8541032,56.99039524],[8.85394427,56.99034062],[8.8537136,56.99032562],[8.85345268,56.99030169],[8.85356495,56.99008603],[8.8537884,56.9902206],[8.85387692,56.99014021],[8.85397655,56.98995562],[8.85403533,56.99020319]]],[[[11.16524725,57.26799825],[11.16530032,57.26817894],[11.16540796,57.26837666],[11.16558608,57.26861935],[11.1658727,57.26894716],[11.16595238,57.26906421],[11.16579581,57.2690077],[11.16531205,57.26837876],[11.16516524,57.26806472]]],[[[10.5984838,57.49906516],[10.59855508,57.49911519],[10.59864631,57.49930495],[10.59876369,57.49940939],[10.59870772,57.49944981],[10.59853812,57.49944495],[10.59823264,57.49934766],[10.59822691,57.49923938],[10.59841191,57.49906598]]],[[[10.92003966,57.24424961],[10.92021959,57.24427382],[10.92034225,57.24435057],[10.92040381,57.24449537],[10.92034508,57.24458665],[10.92025452,57.24462353],[10.92016159,57.24458955],[10.92006455,57.24447962],[10.9198661,57.24438282],[10.91982851,57.24428474],[10.91988706,57.24425374],[10.92003966,57.24424961]]],[[[10.29344232,56.71013953],[10.2937342,56.71018565],[10.29389769,56.7102225],[10.29383139,56.71030423],[10.29349537,56.71034294],[10.29312292,56.71028157],[10.29310857,56.71022026],[10.29330706,56.71013474]]],[[[9.7916095,57.09452767],[9.79174896,57.09463639],[9.79186303,57.09471517],[9.79196154,57.09476028],[9.79199093,57.0948387],[9.79195097,57.0948686],[9.79169166,57.094844],[9.79150902,57.09475388],[9.79139002,57.09468375],[9.79136448,57.09457737],[9.79146693,57.09452129],[9.7916095,57.09452767]]],[[[10.99208511,57.19708094],[10.99219067,57.19720605],[10.99218671,57.19744306],[10.99194755,57.19752053],[10.99193493,57.19744292],[10.99185971,57.19734635],[10.9918877,57.19723287],[10.99201342,57.19710849]]],[[[8.63166117,56.68364429],[8.6314056,56.6836889],[8.63127852,56.68354649],[8.63136063,56.68349687],[8.63151012,56.68348312],[8.6315353,56.6833788],[8.6314862,56.68334146],[8.63158905,56.68330655],[8.6317435,56.68342047]]],[[[8.84107867,56.74996676],[8.8406109,56.74998979],[8.84026744,56.75019886],[8.84037864,56.74996614],[8.84045006,56.7497039],[8.84052105,56.74969968],[8.84056716,56.74993161],[8.84105656,56.74989603],[8.84108713,56.74989751],[8.84107867,56.74996676]]],[[[10.94414126,57.23739506],[10.94394858,57.23743362],[10.94374844,57.23739647],[10.94350596,57.23731055],[10.94346011,57.23722338],[10.94366178,57.23716051],[10.94386745,57.23717035],[10.94399096,57.23732263]]],[[[10.28078702,56.71123944],[10.2804949,56.71115718],[10.28055319,56.71107428],[10.28069296,56.71107698],[10.28071282,56.71106051],[10.28076208,56.71098606],[10.28087214,56.71101341],[10.28100038,56.71108568],[10.28109755,56.71115665],[10.28085011,56.71121606]]],[[[10.27923064,56.70584407],[10.27948488,56.70584164],[10.27952177,56.7058506],[10.27951919,56.70587066],[10.27947725,56.70589122],[10.27925142,56.70596551],[10.27911132,56.70599588],[10.27883395,56.70600043],[10.2786493,56.70596468],[10.27859045,56.70593923],[10.27858896,56.70591445],[10.27876636,56.70587138],[10.27905125,56.70584303],[10.27923064,56.70584407]]],[[[8.53848783,56.69804821],[8.53830884,56.69816937],[8.5380521,56.69814578],[8.53792352,56.69809823],[8.53797689,56.69803374],[8.53814654,56.69800823],[8.53823567,56.69799706],[8.53841329,56.6979475],[8.53873479,56.69791024],[8.53875603,56.69796251],[8.53859557,56.69798411],[8.53848783,56.69804821]]],[[[10.99123073,57.21888614],[10.99141977,57.21894244],[10.99138947,57.21901031],[10.99115635,57.21922086],[10.99106575,57.21921178],[10.99100436,57.21910214],[10.9910264,57.21905318],[10.99104016,57.21891504],[10.99123073,57.21888614]]],[[[9.67362575,57.0879654],[9.67368489,57.08802374],[9.67360301,57.08814932],[9.67334135,57.08824281],[9.6732298,57.08822418],[9.67319715,57.08813425],[9.67330087,57.08802095],[9.67348172,57.08795763],[9.67362575,57.0879654]]],[[[9.29748201,57.00352194],[9.29750964,57.00356051],[9.29734121,57.00370276],[9.29723808,57.00371441],[9.29723765,57.00371424],[9.29699133,57.00361537],[9.29699069,57.00360682],[9.2969869,57.00355591],[9.29715348,57.00342849],[9.29724911,57.00342628],[9.29748201,57.00352194]]],[[[11.15923804,57.26407092],[11.15876723,57.26408521],[11.1581294,57.26401997],[11.15809073,57.26395422],[11.15832309,57.26399417],[11.15865804,57.2640019],[11.15863852,57.26392334],[11.15888073,57.26398999],[11.1590966,57.26405717]]],[[[10.54140136,57.22642672],[10.54154034,57.22649815],[10.54154873,57.22662383],[10.54145233,57.22667964],[10.54133573,57.22672366],[10.54129856,57.22669842],[10.54122538,57.22660794],[10.54109764,57.22656764],[10.54103603,57.22654791],[10.54118291,57.22646336],[10.54140136,57.22642672]]],[[[9.51612269,57.01826905],[9.51606047,57.01821199],[9.51606072,57.01802756],[9.5164013,57.01808598],[9.51669713,57.01810067],[9.51648308,57.01819956],[9.51610421,57.01823068],[9.5162378,57.01823237],[9.51630093,57.01824738],[9.51612269,57.01826905]]],[[[8.90588737,56.98181138],[8.90574373,56.98181405],[8.90557236,56.98178527],[8.90540322,56.98178173],[8.90521777,56.98179048],[8.90511516,56.98176561],[8.90517146,56.98169261],[8.90541602,56.98166747],[8.90565335,56.98170412],[8.90579991,56.9817186],[8.90594214,56.9817559],[8.90588737,56.98181138]]],[[[10.31902358,56.95244992],[10.31897698,56.9523736],[10.31894565,56.95230591],[10.31894309,56.95225671],[10.31896876,56.9522293],[10.31901476,56.95222361],[10.31909787,56.95227691],[10.31922231,56.95229015],[10.31932881,56.95232604],[10.31938861,56.95239908],[10.31941322,56.95243943],[10.31938972,56.95247697],[10.31928774,56.95247598],[10.31914775,56.95248815],[10.31902358,56.95244992]]],[[[8.90076825,56.97993885],[8.90074229,56.97998887],[8.90047177,56.98006241],[8.90036676,56.98008074],[8.90009283,56.9802],[8.89984637,56.98019954],[8.89980858,56.98018082],[8.90011038,56.98009608],[8.90038873,56.97998481],[8.90056253,56.97996465],[8.90072466,56.9799345],[8.90076825,56.97993885]]],[[[10.54114722,57.22663235],[10.54115742,57.22674974],[10.54112786,57.22688694],[10.54113365,57.22698211],[10.54095293,57.22702188],[10.5408475,57.22696441],[10.54100115,57.22685166],[10.54100519,57.22671019],[10.5409539,57.22664011],[10.54108256,57.22662299]]],[[[8.8703441,56.87934215],[8.87039205,56.87937921],[8.87040845,56.87947868],[8.87038532,56.87952384],[8.87024337,56.87962332],[8.8700963,56.87963682],[8.8700451,56.87959068],[8.87005177,56.87951298],[8.87027318,56.87935384],[8.8703441,56.87934215]]],[[[11.17595796,57.27842671],[11.17636134,57.27866944],[11.17620273,57.2786384],[11.17582252,57.27844523],[11.17557738,57.27840149],[11.1754862,57.2784054],[11.17556777,57.2783623],[11.17560995,57.27831241],[11.17560238,57.2782713],[11.17585092,57.27837276]]],[[[10.95497444,57.21718946],[10.95527638,57.21728675],[10.95534499,57.21744095],[10.95534951,57.21753585],[10.95531573,57.21757025],[10.9552407,57.2174857],[10.95514177,57.21743773],[10.95506163,57.2173254],[10.95494289,57.21723803],[10.95490378,57.21718751]]],[[[9.24002864,56.96525267],[9.24004223,56.96526837],[9.24036403,56.96569411],[9.24037469,56.96571466],[9.2403748,56.96573173],[9.24035463,56.96574093],[9.240316,56.96574415],[9.2402656,56.96573293],[9.23991387,56.96530688],[9.23991302,56.9652776],[9.23993048,56.96525511],[9.23995918,56.96524256],[9.24000962,56.965236],[9.24002864,56.96525267]]],[[[9.26618384,56.99121354],[9.26594833,56.99121404],[9.26599715,56.99118232],[9.26631684,56.99117068],[9.26684548,56.99115015],[9.26738473,56.99116391],[9.26713893,56.99119714],[9.26672562,56.9912123],[9.26653796,56.99120668],[9.26618384,56.99121354]]],[[[9.24052106,56.96591912],[9.24057126,56.96596336],[9.2408485,56.96630056],[9.24090474,56.96637528],[9.24086245,56.96639773],[9.2408064,56.96640233],[9.24076809,56.96637878],[9.24063312,56.96620889],[9.24044734,56.96596364],[9.24046094,56.96593091],[9.24049204,56.96592329],[9.24052106,56.96591912]]],[[[8.90163956,56.97901145],[8.90150422,56.97904934],[8.90108027,56.97904281],[8.90088621,56.97901166],[8.90090077,56.97898113],[8.90103194,56.97896596],[8.90107484,56.97891839],[8.90118534,56.97893869],[8.90137269,56.978955],[8.90148271,56.97897162]]],[[[10.92430605,57.17628402],[10.92417214,57.17626676],[10.92405508,57.17628706],[10.92391748,57.17622735],[10.92392116,57.17615505],[10.9241021,57.17608408],[10.92419758,57.17612916],[10.92427146,57.17618823],[10.92435963,57.17623585]]],[[[10.25899023,56.71245853],[10.25880785,56.71245192],[10.25870272,56.71236637],[10.25886389,56.7122908],[10.25901124,56.71233432],[10.25917819,56.7123436],[10.25921349,56.71241242],[10.25910087,56.7124256],[10.25899023,56.71245853]]],[[[10.32944269,56.96830295],[10.32944785,56.96839697],[10.32948674,56.96846358],[10.32955816,56.96852454],[10.32962734,56.96857789],[10.32948418,56.96859046],[10.32942793,56.96857211],[10.32934173,56.968521],[10.32931094,56.96847407],[10.32929621,56.9684161],[10.32929154,56.96836368],[10.32930867,56.96829027],[10.32933405,56.96824095],[10.32937285,56.96818501],[10.32944269,56.96830295]]],[[[10.28462817,56.70742503],[10.28452113,56.70749576],[10.28438817,56.70752481],[10.2843051,56.70752692],[10.28417874,56.7075196],[10.28406776,56.70749864],[10.28404325,56.70747913],[10.28406292,56.70745727],[10.28424385,56.70739763],[10.28432713,56.70738716],[10.2846378,56.7074057],[10.28462817,56.70742503]]],[[[11.01216913,57.21332443],[11.01239442,57.21334993],[11.01235573,57.21342396],[11.01206676,57.21343336],[11.01193718,57.21338332],[11.01179746,57.21334171],[11.01180994,57.21330009],[11.01202932,57.2133114]]],[[[8.54129011,56.69786442],[8.54141424,56.69788931],[8.54146279,56.6979663],[8.54142419,56.69803812],[8.54119693,56.69810098],[8.54112401,56.69806819],[8.54112007,56.69798975],[8.54119514,56.6979531],[8.54127468,56.69793803],[8.54125054,56.69786867],[8.54129011,56.69786442]]],[[[8.83134179,56.96899985],[8.83173937,56.96910082],[8.83173545,56.96913082],[8.83169656,56.96914613],[8.83155271,56.96916812],[8.83148526,56.96917118],[8.83134005,56.96909211],[8.83116543,56.96897023],[8.83134179,56.96899985]]],[[[10.2829012,56.70567281],[10.28291132,56.70569167],[10.28290503,56.70571797],[10.28287806,56.70574628],[10.28278162,56.70579219],[10.28271652,56.70580401],[10.28257523,56.70580896],[10.28244528,56.7057776],[10.28242152,56.70575134],[10.28243952,56.70572815],[10.28253403,56.70569259],[10.28263124,56.70567415],[10.28274356,56.70566761],[10.28286615,56.70566518],[10.2829012,56.70567281]]],[[[11.17030243,57.27296168],[11.1704316,57.27321456],[11.17064199,57.27341274],[11.17071785,57.27346436],[11.17061584,57.27346163],[11.17040487,57.27328187],[11.17031358,57.27308073],[11.17020867,57.27298657],[11.17022026,57.27294378]]],[[[10.26291493,56.71237568],[10.26297441,56.71241488],[10.26296976,56.71244701],[10.26290222,56.71249854],[10.26286351,56.71253775],[10.26276772,56.71257035],[10.26269105,56.71258343],[10.26261541,56.71255913],[10.26256806,56.71252601],[10.26262751,56.71247662],[10.26280865,56.71236814],[10.26291493,56.71237568]]],[[[8.63695043,56.68751252],[8.63703353,56.687562],[8.63698446,56.68762295],[8.63691249,56.68765463],[8.63679681,56.68768187],[8.63667105,56.68768806],[8.63662976,56.68765201],[8.63667994,56.68757804],[8.63675355,56.68754555],[8.63688307,56.68750523]]],[[[10.97561098,57.21583271],[10.97573656,57.21596973],[10.97563872,57.21597055],[10.97541857,57.21587976],[10.97544165,57.21584049],[10.97534594,57.21582223],[10.97536952,57.21569328],[10.97555473,57.21574086],[10.97561098,57.21583271]]],[[[10.92243254,57.17750185],[10.92258404,57.17760304],[10.92272532,57.17765066],[10.92269356,57.17769203],[10.92264162,57.17771771],[10.92250544,57.17771099],[10.92238192,57.17763579],[10.9223149,57.17754301],[10.92243254,57.17750185]]],[[[10.92515198,57.17712474],[10.92524679,57.17715698],[10.92532018,57.17720644],[10.92532115,57.17725378],[10.92523838,57.17728147],[10.92516342,57.17728747],[10.92506417,57.17725287],[10.92496849,57.17723268],[10.92491504,57.17719738],[10.92490535,57.17715422],[10.92500861,57.17712299]]],[[[10.60026278,57.49538197],[10.60037143,57.49544357],[10.60045291,57.49552474],[10.60045275,57.49556293],[10.60042953,57.49558155],[10.6003975,57.49558178],[10.6003396,57.49557802],[10.60014315,57.49549669],[10.60007686,57.49545378],[10.60006334,57.49541559],[10.60008546,57.49539868],[10.60013947,57.49538201],[10.60026278,57.49538197]]],[[[11.16978543,57.27393811],[11.16981805,57.27395956],[11.16998635,57.27398936],[11.17018711,57.27402669],[11.17012105,57.27408794],[11.16999326,57.27413499],[11.16989789,57.27411831],[11.16975986,57.27396865],[11.16977007,57.27393073]]],[[[10.97174397,57.21568862],[10.97164163,57.21571674],[10.9713984,57.21575209],[10.97127605,57.21574036],[10.9714702,57.21566668],[10.97163746,57.21566037],[10.97187274,57.21560331],[10.97191244,57.2156397],[10.97174397,57.21568862]]],[[[10.27671812,56.71143053],[10.27676271,56.7114785],[10.27675979,56.71149847],[10.27675633,56.7115216],[10.27670435,56.71154963],[10.27662951,56.71156378],[10.27653366,56.71156009],[10.27646038,56.71152373],[10.27643611,56.71150179],[10.27642668,56.71149335],[10.27649252,56.71146455],[10.27656383,56.71141405],[10.27662693,56.71140559],[10.27671812,56.71143053]]],[[[9.60684201,56.98392178],[9.60685994,56.98394155],[9.60684247,56.9839702],[9.6067898,56.98398959],[9.60666923,56.98401237],[9.60642381,56.9840485],[9.60630194,56.98404164],[9.60631416,56.98402397],[9.60638288,56.98400046],[9.60656411,56.98395376],[9.60679994,56.98391507]]],[[[10.27642482,56.71163147],[10.27640389,56.71165495],[10.27633422,56.71168172],[10.27622244,56.71169041],[10.27609632,56.71169063],[10.27603964,56.71165707],[10.2760857,56.71161796],[10.27616617,56.71158704],[10.2762295,56.7115659],[10.27629753,56.71158264],[10.2763722,56.71160685],[10.27637916,56.71158099],[10.27645577,56.71158551],[10.27648006,56.71161293],[10.27642482,56.71163147]]],[[[8.82994209,56.96812942],[8.83004973,56.96818635],[8.83016935,56.96832081],[8.83013451,56.96835086],[8.83004553,56.9683493],[8.82998742,56.96828769],[8.82986727,56.96816274],[8.82991463,56.96812804]]],[[[10.9181003,57.24399064],[10.91822159,57.24399948],[10.91833271,57.24400739],[10.9183807,57.24402823],[10.91837095,57.24407662],[10.91833495,57.24409838],[10.91815044,57.24409122],[10.91802944,57.24405911],[10.91799452,57.24402487],[10.91802226,57.24399111],[10.9181003,57.24399064]]],[[[10.89741585,57.27525709],[10.89740894,57.27529997],[10.89744039,57.27539869],[10.89743025,57.2754789],[10.89735282,57.27551493],[10.89730927,57.27545521],[10.89728476,57.27528522],[10.89735404,57.27525821]]],[[[10.95820346,57.20961662],[10.9580654,57.20965803],[10.95798487,57.20974447],[10.95784163,57.20979136],[10.95775966,57.20977862],[10.95786475,57.20970888],[10.95807223,57.20959009],[10.95822902,57.2095739]]],[[[11.00304211,57.21744041],[11.00300662,57.21743657],[11.0029717,57.21739732],[11.00307338,57.21733891],[11.00324349,57.21732703],[11.00328788,57.21732713],[11.00333896,57.21734366],[11.00336648,57.21736865],[11.00330844,57.21740399],[11.00324032,57.21742134],[11.00315263,57.21742912],[11.00304211,57.21744041]]],[[[10.26934924,56.84995605],[10.26939546,56.84997481],[10.26938008,56.85000973],[10.26938705,56.85004614],[10.26940351,56.85010123],[10.26939133,56.85010953],[10.26933617,56.85011737],[10.26921856,56.85011137],[10.26919931,56.8500998],[10.26918077,56.85001697],[10.26921002,56.84995585],[10.26923695,56.84994246],[10.26926872,56.84994133],[10.26934924,56.84995605]]],[[[8.5432411,56.69707488],[8.54328247,56.69712381],[8.5432507,56.69715874],[8.54313507,56.69718697],[8.54303839,56.69720135],[8.54294504,56.6971967],[8.54292804,56.69715845],[8.54299772,56.69713463],[8.54310835,56.69708742],[8.5432411,56.69707488]]],[[[11.16071953,57.26323637],[11.16064876,57.2632712],[11.16069558,57.26322106],[11.16095399,57.2631113],[11.16104643,57.26306433],[11.16110103,57.26299438],[11.16114764,57.26298595],[11.16118049,57.26302303],[11.16119624,57.26309366],[11.16109551,57.26314068],[11.16093731,57.26313801],[11.16071953,57.26323637]]],[[[10.89993823,57.27748549],[10.89998025,57.27750894],[10.9000223,57.27754586],[10.90011669,57.27757157],[10.90013598,57.27762402],[10.90005881,57.27763642],[10.89997886,57.27760114],[10.89984286,57.27756942],[10.89979965,57.2775229],[10.89982617,57.27749015],[10.89993823,57.27748549]]],[[[10.29567236,56.96687133],[10.29577825,56.96698883],[10.2957542,56.96706356],[10.29569096,56.96706143],[10.29564934,56.96701371],[10.29560261,56.96699919],[10.29557818,56.96696817],[10.29557804,56.96691669],[10.29559213,56.96687261],[10.29567236,56.96687133]]],[[[10.32436035,56.96154867],[10.32437662,56.96157158],[10.32433712,56.96160785],[10.32432547,56.96163627],[10.32432165,56.96165383],[10.32430957,56.96168891],[10.32424975,56.96170877],[10.32419563,56.96169919],[10.32414154,56.96165781],[10.3241129,56.96161085],[10.32413652,56.96158122],[10.32422639,56.96156015],[10.32430033,56.96154894],[10.32436035,56.96154867]]],[[[10.97104292,57.21523212],[10.97112618,57.2152903],[10.97113282,57.21531544],[10.97101035,57.21534791],[10.97085323,57.21538614],[10.97082143,57.21535807],[10.97092809,57.21527445],[10.9709959,57.21523223]]],[[[10.31906907,56.9526763],[10.3191314,56.95270008],[10.31918749,56.95271935],[10.31919411,56.95279502],[10.3191652,56.95283782],[10.31911123,56.95284126],[10.31902859,56.95280117],[10.31899174,56.95273561],[10.318987,56.95267115],[10.31904068,56.9526501],[10.31906907,56.9526763]]],[[[10.60039195,57.49592765],[10.60047326,57.4959896],[10.60053462,57.4960801],[10.60044969,57.49609555],[10.6003277,57.4960609],[10.60030177,57.49603274],[10.60028846,57.49599554],[10.60033623,57.49592791],[10.60039195,57.49592765]]],[[[11.1612726,57.26374884],[11.16124299,57.26377856],[11.16120937,57.26378498],[11.16117663,57.26377521],[11.16116728,57.26374311],[11.16115889,57.26361404],[11.16115798,57.26357011],[11.16118702,57.26357321],[11.16120942,57.26358765],[11.16122267,57.26358742],[11.16129584,57.26355112],[11.16130012,57.26359597],[11.1612726,57.26374884]]],[[[8.86925921,56.87999197],[8.86928225,56.88001787],[8.86927772,56.88004859],[8.86925585,56.88006204],[8.86916471,56.88008045],[8.86909533,56.88012],[8.86904306,56.88014483],[8.86901629,56.8801519],[8.86897121,56.88013954],[8.86896309,56.88011636],[8.86910159,56.88001795],[8.86916305,56.87999421],[8.86920836,56.87998599],[8.86925921,56.87999197]]],[[[10.27420476,56.71181897],[10.27419805,56.71182362],[10.27414798,56.71185998],[10.27410675,56.71187729],[10.27407789,56.71187894],[10.27397315,56.71189286],[10.27392636,56.71186683],[10.27396185,56.71183403],[10.27404878,56.71179595],[10.27413155,56.71177497],[10.2742027,56.71175807],[10.27422879,56.71175188],[10.27429848,56.71174487],[10.27426668,56.71177566],[10.27420476,56.71181897]]],[[[10.33360079,56.97299039],[10.33347737,56.97284211],[10.33362129,56.97281839],[10.33372744,56.97297116],[10.33360079,56.97299039]]],[[[10.328768,56.96763475],[10.32882621,56.9676849],[10.32886422,56.96771316],[10.32882023,56.96776196],[10.3287297,56.96772788],[10.3286594,56.96768002],[10.32861898,56.96763966],[10.32861228,56.96759921],[10.3286562,56.9675761],[10.328768,56.96763475]]],[[[9.2038374,56.70696555],[9.2038546,56.70697406],[9.20396324,56.70706848],[9.20407277,56.70717692],[9.20415427,56.70726654],[9.20413211,56.7072778],[9.20411331,56.70727469],[9.20409611,56.70726528],[9.20397263,56.70714375],[9.20378913,56.70697866],[9.20379235,56.70696967],[9.20381355,56.70696514],[9.2038374,56.70696555]]],[[[8.83054068,56.96873025],[8.83069778,56.96879838],[8.83076281,56.96885785],[8.83071801,56.96886982],[8.83065454,56.96886686],[8.830557,56.96883124],[8.83050443,56.96878239],[8.83049317,56.96872506],[8.83054068,56.96873025]]],[[[10.31926374,56.95209457],[10.31929408,56.95212947],[10.31932491,56.95218296],[10.31933351,56.95223103],[10.31921912,56.95220905],[10.31913663,56.95217794],[10.31912195,56.95212544],[10.31918541,56.9520741],[10.31926374,56.95209457]]],[[[9.23946078,56.96459059],[9.2395345,56.96467265],[9.2395836,56.9647385],[9.23957509,56.96477157],[9.23952707,56.96477059],[9.23944646,56.96469106],[9.23940059,56.96461622],[9.23941385,56.9645808],[9.23946078,56.96459059]]],[[[9.79227616,57.09423679],[9.79235915,57.09424336],[9.7924474,57.09427972],[9.7925489,57.09432643],[9.79252622,57.09436187],[9.79248165,57.09436898],[9.79243385,57.09434871],[9.79238724,57.09429897],[9.79225566,57.0942662],[9.79219491,57.09424215],[9.79227616,57.09423679]]],[[[8.91005297,56.98116484],[8.91003639,56.98115162],[8.91005189,56.9811352],[8.91010951,56.98112293],[8.91020808,56.98111536],[8.91033673,56.98112354],[8.91038752,56.98114424],[8.91039209,56.98115889],[8.91037018,56.98116875],[8.91030668,56.98116493],[8.91019002,56.98116997],[8.91005297,56.98116484]]],[[[8.86973525,56.87974919],[8.86976254,56.87978165],[8.86977079,56.87981463],[8.86975877,56.87982773],[8.86972477,56.87983731],[8.86964046,56.8798295],[8.86957415,56.87978622],[8.86956929,56.87976842],[8.86959002,56.8797521],[8.86968689,56.87973504],[8.86973525,56.87974919]]],[[[11.16990987,57.27228365],[11.1699151,57.27231627],[11.16992701,57.2723636],[11.16997859,57.27243666],[11.17003048,57.27247845],[11.1699643,57.27251814],[11.16992237,57.27248211],[11.16988165,57.27237921],[11.16989407,57.27228303]]],[[[11.00512432,57.21773631],[11.0051015,57.21777666],[11.0050157,57.2177889],[11.00491999,57.21773742],[11.00497231,57.21768519],[11.00506779,57.21767441],[11.00504704,57.21770412],[11.00498558,57.21772819],[11.00506506,57.21773699],[11.00512432,57.21773631]]],[[[8.594397,57.12275893],[8.5944424,57.12277588],[8.5944544,57.12279649],[8.59444691,57.12281722],[8.59441466,57.12283625],[8.59437659,57.12284349],[8.59432828,57.12283624],[8.5943035,57.12282187],[8.59429289,57.12279507],[8.59430848,57.12277356],[8.59435043,57.12275842],[8.594397,57.12275893]]],[[[11.16103025,57.26338262],[11.16104814,57.26339085],[11.1610764,57.26339485],[11.16111787,57.26339504],[11.16114066,57.26340184],[11.16116278,57.26342563],[11.16116572,57.26345029],[11.16115821,57.26347504],[11.16114166,57.2634897],[11.16111753,57.26348832],[11.16108194,57.26346107],[11.16103116,57.26342654],[11.16100595,57.26339247],[11.16101144,57.26337306],[11.16103025,57.26338262]]],[[[8.5397381,56.69768108],[8.53974921,56.69770744],[8.53976074,56.69773974],[8.53975303,56.69775552],[8.53969757,56.69776376],[8.53966739,56.69774856],[8.5396327,56.69771429],[8.53962816,56.69769801],[8.5397078,56.69767495],[8.5397381,56.69768108]]],[[[10.99531495,57.19972249],[10.99531668,57.19974537],[10.9952885,57.19976918],[10.9952274,57.19981508],[10.99521154,57.1998218],[10.99520237,57.19981126],[10.99520635,57.19977462],[10.99522928,57.19973328],[10.99528263,57.19971563],[10.99531495,57.19972249]]]]}},{"type":"Feature","properties":{"region":"Midtjylland","name":"Region Midtjylland"},"geometry":{"type":"MultiPolygon","coordinates":[[[[9.06694952,56.80269],[9.02590739,56.80027641],[9.03272714,56.78434197],[8.96470215,56.80171897],[8.86290325,56.76404646],[8.82489885,56.70707222],[8.88474974,56.71664468],[8.91783963,56.6982685],[8.81466006,56.69465149],[8.73196718,56.62562065],[8.67820345,56.62349664],[8.76207841,56.55420515],[8.7349066,56.53113826],[8.73623508,56.48135392],[8.66659253,56.46766923],[8.62617861,56.47285167],[8.61120174,56.4994819],[8.52396207,56.48395408],[8.61399316,56.51726152],[8.57289651,56.54476167],[8.56670414,56.58019577],[8.52070095,56.54229648],[8.38597032,56.5789291],[8.31495667,56.57387065],[8.30296864,56.55022434],[8.28456223,56.57812459],[8.30096737,56.59532102],[8.1862537,56.63276171],[8.22525896,56.65286543],[8.22354858,56.70612527],[8.20274298,56.70192635],[8.11784079,56.53813127],[8.11407927,56.372672],[8.13580483,56.38700817],[8.12456671,56.43318958],[8.16356487,56.43410528],[8.18891406,56.37804963],[8.30248133,56.319315],[8.24645251,56.28874037],[8.23716797,56.32030106],[8.13177405,56.3280927],[8.13971118,56.36364721],[8.1138419,56.37146562],[8.13057346,56.23104855],[8.09868942,56.06812392],[8.10840744,55.99839126],[8.14395258,56.00757498],[8.12401636,56.03728364],[8.14912303,56.10170209],[8.12811548,56.11812235],[8.22785003,56.09405256],[8.30397134,56.05717222],[8.31363166,55.99456291],[8.37154854,55.95421039],[8.36152433,55.91099741],[8.38356883,55.90602108],[8.26799709,55.84212759],[8.27736068,55.88047409],[8.20915642,55.8970171],[8.17968484,55.83199951],[8.27065359,55.79765833],[8.35827659,55.81771707],[8.4639719,55.77341462],[8.51115551,55.78533759],[8.56418499,55.84924947],[8.68822755,55.84198987],[8.74451553,55.80642477],[8.80474249,55.81478807],[8.82432883,55.82052547],[8.79523514,55.83792492],[8.88872656,55.89512995],[8.96162078,55.88614403],[8.95985045,55.84178291],[9.00961156,55.83069103],[9.14655016,55.88471036],[9.22979736,55.95554926],[9.38693569,55.92470881],[9.45941135,55.8643447],[9.44708635,55.83744255],[9.50156123,55.82840296],[9.53984706,55.7735627],[9.67622722,55.75233656],[9.67282907,55.71254009],[9.74749674,55.68058674],[9.8184117,55.66892351],[10.02937093,55.69675351],[10.00259233,55.72913791],[10.08157735,55.74780282],[10.0162349,55.76871569],[10.06399081,55.80670649],[10.053888,55.82203471],[10.01381722,55.81741362],[10.0230986,55.84296917],[9.99666514,55.82567696],[9.85995678,55.8569472],[10.11034075,55.88298216],[10.11353045,55.86411803],[10.06551503,55.86877328],[10.03657382,55.84325364],[10.13296366,55.88085902],[10.19310655,55.83720231],[10.19262487,55.88573013],[10.26087323,55.91208793],[10.25283225,55.98028262],[10.27904523,56.01855561],[10.21439834,56.00935076],[10.27105963,56.04001297],[10.21022897,56.13457859],[10.25508587,56.15048331],[10.21640023,56.14753115],[10.2373209,56.18278462],[10.33815,56.23551198],[10.38131451,56.28822961],[10.45063011,56.29382633],[10.50847886,56.26360388],[10.44688802,56.22733939],[10.47727352,56.20441378],[10.41613127,56.21952131],[10.34697392,56.19250246],[10.39761015,56.16191862],[10.44147342,56.17977977],[10.52818516,56.16822951],[10.48475252,56.1430613],[10.51209116,56.09479004],[10.55729571,56.11387381],[10.54387737,56.18217583],[10.58549131,56.21935359],[10.65665353,56.22543435],[10.67625472,56.20152345],[10.64321232,56.17164964],[10.71412153,56.14190707],[10.74226923,56.22358597],[10.91470422,56.34493345],[10.92894808,56.42595883],[10.95612217,56.43768571],[10.84232176,56.52748413],[10.49041305,56.51546837],[10.40663186,56.53255773],[10.30177597,56.60713278],[10.23194039,56.544666],[10.23827656,56.50139506],[10.21801962,56.48094274],[10.29437013,56.46918432],[10.04112388,56.45652219],[10.21225616,56.47563742],[10.21555813,56.54272723],[10.24261461,56.58040754],[10.35850045,56.63767265],[10.33878317,56.70137638],[10.19446666,56.68434924],[10.11423411,56.62432709],[9.8322428,56.55066967],[9.75176093,56.55529134],[9.70139283,56.58915409],[9.64278199,56.58018467],[9.66936966,56.62843522],[9.56972938,56.63377978],[9.53010865,56.65260889],[9.52565542,56.68093081],[9.47717477,56.67463208],[9.44931795,56.63721999],[9.31992199,56.67147309],[9.28828961,56.56043043],[9.37569021,56.56628405],[9.37023714,56.53570107],[9.30325627,56.52040946],[9.24596617,56.57315756],[9.29558717,56.6094426],[9.2845283,56.62231015],[9.16592837,56.62294469],[9.14953253,56.66307704],[9.10414925,56.62040724],[9.15186124,56.6101556],[9.09704704,56.60365448],[9.0943273,56.57070293],[9.06144718,56.55585354],[9.04277719,56.59278496],[9.0548643,56.62758741],[9.18327302,56.70531274],[9.13084528,56.74102773],[9.11264729,56.78677826],[9.06694952,56.80269]],[[10.77694478,56.3299965],[10.77694502,56.32999645],[10.77694526,56.3299964],[10.7769451,56.3299964],[10.77694478,56.3299965]],[[10.20260115,56.38999904],[10.2026016,56.38999917],[10.20260196,56.38999923],[10.20260152,56.38999913],[10.20260115,56.38999904]],[[10.70275528,56.3345223],[10.70275573,56.33452223],[10.70276013,56.3345215],[10.70275576,56.33452221],[10.70275528,56.3345223]],[[10.37979523,56.39159244],[10.37982199,56.39159789],[10.3797953,56.39159244],[10.37978445,56.39159022],[10.37979523,56.39159244]],[[10.20570629,56.36275027],[10.20572801,56.36274108],[10.20575181,56.36273096],[10.20572805,56.36274104],[10.20570629,56.36275027]],[[10.7757324,56.33060805],[10.7757327,56.33060799],[10.77576957,56.33060041],[10.77573272,56.33060795],[10.7757324,56.33060805]],[[10.17138441,56.32671424],[10.17144667,56.3267088],[10.17149247,56.32670477],[10.1714466,56.32670879],[10.17138441,56.32671424]],[[10.17027807,56.32679289],[10.17033395,56.32679578],[10.17027803,56.32679286],[10.17025944,56.3267919],[10.17027807,56.32679289]],[[10.59918507,56.42717979],[10.59919194,56.42718191],[10.59918504,56.42717975],[10.59913208,56.42716344],[10.59918507,56.42717979]],[[10.1623277,56.33371263],[10.16232868,56.33370768],[10.16233523,56.33367285],[10.16232863,56.33370769],[10.1623277,56.33371263]],[[10.40895717,56.40352603],[10.40895764,56.40352596],[10.40903936,56.40351377],[10.40895765,56.40352593],[10.40895717,56.40352603]],[[10.20446727,56.36386273],[10.20447153,56.36386253],[10.20457605,56.36385754],[10.20447147,56.36386251],[10.20446727,56.36386273]],[[10.16904372,56.32660637],[10.16908663,56.32660583],[10.16910005,56.32660562],[10.16908663,56.3266058],[10.16904372,56.32660637]],[[10.16297194,56.34593252],[10.16297965,56.34592535],[10.1630097,56.34589712],[10.16297961,56.34592533],[10.16297194,56.34593252]],[[10.40425462,56.40394095],[10.40427319,56.40394764],[10.40429032,56.40395383],[10.40427323,56.40394764],[10.40425468,56.40394093],[10.4042261,56.40393065],[10.40425462,56.40394095]],[[10.20531181,56.36353343],[10.20532977,56.3635298],[10.20531175,56.36353339],[10.20527267,56.36354132],[10.20531181,56.36353343]],[[10.20656975,56.3612368],[10.20657949,56.36125086],[10.20656982,56.36123676],[10.20655947,56.36122195],[10.20656975,56.3612368]],[[10.18514665,56.35610815],[10.18515727,56.35611945],[10.18514673,56.35610814],[10.18512748,56.35608774],[10.18514665,56.35610815]],[[10.22221405,56.35938313],[10.22223402,56.35940379],[10.2222141,56.35938314],[10.22216941,56.35933695],[10.22221405,56.35938313]],[[10.20260348,56.3899996],[10.20260209,56.38999926],[10.2026034,56.3899996],[10.20275015,56.39003511],[10.20260348,56.3899996]],[[10.78763721,56.32751095],[10.78772312,56.3275036],[10.78780101,56.32749695],[10.78772305,56.32750359],[10.78763721,56.32751095]],[[10.4117634,56.40354106],[10.41181168,56.40356087],[10.41176347,56.40354102],[10.4117633,56.40354102],[10.4117634,56.40354106]],[[10.2143978,56.35925075],[10.21439785,56.35925074],[10.21439058,56.35918579],[10.2143978,56.35925075]],[[10.3982772,56.4041038],[10.39837954,56.40409036],[10.39851444,56.40407264],[10.39837961,56.40409033],[10.3982772,56.4041038]],[[10.7701106,56.33222683],[10.77020698,56.33221479],[10.77020725,56.33221476],[10.77020693,56.33221476],[10.7701106,56.33222683]],[[10.20016214,56.36474418],[10.20019843,56.36475961],[10.20016217,56.36474415],[10.20011148,56.36472263],[10.20016214,56.36474418]],[[10.19896173,56.36511221],[10.19899935,56.36509176],[10.1990055,56.36508842],[10.19899929,56.36509172],[10.19896173,56.36511221]],[[10.16996771,56.32677641],[10.16997321,56.32677654],[10.16996766,56.32677637],[10.16987011,56.32677347],[10.16996771,56.32677641]],[[10.37951475,56.39210152],[10.37956039,56.39210042],[10.3796185,56.39209902],[10.37956039,56.39210039],[10.37951475,56.39210152]],[[10.38912071,56.40390416],[10.38914498,56.40391044],[10.38912077,56.40390415],[10.38898254,56.40386841],[10.38912071,56.40390416]],[[10.2010469,56.36446791],[10.20113152,56.3644621],[10.20114592,56.36446111],[10.20113155,56.36446206],[10.2010469,56.36446791]],[[10.78619196,56.32898745],[10.78629583,56.32898114],[10.78629663,56.32898109],[10.78629582,56.3289811],[10.78619196,56.32898745]],[[10.20400299,56.36408534],[10.20406383,56.3641079],[10.20400307,56.36408531],[10.20399701,56.36408312],[10.20400299,56.36408534]],[[10.39084138,56.40405819],[10.39092254,56.40406119],[10.39094588,56.40406205],[10.39092252,56.40406115],[10.39084138,56.40405819]],[[10.1695465,56.32665163],[10.1695938,56.32666484],[10.16954656,56.32665161],[10.16947962,56.32663285],[10.1695465,56.32665163]],[[10.2675053,56.39835839],[10.26750582,56.39835793],[10.26764708,56.39823196],[10.26750577,56.39835794],[10.2675053,56.39835839]],[[10.79975581,56.32452351],[10.79991454,56.32444629],[10.79998428,56.32441236],[10.79991455,56.32444626],[10.79975581,56.32452351]],[[10.28334723,56.39152854],[10.28350784,56.3915008],[10.28334726,56.39152852],[10.28320182,56.39155366],[10.28334723,56.39152854]],[[10.27138097,56.39544768],[10.27143367,56.39542268],[10.2716486,56.39532076],[10.2714336,56.3954227],[10.27138097,56.39544768]],[[10.37244188,56.3942478],[10.37247842,56.39423846],[10.37264181,56.39419665],[10.37247848,56.39423841],[10.37244188,56.3942478]],[[10.18928054,56.326375],[10.18936557,56.32637392],[10.18945819,56.32637267],[10.18936557,56.32637388],[10.18928054,56.326375]],[[10.17612225,56.3262554],[10.17624139,56.32623828],[10.1763227,56.32622655],[10.17624134,56.32623826],[10.17612225,56.3262554]],[[10.209834,56.35996912],[10.20988213,56.35993301],[10.20991115,56.35991123],[10.20988206,56.35993298],[10.209834,56.35996912]],[[10.38500999,56.40152084],[10.38508259,56.40147213],[10.38513179,56.40143906],[10.38508256,56.40147211],[10.38500999,56.40152084]],[[10.28623846,56.39068927],[10.28623923,56.39068647],[10.28627121,56.39056987],[10.28623918,56.39068647],[10.28623846,56.39068927]],[[10.2287844,56.37633733],[10.22882433,56.37635041],[10.22912644,56.37644922],[10.22882427,56.37635037],[10.2287844,56.37633733]],[[10.74266321,56.33150718],[10.74267138,56.33151177],[10.74272172,56.33154005],[10.74267142,56.33151174],[10.74266329,56.33150718],[10.74260734,56.33147579],[10.74266321,56.33150718]],[[10.20143163,56.39004532],[10.20146234,56.39004544],[10.20157703,56.39004567],[10.20146234,56.39004539],[10.20143163,56.39004532]],[[10.20723513,56.36112561],[10.20736889,56.36108651],[10.20743738,56.36106649],[10.20736889,56.36108648],[10.20723513,56.36112561]],[[10.3160758,56.39214455],[10.31608098,56.39214472],[10.31607579,56.39214451],[10.31591814,56.39213926],[10.3160758,56.39214455]],[[10.22607653,56.37777723],[10.22616311,56.37786111],[10.2260766,56.37777723],[10.22605614,56.3777574],[10.22607653,56.37777723]],[[10.26618613,56.39915008],[10.26620172,56.3991952],[10.26618621,56.39915004],[10.26617213,56.39910907],[10.26618613,56.39915008]],[[10.22985185,56.37624735],[10.22985633,56.37625032],[10.22985186,56.37624731],[10.22968126,56.37613417],[10.22985185,56.37624735]],[[10.20938766,56.3858718],[10.20939549,56.38586328],[10.20949269,56.38575639],[10.20939543,56.38586326],[10.20938766,56.3858718]],[[10.20683779,56.3613563],[10.20687649,56.36135768],[10.20683776,56.36135626],[10.20665286,56.36134971],[10.20683779,56.3613563]],[[10.20627656,56.36141752],[10.20627703,56.3614153],[10.206307,56.36127436],[10.20627697,56.36141527],[10.20627656,56.36141752]],[[10.78798502,56.32748516],[10.787956,56.32748369],[10.787985,56.3274852],[10.78821087,56.32749691],[10.78798502,56.32748516]],[[10.60549114,56.42429065],[10.60564083,56.42429058],[10.60549117,56.42429063],[10.60512992,56.42429082],[10.60549114,56.42429065]],[[10.57349188,56.43591468],[10.57360408,56.43605891],[10.57349193,56.43591466],[10.57349188,56.43591459],[10.57349188,56.43591468]],[[10.70695775,56.33336162],[10.70690267,56.33336688],[10.70695782,56.33336166],[10.70698272,56.3333593],[10.70695775,56.33336162]],[[10.70698272,56.3333593],[10.70700134,56.33334729],[10.70710521,56.33328025],[10.70700127,56.33334728],[10.70698272,56.3333593]],[[10.22511661,56.37826285],[10.22522133,56.37821554],[10.22549029,56.37809392],[10.22522135,56.3782155],[10.22511661,56.37826285]],[[10.21651575,56.38180485],[10.21660656,56.38179317],[10.21672962,56.38177723],[10.21660648,56.38179313],[10.21651575,56.38180485]],[[10.57367478,56.43853913],[10.57367533,56.43853594],[10.57375227,56.43809066],[10.57367529,56.43853598],[10.57367478,56.43853913]],[[10.40154211,56.40363286],[10.40154694,56.40363239],[10.40197339,56.40359043],[10.40154695,56.40363236],[10.40154211,56.40363286]],[[10.79558296,56.32596048],[10.79541989,56.32598028],[10.79558302,56.3259605],[10.79566708,56.32595031],[10.7956944,56.325947],[10.79566706,56.32595028],[10.79558296,56.32596048]],[[10.21432658,56.38254655],[10.21462784,56.38243003],[10.21515515,56.38222602],[10.21462792,56.38242999],[10.21432658,56.38254655]],[[10.20602125,56.38988829],[10.2058644,56.38996946],[10.20602123,56.38988833],[10.20605709,56.38986974],[10.20602125,56.38988829]],[[10.20605709,56.38986974],[10.20611767,56.38983402],[10.20630866,56.38972129],[10.20611769,56.38983398],[10.20605709,56.38986974]],[[10.69047903,56.38254992],[10.69048732,56.38255421],[10.6904791,56.3825499],[10.69026229,56.38243597],[10.69047903,56.38254992]],[[10.32791264,56.39427581],[10.32817323,56.39433464],[10.32791262,56.39427579],[10.3273068,56.39413905],[10.32791264,56.39427581]],[[10.28031223,56.39204905],[10.28088633,56.3919744],[10.2809045,56.39197204],[10.28088628,56.39197438],[10.28031223,56.39204905]],[[10.16322868,56.34558571],[10.16334069,56.34545428],[10.16334412,56.34545011],[10.16334061,56.34545424],[10.16322868,56.34558571]],[[10.16776644,56.34696991],[10.16797592,56.34698039],[10.16776639,56.34696987],[10.16750435,56.3469568],[10.16776644,56.34696991]],[[10.39244856,56.40411887],[10.39240883,56.40411788],[10.39244864,56.40411891],[10.39253259,56.40412108],[10.39244856,56.40411887]],[[10.39253259,56.40412108],[10.39274014,56.40412992],[10.39292488,56.40413779],[10.39274017,56.40412989],[10.39253259,56.40412108]],[[10.1959655,56.36476165],[10.19616364,56.36483958],[10.19596548,56.36476162],[10.19535676,56.36452219],[10.1959655,56.36476165]],[[10.16071047,56.32906648],[10.16083145,56.32922401],[10.16071055,56.32906647],[10.16068395,56.32903194],[10.16071047,56.32906648]],[[10.20787161,56.3882459],[10.20800458,56.38807146],[10.20806928,56.38798646],[10.20800455,56.38807142],[10.20787161,56.3882459]],[[10.29365959,56.38708931],[10.29355713,56.38713926],[10.29365958,56.38708934],[10.29368923,56.38707489],[10.29365959,56.38708931]],[[10.29368923,56.38707489],[10.29372949,56.38705214],[10.29390172,56.38695479],[10.29372944,56.3870521],[10.29368923,56.38707489]],[[10.22967018,56.37654904],[10.22971559,56.37640546],[10.22973836,56.37633308],[10.22971551,56.37640545],[10.22967018,56.37654904]],[[10.17919758,56.32585005],[10.17920627,56.32584871],[10.17964479,56.32577885],[10.17920621,56.32584868],[10.17919758,56.32585005]],[[10.40695553,56.40392156],[10.40719297,56.40387227],[10.40729486,56.40385112],[10.4071929,56.40387223],[10.40695553,56.40392156]],[[10.22834549,56.36326461],[10.22824778,56.36321113],[10.22834542,56.36326463],[10.22862067,56.36341544],[10.22834549,56.36326461]],[[10.23653089,56.37316967],[10.23624272,56.37320597],[10.23653092,56.37316969],[10.23659701,56.37316137],[10.23653089,56.37316967]],[[10.23659701,56.37316137],[10.23691278,56.37315449],[10.23691592,56.37315442],[10.23691285,56.37315445],[10.23659701,56.37316137]],[[10.19618219,56.38947722],[10.19630583,56.38930289],[10.19643101,56.3891262],[10.19630579,56.38930286],[10.19618219,56.38947722]],[[10.21195041,56.38394413],[10.21153342,56.38415661],[10.21195037,56.38394417],[10.21198862,56.38392466],[10.21195041,56.38394413]],[[10.21198862,56.38392466],[10.21206274,56.3838924],[10.21258146,56.38366647],[10.2120628,56.38389236],[10.21198862,56.38392466]],[[10.1974944,56.36546425],[10.19750235,56.36546811],[10.19749446,56.36546423],[10.19698617,56.36521729],[10.1974944,56.36546425]],[[10.59667753,56.42963072],[10.59693788,56.42931746],[10.59693847,56.42931674],[10.59693781,56.42931745],[10.59667753,56.42963072]],[[10.74201098,56.33095805],[10.74198706,56.33094077],[10.74201094,56.33095808],[10.74240877,56.33124639],[10.74201098,56.33095805]],[[10.31347725,56.39124202],[10.31348323,56.39124364],[10.31347718,56.39124199],[10.31157856,56.39072737],[10.31347725,56.39124202]],[[10.22831939,56.37710609],[10.22821952,56.3772613],[10.22831946,56.37710612],[10.22835014,56.37705829],[10.22831939,56.37710609]],[[10.22835014,56.37705829],[10.22842998,56.37693763],[10.22846719,56.37688129],[10.22842992,56.37693765],[10.22835014,56.37705829]],[[10.4179134,56.40554443],[10.41777567,56.40548823],[10.41791333,56.40554445],[10.41806759,56.40560746],[10.4179134,56.40554443]],[[10.41806759,56.40560746],[10.41823991,56.40556311],[10.41836938,56.40552978],[10.41823983,56.40556307],[10.41806759,56.40560746]],[[10.2255555,56.36165451],[10.22598434,56.36187668],[10.22555555,56.36165449],[10.22522157,56.36148151],[10.2255555,56.36165451]],[[10.22961348,56.37660863],[10.22962166,56.37661125],[10.22961353,56.37660859],[10.22912691,56.37644938],[10.22961348,56.37660863]],[[10.33200006,56.39508003],[10.33200228,56.39508041],[10.332,56.39507999],[10.33090942,56.39489231],[10.33200006,56.39508003]],[[10.21294577,56.3593413],[10.21349321,56.3593486],[10.21349322,56.35934855],[10.21294577,56.3593413]],[[10.21349322,56.35934855],[10.21345737,56.35913744],[10.21345732,56.35913744],[10.21349322,56.35934855]],[[10.24087392,56.37381005],[10.24088286,56.37382587],[10.24087399,56.37381003],[10.24060937,56.37333729],[10.24087392,56.37381005]],[[10.17105053,56.34729703],[10.17031869,56.34724438],[10.17105053,56.34729707],[10.17145383,56.34732611],[10.17105053,56.34729703]],[[10.21355857,56.35944446],[10.21333974,56.35958704],[10.2133398,56.35958708],[10.21355864,56.35944448],[10.21366416,56.35939305],[10.21372606,56.35936955],[10.21366409,56.35939302],[10.21355857,56.35944446]],[[10.24146307,56.37176767],[10.2419351,56.37243978],[10.24146312,56.37176765],[10.24145209,56.37175204],[10.24146307,56.37176767]],[[10.18431688,56.35105888],[10.18371133,56.35174617],[10.18431693,56.35105886],[10.18460691,56.35072974],[10.18461645,56.35071887],[10.18460684,56.35072978],[10.18431688,56.35105888]],[[10.33847214,56.39638139],[10.33863035,56.3964139],[10.33847221,56.39638138],[10.33586244,56.39584506],[10.33847214,56.39638139]],[[10.65255094,56.41961885],[10.65522177,56.41928656],[10.65819012,56.4189172],[10.6552218,56.41928653],[10.65255094,56.41961885]]],[[[10.59174249,55.93809801],[10.56207881,56.00232788],[10.5223251,55.97913159],[10.53578565,55.93663831],[10.60066825,55.90666076],[10.58286166,55.86831942],[10.53016968,55.85223269],[10.52721988,55.79543175],[10.55074862,55.76928764],[10.62047651,55.76443617],[10.68890912,55.90292611],[10.67469461,55.92474573],[10.68780294,55.89397918],[10.63494992,55.87708335],[10.60993888,55.90769429],[10.652396,55.91661124],[10.59174249,55.93809801]]],[[[8.58391727,56.69326456],[8.50598458,56.66657642],[8.4684408,56.68526475],[8.40406072,56.67040346],[8.549796,56.5772224],[8.53078406,56.59372306],[8.59218338,56.60494885],[8.59698001,56.63935858],[8.56988967,56.65480198],[8.58391727,56.69326456]]],[[[8.12284533,56.00094906],[8.17031888,55.81646961],[8.18986359,55.81742602],[8.17187962,55.94993125],[8.12284533,56.00094906]]],[[[9.03743627,56.84664856],[8.9507595,56.83301589],[9.01010175,56.79621793],[9.083797,56.84539233],[9.03743627,56.84664856]]],[[[11.6504442,56.73784264],[11.50721729,56.71516293],[11.57410366,56.68937597],[11.6504442,56.73784264]]],[[[10.32383337,55.78014465],[10.31189121,55.79417744],[10.3022619,55.76304639],[10.23464775,55.75302439],[10.31239072,55.74188341],[10.32383337,55.78014465]]],[[[8.61490094,56.66286859],[8.58648982,56.65298216],[8.63905596,56.62065046],[8.64140886,56.66175304],[8.61490094,56.66286859]]],[[[8.6720947,56.58307191],[8.61205263,56.55396159],[8.61629827,56.51565706],[8.66261942,56.57907001],[8.63978608,56.57809246],[8.6720947,56.58307191]]],[[[10.41592737,55.96033721],[10.40656266,55.95544894],[10.42686837,55.94576297],[10.44013922,55.94387183],[10.45563917,55.94872612],[10.45236163,55.94924852],[10.46258332,55.95219322],[10.43348164,55.95745795],[10.41592737,55.96033721]]],[[[10.07437386,55.8344755],[10.05687898,55.82953858],[10.10186388,55.82524782],[10.07437386,55.8344755]]],[[[8.25468133,55.89289659],[8.25223573,55.88988092],[8.25431217,55.88559759],[8.26655509,55.88552593],[8.27423624,55.88425194],[8.27079221,55.88756184],[8.26668262,55.88906441],[8.26080733,55.89207281]]],[[[10.80554086,56.12984608],[10.81092664,56.13316267],[10.80745944,56.13680947],[10.80380578,56.13762986],[10.79923183,56.13564227],[10.79619953,56.13200484],[10.79061418,56.13087852],[10.79458963,56.12984427],[10.80392033,56.12971177]]],[[[10.01479114,55.87064483],[10.01013956,55.87018924],[10.00214445,55.87048786],[9.99465907,55.86728616],[9.99545251,55.86561902],[9.99506019,55.86479946],[10.00499514,55.86508877],[10.00810622,55.86531394],[10.01395024,55.87019295]]],[[[10.74391908,55.94869537],[10.7473735,55.9475515],[10.75318059,55.94413623],[10.76041682,55.94291861],[10.76659955,55.94351066],[10.76324644,55.94786409],[10.75568742,55.94777173],[10.74962908,55.94788587],[10.74437302,55.94858622]]],[[[10.63118005,55.89939983],[10.6326939,55.89195076],[10.64169361,55.88888414],[10.64592553,55.89115126],[10.64245723,55.89368171],[10.63969831,55.89404802],[10.63648328,55.89514509],[10.63178723,55.89656977],[10.63138819,55.89929427]]],[[[8.29011088,56.0046178],[8.28650964,56.00202294],[8.28406028,55.99807538],[8.281912,55.99393877],[8.28035984,55.9909159],[8.27889617,55.98619163],[8.28268042,55.98794687],[8.28518097,55.99389109],[8.29015996,56.0046082]]],[[[8.23833868,55.89833249],[8.23616193,55.89805673],[8.23491173,55.89784931],[8.23294164,55.89717636],[8.23235867,55.89641013],[8.23281084,55.89467149],[8.24073842,55.89285113],[8.24548245,55.89564159],[8.23853629,55.89827854]]],[[[8.17897933,55.84638943],[8.17562664,55.84256399],[8.17745582,55.83828969],[8.17791862,55.83259605],[8.18025484,55.83687778],[8.17844192,55.83941416],[8.18089992,55.84211848],[8.18303098,55.84541155],[8.17924493,55.84634403]]],[[[8.19182792,56.34335719],[8.18896664,56.34321981],[8.17707706,56.34116334],[8.17470517,56.33994019],[8.17081101,56.33778058],[8.17659526,56.33866407],[8.18355021,56.33931746],[8.18802608,56.33841173],[8.19112014,56.34278294]]],[[[10.2350069,56.71027175],[10.22943403,56.70822569],[10.22842071,56.70709184],[10.22783368,56.70621047],[10.22650646,56.70713801],[10.23256689,56.70569492],[10.23996939,56.70763558],[10.23189028,56.70786289],[10.23562256,56.71016556]]],[[[8.19791035,55.86782254],[8.19607186,55.86677012],[8.19840511,55.86377161],[8.19387023,55.86011779],[8.1892613,55.85668516],[8.19443865,55.85938614],[8.19821703,55.86156167],[8.20074733,55.8659757],[8.19835514,55.8678736]]],[[[10.67567144,55.9313473],[10.6728707,55.93436807],[10.66764035,55.93362796],[10.66677071,55.9313755],[10.66793691,55.93070874],[10.67006359,55.93133485],[10.6728726,55.9299733],[10.67427249,55.9296216],[10.67567144,55.9313473]]],[[[10.64802084,55.90193459],[10.64614355,55.90068434],[10.64336496,55.90019935],[10.64275514,55.89863827],[10.64381223,55.89717887],[10.64812998,55.89797917],[10.65052799,55.90006552],[10.64776418,55.89991796],[10.64814043,55.90188428]]],[[[9.18852775,56.72942195],[9.18940551,56.72671773],[9.19303616,56.72444633],[9.19442606,56.72294682],[9.1927474,56.7194607],[9.18561676,56.71904766],[9.19970043,56.72628696],[9.19787646,56.72393959],[9.18909264,56.72901215]]],[[[10.65109194,55.90480443],[10.65025219,55.90378611],[10.6495607,55.9023552],[10.65019757,55.90115884],[10.65180373,55.90051256],[10.65623142,55.90309897],[10.65581498,55.90412633],[10.65365163,55.90420294]]],[[[8.28072484,55.98464823],[8.2779429,55.98385483],[8.27756942,55.9826099],[8.27744282,55.98146606],[8.27828263,55.98003693],[8.28096527,55.98223817],[8.28158193,55.98022674],[8.28319985,55.98149634],[8.2813139,55.98462956]]],[[[10.2877839,55.90742687],[10.2857594,55.90759907],[10.2811739,55.90507464],[10.27581936,55.90293659],[10.27750693,55.9001261],[10.2805829,55.90035339],[10.28084092,55.90226641],[10.28290916,55.90542824],[10.28725488,55.90741236]]],[[[8.13271519,56.00218031],[8.12978657,56.00259699],[8.12531329,56.00162279],[8.1291739,56.00031273],[8.13136682,56.00083389],[8.13210921,55.99941144],[8.13735529,56.0007088],[8.13673343,56.00121365],[8.13316679,56.00215006]]],[[[10.71337294,55.932919],[10.7062104,55.93058397],[10.69592264,55.92814395],[10.69105592,55.92722163],[10.68362367,55.92623267],[10.68066135,55.92654874],[10.69214124,55.92615845],[10.70283505,55.92908589],[10.71329998,55.93291264]]],[[[10.65278556,55.88692727],[10.6489153,55.8858955],[10.65211981,55.88408749],[10.65470442,55.88411901],[10.65474256,55.88472607],[10.65505337,55.88537934],[10.65522443,55.88588954],[10.65458211,55.88640762],[10.65295791,55.88689315]]],[[[10.3277836,56.61453957],[10.32423245,56.61465711],[10.32184021,56.61434157],[10.32066171,56.61402757],[10.32098594,56.61316319],[10.32249622,56.61218728],[10.32483175,56.61205048],[10.32720005,56.61280639],[10.32843156,56.61404953]]],[[[10.61937226,55.90413365],[10.61649008,55.90345575],[10.61604174,55.90257576],[10.61697722,55.90162314],[10.61836478,55.9004231],[10.62212235,55.9017218],[10.62331496,55.90309188],[10.62141027,55.90331405]]],[[[8.18802695,55.85488128],[8.1862955,55.85481018],[8.18390041,55.85304987],[8.18165479,55.85166674],[8.17992314,55.84972369],[8.1802178,55.8483063],[8.18263757,55.85036831],[8.18508575,55.85261888],[8.18817001,55.85486964]]],[[[8.36819825,55.90374197],[8.36999431,55.90498314],[8.36643692,55.90539062],[8.36574597,55.90419211],[8.36540218,55.90286375],[8.36546263,55.90175707],[8.36741658,55.90127599],[8.36737591,55.90224188],[8.36819825,55.90374197]]],[[[8.24786625,56.32877405],[8.24622156,56.32874905],[8.24475758,56.32762342],[8.24557791,56.32773282],[8.24701636,56.32601649],[8.24996384,56.32660104],[8.25303758,56.3268524],[8.24999943,56.32722722],[8.24753038,56.32852637]]],[[[10.23884367,55.88548112],[10.23915935,55.88354687],[10.24108946,55.87932724],[10.23550383,55.87964527],[10.23510211,55.88241418],[10.23649507,55.8785784],[10.24301858,55.87938685],[10.24092224,55.88234333],[10.23909723,55.88545071]]],[[[8.24565121,56.32630388],[8.24337153,56.32614362],[8.24182738,56.32578422],[8.24025519,56.32548627],[8.24031737,56.32437452],[8.24187942,56.32386827],[8.24378324,56.32481863],[8.24619696,56.32527099],[8.24565121,56.32630388]]],[[[10.11617591,56.46301487],[10.11297578,56.46375395],[10.11247068,56.46326484],[10.11257993,56.46286583],[10.1133989,56.46191849],[10.11475127,56.46151371],[10.11601177,56.46117569],[10.11770921,56.46081333],[10.11656426,56.46279816]]],[[[8.29174079,56.00743298],[8.29022364,56.00782698],[8.29013668,56.0070152],[8.28983101,56.00627225],[8.2894447,56.00548481],[8.29065179,56.00461732],[8.29215594,56.00450646],[8.29262913,56.00596568],[8.29199982,56.00721209]]],[[[10.35186884,55.82862571],[10.35186396,55.82822741],[10.35463483,55.82706575],[10.35823553,55.82489723],[10.35897472,55.82427235],[10.36245208,55.82372212],[10.36308043,55.82397908],[10.35587981,55.82709562],[10.35211447,55.82859138]]],[[[10.21789354,56.4764131],[10.21694912,56.4769257],[10.21532012,56.47643616],[10.2146807,56.47598696],[10.21416247,56.47518365],[10.21341922,56.47423688],[10.21484033,56.47407725],[10.21606608,56.47434226]]],[[[8.25002875,55.89638163],[8.24872954,55.89707089],[8.24792075,55.89716596],[8.24752864,55.8968099],[8.2467517,55.89621014],[8.24656489,55.8958485],[8.24698572,55.89552994],[8.24857227,55.89448474],[8.24992994,55.89450749],[8.25040767,55.89566421]]],[[[10.66658499,55.88626988],[10.66560868,55.88628858],[10.66434275,55.88604105],[10.6638439,55.88561554],[10.66562221,55.88401022],[10.66796771,55.88428921],[10.667481,55.88494886],[10.6677336,55.88585793]]],[[[10.6180302,55.9076657],[10.61562925,55.90774404],[10.61522222,55.90642703],[10.6163798,55.90574622],[10.61741076,55.90549472],[10.61792881,55.90636823],[10.61955397,55.90738048],[10.61970385,55.90753712],[10.61821788,55.90765083]]],[[[10.10598905,56.46430481],[10.10561467,56.46359186],[10.10756682,56.46306843],[10.10987441,56.46233586],[10.10998319,56.4625153],[10.10888603,56.46346035],[10.11154699,56.46330717],[10.10914286,56.46414765],[10.10621007,56.46427022]]],[[[10.34743843,55.84047892],[10.34701729,55.83954089],[10.34659214,55.83753014],[10.34639317,55.83372706],[10.34755131,55.83074133],[10.3493299,55.82980992],[10.34845589,55.83096622],[10.34685634,55.83670089],[10.3475654,55.84011916]]],[[[10.32440142,56.60902487],[10.32560559,56.60972168],[10.3258123,56.61018526],[10.32559528,56.61037599],[10.32356414,56.6101613],[10.32129402,56.60976062],[10.32043331,56.60933255],[10.32167839,56.60883288],[10.32440142,56.60902487]]],[[[8.71815039,56.4814601],[8.71744936,56.48164924],[8.71719711,56.48035296],[8.72016178,56.47847845],[8.72109346,56.4782643],[8.72171516,56.47916619],[8.72177639,56.47985155],[8.71932662,56.47947113],[8.71914573,56.4818051]]],[[[10.22499699,56.7121454],[10.22334523,56.711876],[10.22383003,56.71141572],[10.22315587,56.71093923],[10.22492895,56.71053448],[10.22630845,56.71062666],[10.22723882,56.71115901],[10.22592887,56.7117189],[10.22561679,56.71208926]]],[[[8.25820932,56.33523884],[8.25724071,56.336183],[8.25673493,56.33674798],[8.25610574,56.33734483],[8.25536608,56.33676097],[8.25536084,56.33566785],[8.25682764,56.3348329],[8.25802481,56.33497808],[8.25789681,56.33521442]]],[[[10.78437573,55.93404278],[10.77795285,55.93512239],[10.77579468,55.93674182],[10.77674904,55.93546813],[10.78569492,55.933775],[10.79115507,55.93368045],[10.79349232,55.93402415],[10.78929253,55.93438188],[10.78482056,55.93401333]]],[[[10.11583938,55.85025947],[10.11385689,55.85026368],[10.12101675,55.84840914],[10.12604375,55.84953984],[10.12572107,55.84937332],[10.12427234,55.84867678],[10.12233796,55.84833015],[10.12009236,55.84904027],[10.11607864,55.85018074]]],[[[10.22951772,56.52719687],[10.23003516,56.53924483],[10.23022518,56.54390614],[10.23001516,56.54012789],[10.22969482,56.53752003],[10.22895354,56.53479683],[10.22941697,56.53202146],[10.22934299,56.52957702],[10.22951772,56.52719687]]],[[[9.99303325,55.8642483],[9.99356894,55.8644767],[9.99129008,55.86388289],[9.98922677,55.86325495],[9.98821867,55.86271259],[9.99080276,55.86222671],[9.99163065,55.86274382],[9.9918675,55.86373051],[9.99279408,55.86423082]]],[[[8.15857256,56.40986467],[8.15986539,56.41043686],[8.16102763,56.41120007],[8.16152943,56.41198738],[8.16105098,56.41229718],[8.16006397,56.41191314],[8.15858463,56.41103609],[8.15780972,56.41055419],[8.15771961,56.41012142],[8.15831448,56.40984603]]],[[[8.59393247,56.67891084],[8.59206213,56.6793861],[8.59285774,56.67907435],[8.59366464,56.67830436],[8.59458019,56.67758044],[8.59610054,56.67769615],[8.59708816,56.67860854],[8.59573111,56.67889343],[8.59428077,56.6788959]]],[[[8.25561848,56.33754685],[8.25581017,56.33890937],[8.25507991,56.3397349],[8.25476688,56.34034919],[8.2538671,56.34066525],[8.2539933,56.33970285],[8.25414002,56.33897345],[8.2544593,56.33813728],[8.25561848,56.33754685]]],[[[8.25417692,56.34102058],[8.2540079,56.34220429],[8.25338525,56.34283253],[8.25309678,56.34409988],[8.25229207,56.34475316],[8.2518162,56.34492936],[8.25200125,56.3440798],[8.25277234,56.34285345],[8.25354242,56.34129529]]],[[[10.92411352,56.40594189],[10.92307485,56.40579571],[10.92283539,56.40505841],[10.92480281,56.40506186],[10.92518595,56.40554962],[10.92590223,56.40376397],[10.9253027,56.40317901],[10.92690887,56.40520133],[10.92426047,56.40589594]]],[[[8.27517045,55.88316527],[8.27538822,55.88353217],[8.27383225,55.88371277],[8.27218191,55.88382739],[8.2715034,55.88355678],[8.2727572,55.88297556],[8.27467383,55.88282692],[8.27485934,55.88303738],[8.27501242,55.88310962]]],[[[8.17758025,55.92084708],[8.17715701,55.92079375],[8.17635529,55.92047076],[8.17635242,55.92001752],[8.17616239,55.91938035],[8.1768321,55.91875872],[8.1776001,55.91938052],[8.1778984,55.92009712],[8.17772219,55.92071091]]],[[[10.32876215,56.61334328],[10.33007241,56.61365409],[10.33074262,56.61392753],[10.33099952,56.61428229],[10.33044865,56.61456205],[10.32838832,56.61466969],[10.32845728,56.61421099],[10.32849348,56.61361795]]],[[[8.84788857,56.69521307],[8.84495033,56.69687489],[8.84579416,56.69529108],[8.84883419,56.69462972],[8.8499304,56.69431481],[8.8504911,56.69423211],[8.84961116,56.69440606],[8.84873812,56.694688],[8.84788857,56.69521307]]],[[[8.15735077,56.10451596],[8.15754064,56.10494333],[8.15562676,56.10430166],[8.15436318,56.10377439],[8.15190616,56.10276648],[8.15096885,56.10218966],[8.15345839,56.10310473],[8.15444462,56.10344034],[8.15700451,56.10437343]]],[[[8.2747531,55.88269072],[8.27361498,55.88265203],[8.27331614,55.88246723],[8.27383098,55.88187993],[8.27469031,55.88146313],[8.27571834,55.8814371],[8.27571263,55.88167509],[8.27584967,55.88215374]]],[[[10.30076114,55.77887463],[10.29989645,55.77888369],[10.29981623,55.77802079],[10.30251018,55.77730457],[10.30368108,55.7773423],[10.30300922,55.77754334],[10.30177452,55.77778746],[10.30077875,55.77869481],[10.30076114,55.77887463]]],[[[10.63287941,55.90905552],[10.63220659,55.90912609],[10.63148226,55.9090637],[10.63069221,55.90806427],[10.63098288,55.90701566],[10.63128352,55.9071995],[10.63210879,55.90818821],[10.63273741,55.90855093],[10.63287941,55.90905552]]],[[[8.23005851,56.09262747],[8.22894344,56.09241485],[8.22811348,56.09196283],[8.22761504,56.09122572],[8.22843546,56.09099607],[8.22936223,56.09118695],[8.23004828,56.09233477],[8.22959962,56.09247501],[8.23021053,56.09262132]]],[[[8.17464411,55.93241878],[8.17493128,55.9314315],[8.17578568,55.93044443],[8.17684714,55.92907999],[8.17820749,55.92784415],[8.1777098,55.92871834],[8.17646821,55.93017835],[8.17537619,55.93173585]]],[[[10.11769698,56.46350209],[10.11726359,56.46348344],[10.1172294,56.46335266],[10.11823897,56.46206331],[10.11855268,56.460313],[10.11893331,56.46025467],[10.11918227,56.46006213],[10.11926493,56.46133859],[10.11767803,56.46306137]]],[[[10.28255579,56.59788276],[10.28061619,56.59676947],[10.27954515,56.59582557],[10.27907968,56.59503034],[10.27973242,56.59582454],[10.28116265,56.5965535],[10.28186231,56.5967012],[10.28283397,56.59749785],[10.28259554,56.59786384]]],[[[10.09568234,56.46575148],[10.09440235,56.46548513],[10.09269324,56.46546182],[10.0923123,56.46519572],[10.09399573,56.46508278],[10.09531062,56.46508475],[10.09628565,56.46496887],[10.09734455,56.46493013],[10.0964136,56.46557889]]],[[[10.50994566,56.16699428],[10.50890145,56.1673822],[10.50922269,56.16689591],[10.50982238,56.16656132],[10.5090737,56.16531864],[10.50689359,56.16439759],[10.50839712,56.16460354],[10.50999728,56.16563786],[10.50994566,56.16699428]]],[[[8.14507762,56.33268266],[8.14522518,56.33343238],[8.14393486,56.33311943],[8.14294655,56.33262517],[8.1425576,56.33261682],[8.14269895,56.33201806],[8.14317064,56.33157477],[8.14311213,56.3319051],[8.14380921,56.33236743]]],[[[10.22087296,55.7728587],[10.22560979,55.77389078],[10.23352275,55.77601033],[10.2283285,55.77433397],[10.22337888,55.77363291],[10.21845627,55.77286704],[10.21481493,55.77198884],[10.21406095,55.7715443],[10.22058919,55.77279232]]],[[[10.35706828,55.96070781],[10.35571583,55.96093414],[10.35696575,55.96062537],[10.36047158,55.96019152],[10.36220407,55.96016483],[10.36762504,55.96005402],[10.36762709,55.96018942],[10.36332118,55.96036365],[10.3583745,55.96052053]]],[[[8.71961216,56.4822737],[8.71990447,56.48215783],[8.72097576,56.48178228],[8.72157817,56.48040248],[8.72207066,56.47990693],[8.72216433,56.48139754],[8.72157422,56.48218387],[8.72095628,56.48226891],[8.71994716,56.48224759]]],[[[8.23894805,56.32709075],[8.23829922,56.32751479],[8.23792748,56.32722068],[8.23744904,56.32702241],[8.2376729,56.326444],[8.23836461,56.32618051],[8.23920197,56.32634154],[8.23935707,56.32661689],[8.23911406,56.32688323]]],[[[10.32119526,56.60627424],[10.3198459,56.60671526],[10.32082924,56.60614038],[10.32240872,56.60599655],[10.32542316,56.60597436],[10.3272669,56.60592883],[10.32581693,56.60613711],[10.32391142,56.60612622],[10.32167202,56.60621562]]],[[[10.47754849,56.24848426],[10.47844303,56.24943676],[10.47896227,56.25004823],[10.47739712,56.24921373],[10.47712448,56.24847944],[10.47575144,56.24787446],[10.47586677,56.24707973],[10.47623461,56.24750405],[10.47754849,56.24848426]]],[[[8.34671662,55.96514396],[8.34605699,55.96513031],[8.34586964,55.96483092],[8.34640244,55.96446113],[8.34724003,55.96436089],[8.34806922,55.96442655],[8.34803023,55.96485953],[8.34741726,55.9650908],[8.34706459,55.96511436]]],[[[10.08385885,55.84989527],[10.0834423,55.84968364],[10.08261235,55.84966668],[10.08203566,55.84987726],[10.08257995,55.84893813],[10.08121495,55.8485766],[10.08105025,55.84824207],[10.08320888,55.84911348],[10.0840919,55.84973453]]],[[[8.21594831,55.89704382],[8.21603281,55.89662051],[8.21847258,55.89637895],[8.21872065,55.8966473],[8.21826443,55.89678143],[8.21739564,55.8968982],[8.21692239,55.89699601],[8.21639116,55.89699479],[8.21594831,55.89704382]]],[[[10.65216253,55.89384202],[10.65164003,55.89376627],[10.6507606,55.89293765],[10.65156776,55.89301004],[10.65270014,55.89308444],[10.65288245,55.89336659],[10.65285493,55.89360708],[10.65261878,55.89373247],[10.65242253,55.89378093]]],[[[10.04927865,55.84377406],[10.04909855,55.84433945],[10.04827654,55.84309313],[10.04758375,55.84283197],[10.04700662,55.84293995],[10.04840829,55.84268351],[10.04907959,55.84329745],[10.04886412,55.84324869],[10.04941448,55.84363497]]],[[[10.11470004,56.4612829],[10.11286173,56.46190219],[10.1124457,56.46181625],[10.11344638,56.46132227],[10.11449872,56.46102513],[10.11507774,56.46091894],[10.11558,56.46082988],[10.11690539,56.46040367],[10.11600952,56.46091102]]],[[[8.23401852,56.65009784],[8.23385569,56.6506641],[8.23332227,56.65115127],[8.23272437,56.65088561],[8.23285758,56.65025268],[8.23313609,56.64975711],[8.23336067,56.64998202],[8.23378203,56.64998578],[8.23409321,56.65003415]]],[[[8.25095396,55.88929662],[8.25153753,55.88941384],[8.25168191,55.88982957],[8.25189087,55.89012916],[8.25170493,55.89034457],[8.25129348,55.89038862],[8.25082326,55.89022968],[8.2505143,55.88999211],[8.25038763,55.88956256],[8.25065176,55.88930539],[8.25095396,55.88929662]]],[[[8.25815979,55.885197],[8.2578699,55.88528286],[8.25768763,55.88519154],[8.25689763,55.88512909],[8.25638694,55.88480622],[8.2569446,55.8846031],[8.25828694,55.88465747],[8.25878463,55.88491664],[8.25840854,55.88511349]]],[[[10.1157723,56.46620356],[10.11495277,56.46603653],[10.11573623,56.46569876],[10.11610254,56.46536042],[10.11688309,56.46497414],[10.11679293,56.46572331],[10.11524192,56.46595603],[10.11659831,56.46607664],[10.11584924,56.46621473]]],[[[8.37261299,55.89966365],[8.37286097,55.90011427],[8.37249692,55.90046365],[8.37183768,55.90049345],[8.37156077,55.90033973],[8.37164893,55.90016892],[8.37145795,55.89984421],[8.37187539,55.89964453]]],[[[10.11195829,56.46180372],[10.11205683,56.46235442],[10.11204425,56.46275131],[10.11186991,56.46316097],[10.11132436,56.46303099],[10.11070962,56.46283217],[10.11105243,56.46261688],[10.11144855,56.46214873],[10.11191605,56.46180221]]],[[[10.22791576,56.70883572],[10.22816852,56.70902263],[10.22768749,56.70904453],[10.22666175,56.70878275],[10.22625037,56.70847988],[10.22623696,56.70817319],[10.22760523,56.70830922],[10.22750626,56.70851577],[10.22797392,56.7087657]]],[[[10.02190711,55.87234454],[10.02194836,55.87271648],[10.0210968,55.87230751],[10.02024443,55.87211716],[10.01944145,55.87178631],[10.01925001,55.87167135],[10.01922345,55.87161505],[10.02029571,55.87165299],[10.02155626,55.87211787]]],[[[8.20649017,55.86282185],[8.20583899,55.86265348],[8.20586614,55.8623486],[8.20602307,55.86210449],[8.20639971,55.86200817],[8.20681299,55.86207391],[8.20715124,55.86226191],[8.20709484,55.86277929]]],[[[10.22632633,56.70968489],[10.2258982,56.70981659],[10.22499716,56.70977325],[10.22479526,56.70932106],[10.2252016,56.70913216],[10.22573966,56.70906577],[10.22609376,56.70946561],[10.22617917,56.70952003],[10.22643748,56.70963689]]],[[[9.98718192,55.86109657],[9.98365871,55.86165898],[9.98378093,55.8613807],[9.98651348,55.86102322],[9.98804128,55.86088588],[9.99048623,55.86059396],[9.99089149,55.8605845],[9.98973319,55.86076895],[9.98796118,55.86100999]]],[[[10.23515229,56.50250141],[10.23568171,56.50290424],[10.23553539,56.50317112],[10.23524954,56.50329391],[10.23456128,56.50337793],[10.23424879,56.50281624],[10.23444588,56.50264159],[10.23481275,56.50253722]]],[[[10.11817627,55.85512113],[10.11773519,55.85503196],[10.11734031,55.85483813],[10.11682275,55.85480589],[10.11640549,55.85477859],[10.11664247,55.85453562],[10.11728443,55.85456645],[10.11796916,55.85420035],[10.11821382,55.85437578]]],[[[8.59545503,56.63627011],[8.59541088,56.63687639],[8.59463889,56.63757868],[8.59471208,56.63718443],[8.59492827,56.63693987],[8.59486366,56.6367315],[8.59469034,56.63636833],[8.59496406,56.63614076],[8.59545503,56.63627011]]],[[[10.24442242,55.88301906],[10.24422336,55.8837031],[10.24371482,55.88371857],[10.24386941,55.88300353],[10.2426028,55.88268977],[10.24242233,55.88247521],[10.24252047,55.88243936],[10.24377675,55.88262068],[10.24439631,55.88297745]]],[[[10.27751361,56.59326049],[10.27738697,56.59327212],[10.27677442,56.5928749],[10.27701648,56.59265929],[10.27775801,56.59259794],[10.27827086,56.59256949],[10.27834886,56.59276708],[10.27815641,56.59296152],[10.27818318,56.59319485],[10.27774709,56.59320095]]],[[[10.93067042,56.41443001],[10.93059993,56.41486901],[10.93086817,56.41575412],[10.93201291,56.41736938],[10.93229803,56.4178191],[10.93206284,56.41784892],[10.93175089,56.4173944],[10.9308364,56.41618955],[10.93046909,56.41527534],[10.93041516,56.41461712],[10.93067042,56.41443001]]],[[[10.34001823,56.24297662],[10.34086268,56.24306919],[10.34178069,56.24323454],[10.34196614,56.24361837],[10.34218113,56.24397923],[10.34199713,56.24401996],[10.34117746,56.2433906],[10.34023244,56.24336678],[10.33987055,56.24310078]]],[[[10.12092197,55.85074901],[10.12150393,55.85080049],[10.12185916,55.85107689],[10.12136858,55.85319491],[10.12124119,55.85321441],[10.12142799,55.85196278],[10.12146388,55.85117341],[10.12070995,55.85089157],[10.12063787,55.85066812],[10.12092197,55.85074901]]],[[[10.66880073,55.90857376],[10.66809323,55.90829704],[10.66755311,55.90783472],[10.66685594,55.90774243],[10.66570877,55.90735213],[10.66573806,55.90724803],[10.66705388,55.90757917],[10.66841691,55.90819713],[10.66882064,55.90853818]]],[[[8.16744687,56.39535555],[8.16755665,56.39552888],[8.16728383,56.39550674],[8.16688855,56.39527633],[8.16717988,56.39510362],[8.16980995,56.3950677],[8.17005854,56.3951983],[8.16937119,56.39529378],[8.16744687,56.39535555]]],[[[8.23959105,56.32297338],[8.23993851,56.32327578],[8.24052672,56.32354642],[8.24049277,56.32380704],[8.24004406,56.32394499],[8.2395838,56.3238179],[8.23935277,56.32345],[8.23935674,56.32323448],[8.23944919,56.32296766]]],[[[8.25089006,55.89040593],[8.25144773,55.89070692],[8.25127994,55.89101715],[8.25094093,55.89123469],[8.25059488,55.89106249],[8.25027489,55.89094823],[8.25023741,55.8906451],[8.25024254,55.89043712],[8.25089006,55.89040593]]],[[[10.92643274,56.41255315],[10.92633513,56.41454127],[10.92609361,56.41455787],[10.92609114,56.41262298],[10.92618139,56.41237185],[10.92722848,56.4121037],[10.92769064,56.41195318],[10.92784816,56.41204841]]],[[[8.25303923,55.8856747],[8.25289777,55.88548191],[8.25260015,55.88546205],[8.25282753,55.88521004],[8.25305689,55.88515491],[8.25310664,55.88498665],[8.25363448,55.88498086],[8.25388783,55.88536652],[8.25303923,55.8856747]]],[[[8.26404184,55.89135916],[8.26369746,55.8915767],[8.26317553,55.891553],[8.26337516,55.8912956],[8.26431271,55.89092786],[8.26484446,55.890973],[8.26468271,55.89125696],[8.26416902,55.89133898]]],[[[10.63920141,55.89527671],[10.63890781,55.89493221],[10.63931651,55.89453973],[10.63983566,55.89456678],[10.63955862,55.89466051],[10.63974517,55.89474574],[10.63974472,55.89491703],[10.64000236,55.89506088],[10.6398145,55.89521022]]],[[[8.36126542,55.94699208],[8.36138071,55.94706016],[8.36160511,55.94718271],[8.36167008,55.94743832],[8.36158024,55.94759455],[8.36090866,55.94776062],[8.36068911,55.9475088],[8.36077642,55.9471661],[8.36118513,55.94701583]]],[[[10.64935246,55.90657669],[10.64814778,55.9069565],[10.64779959,55.90725295],[10.64752157,55.90762709],[10.64727936,55.90720447],[10.64827912,55.90679056],[10.6488917,55.90653101],[10.64981972,55.90597687],[10.64962336,55.90631434]]],[[[10.68976382,56.14919417],[10.68993562,56.14932697],[10.68986001,56.14953721],[10.68980373,56.14959378],[10.68931278,56.14966861],[10.68870069,56.14972703],[10.68848348,56.14969675],[10.68832202,56.14962733],[10.68858153,56.1494437],[10.6896368,56.14916841]]],[[[10.21517991,56.13877187],[10.21508338,56.13876258],[10.21500245,56.13827824],[10.21527974,56.1382482],[10.21574046,56.13830872],[10.21625509,56.13834886],[10.21617809,56.13861657],[10.21613648,56.13872589],[10.21603726,56.13873324],[10.21520625,56.13876999]]],[[[9.99270175,55.86097409],[9.99237364,55.86182291],[9.9922384,55.86288557],[9.99196576,55.86339168],[9.99198039,55.86315048],[9.99238334,55.86226574],[9.99221049,55.86122659],[9.99224019,55.86100027],[9.99368727,55.86074356]]],[[[10.33808084,56.60458401],[10.33773113,56.60448409],[10.3385555,56.60430621],[10.33903775,56.60423822],[10.33965542,56.6040843],[10.3402594,56.60410511],[10.34008392,56.60417789],[10.33910902,56.60443386]]],[[[8.35270828,55.96371008],[8.35298476,55.96391271],[8.35315935,55.96414401],[8.35286582,55.9643104],[8.35256848,55.96435961],[8.35213253,55.96420026],[8.3520822,55.96399118],[8.35240427,55.96375602]]],[[[10.31569652,56.61487615],[10.31598166,56.61508617],[10.31443631,56.61454984],[10.31367558,56.61416271],[10.31401347,56.61409041],[10.31452947,56.61434211],[10.314984,56.61451737],[10.31551108,56.61481989],[10.31569652,56.61487615]]],[[[9.03794875,56.80791798],[9.03745857,56.80823517],[9.0368251,56.80823338],[9.03714672,56.80771357],[9.037268,56.80763924],[9.03721998,56.80776485],[9.03753437,56.80787849],[9.03744111,56.80764278],[9.03787448,56.8078367]]],[[[10.64842727,55.90730359],[10.64851256,55.90773767],[10.64854224,55.90790181],[10.64854588,55.90824774],[10.64815459,55.90852392],[10.64801062,55.9087506],[10.64789883,55.90868353],[10.64802598,55.90820375],[10.64825251,55.90780001],[10.64834411,55.90727793]]],[[[8.35464071,55.96412266],[8.35506629,55.96422256],[8.35516954,55.96443874],[8.35513202,55.9646143],[8.35481442,55.96470617],[8.35438934,55.96460538],[8.35421455,55.96441362],[8.35432516,55.96422623],[8.35458657,55.96412193]]],[[[8.12719608,56.40013492],[8.12730857,56.40020373],[8.12723363,56.40030679],[8.12653117,56.40048693],[8.12583712,56.40059723],[8.12566201,56.40054613],[8.12566395,56.40045414],[8.12577541,56.40034181],[8.12596266,56.40032291],[8.12632501,56.40019986],[8.12696105,56.40013228]]],[[[8.16980225,55.94219506],[8.16999231,55.9422693],[8.16999648,55.94239611],[8.16999099,55.94249599],[8.17024664,55.94271471],[8.17017923,55.94282765],[8.16990158,55.94285076],[8.16943971,55.94267675],[8.16931031,55.94247613],[8.16939634,55.94228658],[8.16965186,55.94218254]]],[[[10.22762152,56.47959945],[10.22709336,56.47963037],[10.22701657,56.47948988],[10.22730781,56.47944298],[10.22806141,56.47919311],[10.2289253,56.47924117],[10.22834454,56.47938798],[10.22790741,56.47951243],[10.22762152,56.47959945]]],[[[10.09861244,56.46496303],[10.09783878,56.46511076],[10.09773185,56.46483596],[10.09785173,56.46479438],[10.09799784,56.46477898],[10.09842454,56.46473954],[10.09882043,56.46457233],[10.09903924,56.46459555],[10.09922739,56.46464177]]],[[[8.37532469,55.93704876],[8.37576836,55.93718309],[8.37587466,55.93725273],[8.37565723,55.93748417],[8.37541106,55.93760089],[8.37508213,55.93755852],[8.37491361,55.93743574],[8.37496103,55.93719509],[8.37516281,55.93705145],[8.37532469,55.93704876]]],[[[10.20486204,55.84981782],[10.20057263,55.85082492],[10.1996119,55.85108742],[10.20051449,55.85077337],[10.20173745,55.85046319],[10.20344869,55.85007508],[10.20525891,55.849738],[10.20697002,55.84969337],[10.20528144,55.84978478]]],[[[10.46479712,56.20555691],[10.46462336,56.20554082],[10.46482544,56.20534819],[10.46539349,56.20517307],[10.46612684,56.20442494],[10.46647664,56.20406945],[10.466311,56.20446436],[10.46568965,56.20513092],[10.46495487,56.20551667]]],[[[9.03434835,56.82219727],[9.03466116,56.82225567],[9.03492457,56.82239349],[9.03484405,56.82248901],[9.03447687,56.82263375],[9.03412128,56.82256261],[9.0337599,56.82243442],[9.03380071,56.82226309],[9.03413468,56.82216418]]],[[[10.4656957,56.20385281],[10.46498126,56.20400172],[10.46429166,56.20435009],[10.46431174,56.20463164],[10.46399786,56.20463167],[10.4638785,56.2044141],[10.46392033,56.20420038],[10.46522679,56.20385836]]],[[[10.29193303,56.2093879],[10.29233179,56.21005055],[10.29244523,56.21058526],[10.29237607,56.21115594],[10.29230357,56.21140667],[10.29218167,56.21130111],[10.29226306,56.21064351],[10.29197131,56.20962499],[10.29189481,56.20938767]]],[[[8.17464662,56.39484643],[8.17443448,56.39485751],[8.17414329,56.39483104],[8.17375539,56.39483403],[8.17372693,56.39474175],[8.17396676,56.3945667],[8.17438119,56.39449794],[8.17462173,56.39451428],[8.17492773,56.39464992],[8.17491413,56.39479907],[8.17464662,56.39484643]]],[[[10.23267249,56.7104928],[10.23237105,56.71044672],[10.23226263,56.71047826],[10.23205873,56.71041774],[10.23209537,56.71025915],[10.23278777,56.71017153],[10.23331387,56.71024863],[10.23338209,56.71035155],[10.23324854,56.71043373]]],[[[10.03132599,55.84575749],[10.03155044,55.84602464],[10.03152033,55.84640741],[10.03084598,55.84696164],[10.03091617,55.84715146],[10.03053146,55.8470447],[10.03126811,55.84637637],[10.0313768,55.8460296],[10.03124619,55.84578961]]],[[[8.20995892,56.61364655],[8.20942453,56.61360587],[8.20910343,56.61345541],[8.20867936,56.61327365],[8.20828137,56.61311542],[8.20785771,56.61291444],[8.20746613,56.61277691],[8.20801479,56.61284365],[8.20935168,56.6134117],[8.20995892,56.61364655]]],[[[8.18279944,55.87994788],[8.18289951,55.88015323],[8.18211725,55.8804548],[8.18193908,55.88046709],[8.1817665,55.88038049],[8.1817552,55.88026415],[8.18185389,55.88020802],[8.18240096,55.8800376],[8.18279944,55.87994788]]],[[[9.19247687,56.7222845],[9.19227437,56.72253061],[9.19202643,56.72274364],[9.19188012,56.72247282],[9.19155032,56.7223657],[9.19157958,56.72220691],[9.19206352,56.72219754],[9.19250969,56.72221617],[9.19261825,56.72225984]]],[[[10.11115555,55.84968372],[10.11125571,55.84989685],[10.11135658,55.85003387],[10.11114937,55.85001014],[10.11083197,55.84979141],[10.11002615,55.84965222],[10.10967163,55.84969423],[10.10951042,55.84956386],[10.11004248,55.84950785],[10.11080019,55.84959554],[10.11115555,55.84968372]]],[[[8.22577643,56.62101953],[8.22611944,56.62114906],[8.22619752,56.6212358],[8.22538527,56.6212842],[8.22513298,56.62122136],[8.22489002,56.62113261],[8.22472589,56.62100616],[8.22458029,56.62099376],[8.22491161,56.62100921],[8.22523904,56.62096821],[8.2256362,56.62099952]]],[[[10.22475633,56.71005352],[10.22532835,56.71014673],[10.22566798,56.71016207],[10.22571502,56.71022693],[10.2256506,56.71026054],[10.22550156,56.71029911],[10.22510954,56.71033082],[10.22428635,56.71024996],[10.22412266,56.71013926],[10.22417711,56.71012066],[10.22442197,56.71005995],[10.22475633,56.71005352]]],[[[10.66458606,55.90700965],[10.66475253,55.90722083],[10.66415385,55.90703328],[10.66381139,55.90693753],[10.6637343,55.9070651],[10.66323654,55.90697405],[10.66358858,55.90685256],[10.66372504,55.90665086],[10.66444197,55.90696972]]],[[[10.23384825,56.50423024],[10.23395384,56.50442955],[10.23394957,56.50445835],[10.23387863,56.50449032],[10.23318984,56.50460876],[10.23307416,56.50456866],[10.23294329,56.50448137],[10.23304787,56.50432453],[10.23341163,56.50424877],[10.23375057,56.50418925]]],[[[10.66963046,55.9083587],[10.66984063,55.9086365],[10.66952454,55.90884972],[10.66937149,55.90891075],[10.66927312,55.90877719],[10.66930566,55.90860376],[10.66909104,55.90838596],[10.66902169,55.90829479],[10.66958663,55.90833261]]],[[[10.22839002,56.70942835],[10.22779235,56.70934484],[10.22754615,56.70934934],[10.22735527,56.70920656],[10.2269968,56.70903893],[10.22725543,56.70904501],[10.22811448,56.70917383],[10.22841463,56.70928606],[10.22839002,56.70942835]]],[[[10.64938844,55.90558518],[10.6490167,55.90585391],[10.64855917,55.90609899],[10.64865937,55.90585501],[10.64932397,55.90551361],[10.64952155,55.90521621],[10.64993651,55.9051934],[10.64969594,55.90531848],[10.64939539,55.90556442]]],[[[10.92798943,56.40596104],[10.9281099,56.40601318],[10.92814027,56.40616188],[10.92788895,56.40665347],[10.92779602,56.4069024],[10.92765622,56.40691662],[10.92758339,56.40687075],[10.92762641,56.40666358],[10.92786582,56.40617046],[10.92784539,56.40606141],[10.92792972,56.40595982]]],[[[9.37086292,56.56600385],[9.3706496,56.56617178],[9.37038858,56.56615503],[9.37011383,56.56593188],[9.37018176,56.56580625],[9.3705712,56.56577679],[9.37080687,56.56581383],[9.37096081,56.56589728],[9.37091347,56.56599813]]],[[[10.22644872,56.70765259],[10.22653029,56.70779483],[10.22664268,56.7078753],[10.22720561,56.70800651],[10.22741839,56.7080346],[10.22753746,56.70817943],[10.22736768,56.70819296],[10.22646784,56.70806445],[10.22630394,56.70798232],[10.22637261,56.70772324],[10.22644872,56.70765259]]],[[[10.24967519,56.57872004],[10.24913025,56.57877233],[10.2490888,56.57871515],[10.24920651,56.57862664],[10.24948415,56.57861891],[10.25034953,56.57842539],[10.25047094,56.57844411],[10.25081211,56.57849217],[10.25061685,56.57856376],[10.24967519,56.57872004]]],[[[8.21037804,56.61390212],[8.21065063,56.61405065],[8.21047359,56.61412527],[8.21047316,56.6143019],[8.21025071,56.61428045],[8.21005037,56.61412061],[8.20982609,56.61401523],[8.20961503,56.61383079],[8.20972871,56.61381723],[8.21011079,56.61386467]]],[[[8.24829843,55.88976619],[8.24840664,55.88980908],[8.24846535,55.88989849],[8.24843741,55.8900455],[8.248367,55.89014768],[8.24826677,55.89021257],[8.24812625,55.89024433],[8.24800886,55.89022933],[8.24788434,55.89008741],[8.24782587,55.8899936],[8.2478804,55.88989411],[8.24798425,55.88980722],[8.24817274,55.88975842],[8.24829843,55.88976619]]],[[[10.46373667,56.20624717],[10.46327421,56.20626208],[10.46275695,56.20615857],[10.4627207,56.20606177],[10.46283277,56.2059439],[10.46291817,56.20595116],[10.4630539,56.20605649],[10.46335757,56.20610555],[10.46380482,56.20607689],[10.46407482,56.20599121],[10.4638687,56.20616662]]],[[[8.71585327,56.62303918],[8.71555992,56.62340758],[8.71532259,56.62380314],[8.71504276,56.62388947],[8.71509208,56.62366031],[8.71523933,56.62341062],[8.71557158,56.62322235],[8.715855,56.62293919]]],[[[10.10528484,55.85803064],[10.10531652,55.85812237],[10.10526337,55.85823112],[10.10525214,55.85831938],[10.10534134,55.85842245],[10.10595717,55.85872396],[10.10594086,55.85876823],[10.10584832,55.85876726],[10.10501418,55.858334],[10.10487045,55.85819547],[10.10484189,55.85808961],[10.10488596,55.85802703],[10.10502653,55.85797545],[10.10517602,55.85797375],[10.10528484,55.85803064]]],[[[10.35512253,56.56723332],[10.35496804,56.56705009],[10.35505077,56.56685574],[10.3554118,56.56679385],[10.35565226,56.56689159],[10.35555665,56.56698967],[10.35535192,56.56707627],[10.35546347,56.56715538],[10.35521317,56.56719666]]],[[[10.63302148,55.89895324],[10.63283495,55.89887627],[10.63270198,55.89873784],[10.63277686,55.89858255],[10.633148,55.89827191],[10.6331566,55.89846132],[10.6330349,55.89857212],[10.63315838,55.89870555],[10.63308766,55.89889529]]],[[[10.40954269,56.2118431],[10.40954231,56.21189414],[10.40932896,56.21198122],[10.40911597,56.21200782],[10.4088564,56.21210549],[10.40869112,56.21207008],[10.40849845,56.21205727],[10.40845864,56.21194342],[10.40866616,56.21183781],[10.40917952,56.21183268],[10.40949449,56.21182577]]],[[[10.66999825,55.90922172],[10.66975749,55.90921842],[10.67039767,55.90903028],[10.67078532,55.90901523],[10.67125199,55.90894788],[10.67106672,55.90910406],[10.67096495,55.90923763],[10.67044977,55.90919259],[10.66999825,55.90922172]]],[[[10.35487274,56.65250473],[10.35503508,56.65261501],[10.35494389,56.65277377],[10.3547609,56.65281548],[10.3546296,56.6528294],[10.35441836,56.65278848],[10.35431804,56.65272461],[10.35436668,56.65259829],[10.35451732,56.65250033],[10.3547484,56.65247607],[10.35485552,56.65246134]]],[[[8.25247528,55.89036983],[8.25259503,55.89044531],[8.25261163,55.8905385],[8.25252285,55.8906404],[8.25241311,55.89068448],[8.25231969,55.89071994],[8.25219876,55.89072253],[8.25207009,55.89067054],[8.25190848,55.8905354],[8.25192338,55.89044267],[8.25200208,55.89044091],[8.25204417,55.89043856],[8.25211598,55.89036298],[8.25234316,55.89033093],[8.25247528,55.89036983]]],[[[10.24300724,55.88532],[10.24294015,55.88546193],[10.24261036,55.88553319],[10.24240352,55.88536949],[10.24208118,55.88528369],[10.24193667,55.88522926],[10.2425119,55.8852638],[10.24287931,55.88519908],[10.24303636,55.8852604]]],[[[10.22762603,56.71141063],[10.22746274,56.71133291],[10.22763433,56.711234],[10.22798564,56.71105597],[10.22817547,56.71109084],[10.22827897,56.71120384],[10.22798789,56.71127526],[10.2279351,56.71137992]]],[[[10.28317675,56.59843252],[10.28323867,56.59850053],[10.28338632,56.59856558],[10.28342289,56.59871696],[10.28335685,56.59888288],[10.28323605,56.59898547],[10.28321108,56.59896471],[10.28306156,56.59871036],[10.28303362,56.59866446],[10.28299436,56.59864519],[10.28300661,56.59861721],[10.28286116,56.59841565],[10.28289358,56.59837722],[10.28317675,56.59843252]]],[[[10.22598191,56.70796033],[10.22585848,56.70798239],[10.22557351,56.70795501],[10.22537864,56.7079049],[10.22507698,56.7078111],[10.22562045,56.70754969],[10.22546921,56.70770114],[10.22575677,56.70779346],[10.22599727,56.70793547]]],[[[10.11394324,55.85581737],[10.11319178,55.85601404],[10.11306657,55.85609353],[10.11304442,55.85617388],[10.11287597,55.85614369],[10.11278867,55.85609065],[10.11277543,55.8560187],[10.11343438,55.8558271],[10.11372633,55.85572373],[10.1138863,55.85571994],[10.11396986,55.85576501],[10.11394324,55.85581737]]],[[[9.03021912,56.79437588],[9.0296778,56.79468011],[9.02967007,56.79463717],[9.02957847,56.79453334],[9.02955288,56.79446795],[9.02971469,56.79434258],[9.02995265,56.79423553],[9.03023118,56.79430203],[9.03050094,56.79425822]]],[[[8.25027011,55.89184297],[8.24999294,55.89192152],[8.24978368,55.89201836],[8.24961355,55.89185271],[8.24978074,55.89178931],[8.2498018,55.8917092],[8.25014541,55.89166807],[8.25025308,55.89171464]]],[[[10.65711906,55.88754552],[10.65694202,55.88772862],[10.65705129,55.88797383],[10.65707337,55.88824816],[10.65690217,55.8883619],[10.65669487,55.88837933],[10.65687831,55.88824863],[10.65688896,55.88803703],[10.6567875,55.88779118],[10.65707829,55.88754553]]],[[[8.26251068,55.89183134],[8.26262281,55.89195556],[8.2625978,55.89203494],[8.26255192,55.89205928],[8.26240622,55.89208653],[8.26222511,55.89213397],[8.26204645,55.89213703],[8.26196391,55.89210482],[8.26196143,55.89205008],[8.26202908,55.89195668],[8.26214139,55.89186103],[8.26227036,55.89180546],[8.26237574,55.89179675],[8.26251068,55.89183134]]],[[[10.46786485,56.20320535],[10.46758236,56.20338114],[10.46722697,56.20359814],[10.46690168,56.20383958],[10.46667222,56.20386747],[10.46677256,56.20374677],[10.4670453,56.20359014],[10.4673577,56.20339944],[10.46767772,56.20319751],[10.46786485,56.20320535]]],[[[10.10523476,56.46338051],[10.10525133,56.46350965],[10.10511728,56.46357697],[10.10478508,56.46365594],[10.10451609,56.46371],[10.10448565,56.46357819],[10.10471906,56.46349516],[10.10490352,56.4634424],[10.10518146,56.4633781]]],[[[10.65991022,55.90526226],[10.65990885,55.90540624],[10.65942458,55.90526692],[10.65908852,55.90530919],[10.65884259,55.90521806],[10.65880535,55.9051065],[10.65899749,55.90517041],[10.6595062,55.90516652]]],[[[8.3496218,55.96699869],[8.34945553,55.96699691],[8.34929446,55.96688626],[8.34941745,55.96674593],[8.34959297,55.96670202],[8.34976685,55.96670788],[8.34987021,55.96679208],[8.34984274,55.96692132],[8.3496218,55.96699869]]],[[[10.22648846,56.48235648],[10.22623958,56.48235309],[10.22619525,56.48225254],[10.22632267,56.48216017],[10.2265623,56.48210848],[10.22673677,56.48210082],[10.22688683,56.48217194],[10.2270173,56.4822499],[10.22696501,56.48229992],[10.22672136,56.48226738]]],[[[10.2361934,56.50326098],[10.23606989,56.5032649],[10.23592886,56.50321482],[10.23597276,56.50309587],[10.23621937,56.50299054],[10.23649744,56.50306783],[10.23651824,56.50322774],[10.23632452,56.50326614],[10.2361934,56.50326098]]],[[[8.34035033,55.97426778],[8.34017291,55.97426045],[8.34000258,55.97411955],[8.34017552,55.97401302],[8.34045556,55.97406339],[8.34067058,55.97406454],[8.34078836,55.97408288],[8.34062293,55.97417166],[8.34046985,55.97424982],[8.34036469,55.97425268]]],[[[10.00837291,55.71765178],[10.00815669,55.7176443],[10.00774152,55.71732251],[10.00749917,55.71694269],[10.00759503,55.71691926],[10.00766805,55.71702865],[10.00807275,55.71753114],[10.00821825,55.71758683],[10.00887259,55.71755872],[10.00889515,55.71759385]]],[[[10.27887443,56.59449416],[10.27907636,56.59461383],[10.27926068,56.59484392],[10.27927801,56.59495219],[10.27911119,56.59496029],[10.27897208,56.59489712],[10.27890933,56.59477018],[10.27883354,56.59470581],[10.27877719,56.59449866]]],[[[10.10671484,55.85779844],[10.10675282,55.85786406],[10.10669487,55.8579388],[10.1064488,55.85802764],[10.10629925,55.85802737],[10.10615363,55.85793486],[10.10612552,55.85784508],[10.10622265,55.85777187],[10.10656762,55.85776203],[10.10671484,55.85779844]]],[[[10.08615277,56.46762779],[10.08606056,56.46754198],[10.08588042,56.46745766],[10.08590087,56.46736089],[10.08598926,56.46737548],[10.08616832,56.46736502],[10.08636889,56.46736884],[10.08652143,56.46742465],[10.08647555,56.46752864],[10.08632073,56.46760952]]],[[[10.6462365,55.89267552],[10.64627568,55.89281887],[10.64613127,55.89290204],[10.64619079,55.89305375],[10.64583373,55.89302833],[10.64589826,55.89294353],[10.64594264,55.89285846],[10.6460919,55.89264448],[10.64630891,55.89261048],[10.6462365,55.89267552]]],[[[8.2521212,55.88593465],[8.25204709,55.88600581],[8.25201793,55.88606736],[8.25215177,55.88612397],[8.25205823,55.886158],[8.25185507,55.88612244],[8.25174369,55.88603667],[8.25162794,55.88592877],[8.25173504,55.88582996],[8.25199311,55.88581167],[8.2521212,55.88593465]]],[[[10.19380778,55.85094573],[10.19380521,55.85100254],[10.19364762,55.85111424],[10.19327111,55.85123408],[10.19284384,55.85126104],[10.1928388,55.85121661],[10.1932611,55.85113147],[10.19355317,55.8509721],[10.19373767,55.85090974]]],[[[10.10550716,56.466159],[10.1053754,56.4661546],[10.10529913,56.46610488],[10.10532296,56.46605902],[10.10544559,56.46603978],[10.1056325,56.46597576],[10.10582176,56.46589788],[10.10598552,56.4659312],[10.1060225,56.46601937],[10.10592191,56.46609924],[10.10578142,56.46610723],[10.10550716,56.466159]]],[[[10.08484002,56.46795984],[10.08467894,56.46795218],[10.08446035,56.46791958],[10.08437183,56.46782674],[10.08453843,56.46778314],[10.08473185,56.46778693],[10.08511648,56.46779597],[10.08508242,56.46789375]]],[[[10.63981405,55.89574924],[10.6397228,55.89573562],[10.63962757,55.89575693],[10.63946968,55.89569155],[10.63950346,55.89558605],[10.63963026,55.89543761],[10.63986887,55.89544494],[10.63990909,55.89553409],[10.6398254,55.89569598]]],[[[8.17085835,56.39505639],[8.17112444,56.39511252],[8.17112736,56.39517175],[8.17088277,56.39522232],[8.17068445,56.39534327],[8.17055026,56.39530805],[8.17055557,56.39515319],[8.1707384,56.39505208]]],[[[8.25101502,55.88794451],[8.25107947,55.88802658],[8.25111764,55.88816142],[8.25113866,55.88827386],[8.25110425,55.88833376],[8.25105832,55.88836116],[8.25096349,55.88837002],[8.25089402,55.88834102],[8.25083537,55.88824865],[8.25081411,55.88814061],[8.25084485,55.88804672],[8.25087877,55.88799553],[8.25094424,55.88794193],[8.25101502,55.88794451]]],[[[8.37847763,55.93342263],[8.37850318,55.93350614],[8.37842591,55.93356362],[8.37831156,55.93364741],[8.37807287,55.93357918],[8.37794802,55.93353874],[8.37806667,55.93340636],[8.37822865,55.93341724],[8.37837514,55.93338563]]],[[[8.27405084,55.88555157],[8.27413495,55.88562764],[8.27414835,55.88567183],[8.27413107,55.88569833],[8.27407163,55.88574794],[8.27395066,55.885805],[8.27384716,55.88583404],[8.27377195,55.88583818],[8.27370574,55.8858049],[8.2736766,55.88573896],[8.27370971,55.88562666],[8.27375521,55.8855784],[8.27380005,55.88556627],[8.27389853,55.88554897],[8.27405084,55.88555157]]],[[[10.11055724,55.85701666],[10.11066923,55.85706148],[10.11069668,55.8571333],[10.11057243,55.85724674],[10.1102581,55.85721624],[10.11014809,55.85712333],[10.11018396,55.8570309],[10.11030407,55.85700754],[10.11055724,55.85701666]]],[[[10.22625532,56.709089],[10.22665285,56.7092522],[10.22664355,56.70928266],[10.22669325,56.70932413],[10.22661214,56.70939672],[10.22648274,56.70941111],[10.22632176,56.70930856],[10.2260804,56.70911022],[10.22619419,56.70908798]]],[[[10.22822718,56.7083163],[10.2280705,56.70826016],[10.22806823,56.70817546],[10.22842125,56.70813595],[10.22853409,56.70817473],[10.22860231,56.70834827],[10.22854303,56.70836889],[10.22832486,56.70837607]]],[[[10.22488477,56.70978837],[10.22535896,56.70989252],[10.22542088,56.70994788],[10.22536752,56.70998983],[10.22511119,56.70999432],[10.22481597,56.70994323],[10.22471291,56.70987353],[10.22476003,56.70978538],[10.22488477,56.70978837]]],[[[10.10181114,56.46634164],[10.10159322,56.46639972],[10.10154543,56.4664758],[10.10134276,56.46653376],[10.10117237,56.46649591],[10.10127142,56.46637958],[10.10132428,56.46629914],[10.1016137,56.46630556],[10.10182906,56.46631596]]],[[[10.66779613,55.91253415],[10.6677483,55.91273205],[10.66767898,55.91288396],[10.66746287,55.91296354],[10.66725767,55.91289084],[10.66751567,55.91277339],[10.66767121,55.91266192],[10.66775367,55.91257004],[10.6677771,55.91251958]]],[[[8.36301048,55.95374012],[8.36306409,55.95382072],[8.36300724,55.95393742],[8.36291276,55.95396622],[8.36283532,55.95398092],[8.36271917,55.9539636],[8.3626395,55.95389014],[8.36265427,55.95378105],[8.36273162,55.95372295],[8.36290314,55.95370353],[8.36301048,55.95374012]]],[[[10.34472677,56.59081295],[10.34489775,56.59093617],[10.34492349,56.59103751],[10.34478316,56.59107075],[10.34459483,56.59102741],[10.34454844,56.59094084],[10.34447108,56.59085354],[10.34450247,56.59079758],[10.34461548,56.59078818],[10.34471874,56.59078841]]],[[[8.17263708,56.39499171],[8.17272228,56.39500738],[8.17280177,56.39506963],[8.1727917,56.39511539],[8.17267546,56.39513447],[8.17250734,56.39519229],[8.17242781,56.39519167],[8.1722714,56.39513555],[8.17221833,56.39509512],[8.17220723,56.39506171],[8.17223671,56.39502444],[8.17229458,56.3949932],[8.1724478,56.39498695],[8.17263708,56.39499171]]],[[[8.25082274,56.34582515],[8.25094643,56.34592015],[8.25100552,56.34600874],[8.25089519,56.34607438],[8.25068358,56.34604884],[8.25060432,56.34596516],[8.25046884,56.34591034],[8.25055883,56.34585923],[8.25082274,56.34582515]]],[[[10.11636663,56.46638987],[10.1162322,56.4664051],[10.1159642,56.46644875],[10.11572195,56.46647347],[10.1155844,56.46643787],[10.11554605,56.46639761],[10.11556967,56.46636729],[10.1156759,56.46633669],[10.11588782,56.46632921],[10.11604443,56.46633401],[10.11616335,56.46632126],[10.11630284,56.4663067],[10.11640588,56.46632797],[10.11641791,56.46637288],[10.11636663,56.46638987]]],[[[10.65890412,55.9049018],[10.65875156,55.90486558],[10.65866738,55.90483121],[10.6584594,55.90468834],[10.658513,55.90463972],[10.65858961,55.90461317],[10.65869986,55.90465141],[10.65874489,55.90460066],[10.6588514,55.90464505],[10.65895062,55.90479199]]],[[[10.46676523,56.20351691],[10.46652356,56.20360496],[10.46629574,56.20365483],[10.46600056,56.20370955],[10.46579268,56.20372433],[10.46587209,56.20365923],[10.46606581,56.20360706],[10.46623383,56.2035871],[10.46648182,56.20350832],[10.46676573,56.20345382],[10.46676523,56.20351691]]],[[[10.29293492,56.46975052],[10.29297451,56.46977868],[10.29297514,56.46983051],[10.29294001,56.46989063],[10.2928604,56.46991725],[10.29277125,56.46991647],[10.29250646,56.46991069],[10.29242321,56.46989251],[10.29236122,56.4698405],[10.29238783,56.46980177],[10.29249288,56.46977381],[10.29262655,56.4697522],[10.29278498,56.46974714],[10.29293492,56.46975052]]],[[[10.65565096,55.90524026],[10.65568752,55.9053024],[10.65582434,55.90549862],[10.65592929,55.90566391],[10.65586128,55.9056934],[10.65573165,55.90562469],[10.65560915,55.90549046],[10.65554731,55.90528568],[10.65563258,55.90522936]]],[[[8.24904916,55.89067407],[8.24910242,55.89071474],[8.24910537,55.8907605],[8.24899077,55.89089898],[8.2489081,55.89092418],[8.24883756,55.89091719],[8.24878298,55.89085431],[8.24872271,55.8907959],[8.24868348,55.89074067],[8.24871278,55.89068056],[8.2488353,55.89064563],[8.24904916,55.89067407]]],[[[10.65419175,55.90489601],[10.6542425,55.90498708],[10.6541302,55.90508097],[10.65389401,55.90507929],[10.65385274,55.90500426],[10.65417913,55.90476857],[10.65428475,55.90481469],[10.65423232,55.90484568],[10.65419175,55.90489601]]],[[[10.22916306,56.7081767],[10.22902417,56.70810017],[10.22892064,56.70812141],[10.22892374,56.70800099],[10.22880865,56.70792809],[10.2288939,56.70787235],[10.22896826,56.70785347],[10.22907209,56.70792666],[10.22919718,56.70803072]]],[[[10.03226036,55.84528321],[10.03217239,55.84524198],[10.03193975,55.84513565],[10.03180325,55.84514381],[10.03174431,55.84502901],[10.03184196,55.8449653],[10.03190303,55.8450399],[10.03216936,55.84513373],[10.03249889,55.84526198],[10.03238089,55.84526297]]],[[[10.2244596,56.14851625],[10.2244263,56.14852188],[10.22439791,56.14849987],[10.22423482,56.14849906],[10.22419161,56.14846652],[10.22410076,56.14839337],[10.22400573,56.1483156],[10.2241204,56.14827197],[10.22408875,56.14824874],[10.22409449,56.14824688],[10.22411492,56.14823626],[10.22416931,56.14819519],[10.22454325,56.14849915],[10.2244596,56.14851625]]],[[[8.27657421,55.88335333],[8.27669693,55.88336501],[8.27676426,55.88340683],[8.27678195,55.88346138],[8.27670406,55.88354036],[8.27646876,55.88356521],[8.27639014,55.88351182],[8.27637222,55.88346113],[8.2763622,55.88341561],[8.27646348,55.88335941],[8.27657421,55.88335333]]],[[[10.22749439,56.70762954],[10.2275998,56.70772104],[10.22774711,56.70791564],[10.2276831,56.7079567],[10.22746591,56.70787861],[10.22735582,56.7077433],[10.22727027,56.70769958],[10.22732908,56.70765947],[10.22745494,56.70762687]]],[[[10.22608398,56.70853228],[10.22613213,56.70858635],[10.22650224,56.70884075],[10.22626626,56.70881261],[10.22617548,56.70873363],[10.22602413,56.70855543],[10.22587633,56.70853127],[10.22605134,56.70844779],[10.22608398,56.70853228]]],[[[10.66038733,55.88961034],[10.66056913,55.89005551],[10.66068174,55.89026598],[10.66068553,55.89035094],[10.66061848,55.89042841],[10.66056649,55.89048043],[10.66048279,55.89044139],[10.66057666,55.89034405],[10.66049638,55.88999215],[10.66032885,55.88962272],[10.66038733,55.88961034]]],[[[10.21720128,56.01100148],[10.2170498,56.01100441],[10.2170128,56.01096533],[10.21720713,56.01087131],[10.21751958,56.01087613],[10.21758295,56.01091756],[10.2175435,56.01097375],[10.21743615,56.01100302],[10.21720128,56.01100148]]],[[[8.35297375,55.9658398],[8.35309952,55.96593517],[8.3531421,55.96602327],[8.3530702,55.96607914],[8.35296706,55.96609648],[8.35285475,55.9660781],[8.35279218,55.96601595],[8.35280294,55.96595697],[8.35284086,55.96588304],[8.35290519,55.96583944]]],[[[10.11544837,56.46642634],[10.11559206,56.46651076],[10.11498362,56.4665687],[10.11494556,56.46653831],[10.11494854,56.46647925],[10.11497798,56.46645913],[10.11536821,56.46639929],[10.11544837,56.46642634]]],[[[10.36850918,56.20037462],[10.36854741,56.20037995],[10.36856244,56.20039012],[10.36850854,56.20041534],[10.36834089,56.20045592],[10.36810484,56.20056276],[10.36800237,56.20058663],[10.36792077,56.200563],[10.36791334,56.2004947],[10.36797598,56.20042958],[10.36829239,56.20038385],[10.36841689,56.20037205],[10.36850918,56.20037462]]],[[[10.35374966,56.63331736],[10.35387168,56.6334376],[10.35413442,56.63354507],[10.3541451,56.63364757],[10.35394968,56.633608],[10.35378111,56.63348548],[10.3536296,56.63340204],[10.3536424,56.63328133]]],[[[10.6351587,55.91334182],[10.6352679,55.91351461],[10.63537956,55.91355959],[10.63529953,55.91362356],[10.63520353,55.91360848],[10.63501159,55.91355702],[10.63498437,55.91338924],[10.6351133,55.91331618],[10.6351587,55.91334182]]],[[[8.17845034,56.34421228],[8.17831972,56.34421528],[8.17814668,56.34409149],[8.17817145,56.34403047],[8.17860441,56.34408994],[8.17865583,56.34412883],[8.17859424,56.34413399],[8.17855821,56.34418443],[8.17852255,56.34419515]]],[[[10.22835197,56.70749881],[10.22845531,56.7075269],[10.22834969,56.70757897],[10.22836272,56.7076332],[10.22828576,56.70767763],[10.22823926,56.70773927],[10.22813143,56.70770377],[10.22816501,56.70761637],[10.22807776,56.70752056],[10.22828978,56.70747992]]],[[[10.05697474,55.82842496],[10.05694142,55.82848527],[10.05697098,55.82855106],[10.05725918,55.82861742],[10.05697963,55.82860508],[10.05660987,55.82848641],[10.0566558,55.8284374],[10.05687739,55.82842013]]],[[[10.22433949,56.71423946],[10.22451687,56.71430349],[10.22466094,56.71434277],[10.22469778,56.71439533],[10.22462776,56.71442782],[10.22447899,56.71443495],[10.22434866,56.71438609],[10.22424997,56.71432031],[10.22422506,56.71427293],[10.22425326,56.71424058],[10.22433949,56.71423946]]],[[[10.661748,55.90554319],[10.66175647,55.9055766],[10.66172698,55.90566515],[10.66172758,55.90574629],[10.66166771,55.90575303],[10.66153017,55.90573143],[10.66143845,55.90569637],[10.66140682,55.90565626],[10.6614619,55.90559387],[10.66170324,55.9055438]]],[[[10.11227388,55.85622856],[10.11233717,55.85630797],[10.11248903,55.85637237],[10.11246507,55.85640062],[10.11230093,55.85639249],[10.11208513,55.85632678],[10.11201426,55.85623945],[10.11209796,55.85618846],[10.1122009,55.85617935],[10.11227388,55.85622856]]],[[[9.19291585,56.72214052],[9.19310254,56.72222262],[9.19302765,56.72227574],[9.19309874,56.72243815],[9.19313632,56.72249972],[9.19294458,56.72242392],[9.19296466,56.72229219],[9.19280737,56.72224122],[9.19285423,56.72213873]]],[[[10.64360907,55.87916144],[10.6436493,55.87919415],[10.64360479,55.87927949],[10.64363209,55.8793468],[10.64381293,55.87945725],[10.64374577,55.87947945],[10.64364158,55.87946161],[10.64352444,55.87939829],[10.64346832,55.87931097],[10.6435161,55.87917446],[10.64357643,55.87915685]]],[[[10.23034844,56.70922044],[10.23045786,56.70926446],[10.23057824,56.70935402],[10.23057299,56.70942846],[10.23046348,56.70944671],[10.2303321,56.7093905],[10.23032598,56.70934312],[10.23026356,56.70929729],[10.23023178,56.70921953],[10.23028445,56.70921182]]],[[[10.64213359,55.89702945],[10.64213899,55.89710046],[10.64219643,55.89713501],[10.64205413,55.89716647],[10.64196202,55.89708341],[10.64198267,55.89702697],[10.64188818,55.89700522],[10.64200361,55.89687158],[10.6420596,55.89689842],[10.64211029,55.8970116]]],[[[10.22629765,56.48186796],[10.22636701,56.48192909],[10.22637178,56.48201665],[10.22629802,56.48205547],[10.22619894,56.48205483],[10.22609346,56.48197105],[10.22611319,56.48189835],[10.22615356,56.48186606],[10.22625091,56.48185871]]],[[[10.64074359,55.89630246],[10.64093141,55.89634938],[10.6410786,55.89642632],[10.64111679,55.89648602],[10.64106988,55.89650004],[10.64066028,55.89637483],[10.64062844,55.89632907],[10.64067411,55.89629719]]],[[[9.03427547,56.82168567],[9.03433889,56.82170613],[9.03427356,56.82175277],[9.03425534,56.82189355],[9.0342344,56.82193057],[9.03407707,56.82186836],[9.03402373,56.82176587],[9.03411625,56.82171877],[9.03427547,56.82168567]]],[[[10.64030848,55.89613383],[10.6403562,55.89616168],[10.64047627,55.89618336],[10.64051799,55.89623969],[10.64048097,55.89629482],[10.64039242,55.89631891],[10.64028504,55.89627182],[10.64016769,55.89620095],[10.64022215,55.89613831],[10.64030848,55.89613383]]],[[[10.65753461,55.90547957],[10.65751828,55.90555788],[10.65742609,55.90548184],[10.6573423,55.90537018],[10.65742455,55.90537078],[10.65754913,55.90536623],[10.65770572,55.90538443],[10.65766802,55.90546806],[10.65756466,55.90546775]]],[[[8.27551762,55.88553667],[8.27553851,55.88554803],[8.27558254,55.88557901],[8.27560205,55.88562172],[8.27556423,55.88568655],[8.27546648,55.88573288],[8.27538682,55.88572657],[8.27532434,55.88570814],[8.2753189,55.88565698],[8.27536045,55.88558876],[8.27540567,55.88554733],[8.27545698,55.88553056],[8.27547494,55.88552779],[8.27551762,55.88553667]]],[[[10.66705096,55.91390902],[10.66702409,55.91398388],[10.66700344,55.91408445],[10.66692987,55.9141523],[10.66683049,55.9141408],[10.66681228,55.91405567],[10.66686132,55.91396442],[10.66700822,55.91390124]]],[[[10.22846288,56.70707238],[10.22825844,56.70706469],[10.2282877,56.70700519],[10.228373,56.70699114],[10.22844021,56.70691312],[10.22849368,56.70693991],[10.2285416,56.70693683],[10.22859129,56.70696778],[10.22861242,56.70702463],[10.22862355,56.7070504],[10.22850945,56.7070729]]],[[[10.33673093,56.62069554],[10.33690178,56.62077987],[10.33698698,56.62084319],[10.3369267,56.62086702],[10.33674957,56.62080307],[10.33663762,56.62078046],[10.33649951,56.62071869],[10.33658776,56.62066113],[10.33673093,56.62069554]]],[[[10.65432161,55.90467706],[10.65426272,55.90469915],[10.65416179,55.90471452],[10.65409028,55.90474073],[10.65405484,55.90470482],[10.65393784,55.9046735],[10.65388178,55.90469052],[10.65388126,55.90465583],[10.65394975,55.90464871],[10.65422339,55.9045984],[10.65434625,55.9046734]]],[[[10.6569535,55.90482472],[10.65697514,55.90489713],[10.65693814,55.90494104],[10.65682244,55.90494763],[10.65669786,55.90489961],[10.65669526,55.90485381],[10.65669824,55.90480722],[10.6567406,55.9047991],[10.65684787,55.90480116],[10.65692738,55.90479749]]],[[[10.63002022,55.90016538],[10.63014547,55.90018061],[10.63018891,55.90020574],[10.63008838,55.90026872],[10.63003507,55.90029441],[10.62997102,55.90030406],[10.62993083,55.90030307],[10.62988792,55.90028674],[10.62985083,55.90026063],[10.629835,55.90020728],[10.62986338,55.90016709],[10.62989303,55.900157],[10.62995167,55.90015541],[10.63002022,55.90016538]]],[[[10.2297856,56.70937847],[10.22984435,56.70942146],[10.22995203,56.70944753],[10.22999036,56.70947564],[10.23000233,56.70951218],[10.22998519,56.70954766],[10.22994106,56.70957199],[10.22987426,56.70957238],[10.22981779,56.70954877],[10.22977416,56.70951353],[10.22968081,56.70940088],[10.22967857,56.70937746],[10.22971859,56.70936745],[10.2297856,56.70937847]]],[[[10.3361401,56.62047303],[10.33629859,56.62057196],[10.33637562,56.62057967],[10.33641358,56.62063003],[10.33637615,56.62064993],[10.33615707,56.62056594],[10.33596631,56.62050841],[10.33590143,56.62048485],[10.33596281,56.62045526],[10.33602359,56.6204042],[10.3361401,56.62047303]]],[[[10.25169977,56.57870211],[10.25175943,56.57871921],[10.25192397,56.57878179],[10.25193873,56.57881974],[10.25188525,56.57884193],[10.25177748,56.57883691],[10.25165629,56.57881028],[10.25160031,56.57878604],[10.25159834,56.57873637],[10.25163308,56.57870386],[10.25169977,56.57870211]]],[[[9.19804781,56.72538977],[9.19800709,56.72535291],[9.19794506,56.72536451],[9.19792065,56.72535269],[9.19807691,56.72517438],[9.19819338,56.72510349],[9.19820799,56.72514749],[9.19806424,56.72537465]]],[[[8.25208606,55.88671419],[8.25212073,55.88675744],[8.25210687,55.8868295],[8.2520518,55.88688335],[8.25197773,55.88689404],[8.25194722,55.88687589],[8.25187199,55.88685557],[8.25187363,55.88682018],[8.25194988,55.88676233],[8.25196707,55.88673305],[8.25201809,55.88670721],[8.25208606,55.88671419]]],[[[8.2512099,55.8863923],[8.25126715,55.88645807],[8.25128645,55.88649377],[8.2512745,55.8865246],[8.25121547,55.88655174],[8.25113378,55.88655933],[8.25109477,55.88655136],[8.25105486,55.88650655],[8.25107179,55.88642417],[8.25111264,55.88639531],[8.25115509,55.88638263],[8.2512099,55.8863923]]],[[[10.6523173,55.90823107],[10.65237537,55.90826111],[10.65242251,55.90830119],[10.65247523,55.90835961],[10.65246835,55.90838208],[10.65242408,55.90839076],[10.65238817,55.908389],[10.65230645,55.90838614],[10.65225725,55.90838411],[10.65222541,55.9083689],[10.65221497,55.90833049],[10.65223041,55.9082645],[10.65224749,55.9082374],[10.65228289,55.90822704],[10.6523173,55.90823107]]],[[[10.22865857,56.70787943],[10.2285561,56.70785277],[10.22853588,56.70778873],[10.2284394,56.70779552],[10.22837456,56.70777073],[10.22843859,56.70771547],[10.22855999,56.70774671],[10.22869527,56.7077522],[10.22868571,56.70781995],[10.22865857,56.70787943]]],[[[9.17998334,56.71685091],[9.17987969,56.71683615],[9.17983824,56.71681168],[9.17989201,56.71674773],[9.18001055,56.71673202],[9.18025881,56.71668369],[9.18031374,56.7167252],[9.18009968,56.71675076],[9.18002621,56.71683091]]],[[[10.39244407,56.54027056],[10.392376,56.54026368],[10.39233763,56.54020212],[10.39248318,56.54012645],[10.39262133,56.54013308],[10.39260442,56.54018619],[10.39257125,56.54023077],[10.39254718,56.54024838],[10.39245694,56.54025802]]],[[[10.22497412,56.14942884],[10.22508201,56.14938931],[10.22505421,56.14936577],[10.22513776,56.14933556],[10.22523264,56.14934765],[10.22528381,56.14939252],[10.22526304,56.14944295],[10.2251832,56.14947331],[10.22510175,56.14946863],[10.22504512,56.14948977],[10.22497412,56.14942884]]],[[[10.24225206,55.87799],[10.2420839,55.87807015],[10.2419163,55.87816772],[10.24182093,55.87819483],[10.24183246,55.87817036],[10.24196608,55.87807484],[10.24218906,55.87795928],[10.24227465,55.87791654],[10.24225206,55.87799]]],[[[10.2279876,56.70720482],[10.2279864,56.70726836],[10.22804313,56.70730985],[10.22811438,56.70734571],[10.22806709,56.7073734],[10.22790881,56.70736355],[10.22783994,56.70732542],[10.22787372,56.70727432],[10.22788637,56.70722622],[10.22795271,56.70719196]]],[[[10.65148819,55.90811665],[10.65136412,55.90811086],[10.65126552,55.90809861],[10.65125363,55.90805599],[10.65129477,55.90803756],[10.65131342,55.9079682],[10.65137076,55.90795845],[10.65142751,55.90801403],[10.65148184,55.90803119],[10.65150194,55.90810514]]],[[[10.22441249,56.70809841],[10.22450987,56.70816942],[10.22450397,56.70818906],[10.22448106,56.70820789],[10.22446317,56.7082104],[10.22439479,56.70823227],[10.2243549,56.70822647],[10.22428076,56.70819692],[10.22426006,56.70817322],[10.22425533,56.70814326],[10.22427679,56.70811501],[10.22432171,56.70809481],[10.22437048,56.70808741],[10.22441249,56.70809841]]],[[[10.29194638,56.46976144],[10.29203559,56.46978315],[10.29205523,56.4698117],[10.29202513,56.46984795],[10.29192429,56.46985646],[10.29182729,56.46984453],[10.2917576,56.46983339],[10.29172978,56.46981239],[10.29173828,56.46977115],[10.29184583,56.46975943],[10.29194638,56.46976144]]],[[[10.27639882,56.5923322],[10.27652576,56.59233943],[10.27658281,56.59236517],[10.27652977,56.59240534],[10.27641635,56.59241261],[10.2762727,56.59240277],[10.27622196,56.5923757],[10.27624789,56.59233824],[10.27631626,56.59233251]]],[[[10.66979834,55.91382048],[10.66983183,55.91389219],[10.6697987,55.91392921],[10.66972655,55.91394089],[10.66966318,55.91396304],[10.66961767,55.91395773],[10.66960444,55.91391792],[10.6696228,55.91388712],[10.66967887,55.91385526],[10.66969654,55.91382698],[10.66974899,55.9138003],[10.66979834,55.91382048]]],[[[8.26537187,55.89155283],[8.26535267,55.89157024],[8.26534357,55.89159516],[8.26530028,55.89161844],[8.26519218,55.89162705],[8.26513828,55.89160265],[8.2651504,55.89157029],[8.2652102,55.89152841],[8.26527198,55.89149958],[8.26530668,55.89149125],[8.26536131,55.89150245],[8.26542184,55.89149751],[8.26544014,55.8915022],[8.26542097,55.89151817],[8.26537187,55.89155283]]],[[[10.65997219,55.90545086],[10.66005136,55.90549913],[10.6600969,55.9055616],[10.66002251,55.90559523],[10.65993757,55.90557669],[10.65986669,55.9055053],[10.65986294,55.9054624],[10.65989467,55.90544508],[10.65997219,55.90545086]]],[[[10.65481503,55.90459243],[10.65487531,55.90462567],[10.65499133,55.90471668],[10.65493708,55.9047387],[10.65489674,55.9047494],[10.65485786,55.90473788],[10.65475494,55.90467636],[10.65475026,55.9046305],[10.65480009,55.90459092]]],[[[10.23063547,56.70962084],[10.2307212,56.70962502],[10.23077426,56.70965397],[10.23080453,56.70969554],[10.23079465,56.7097181],[10.23072298,56.70975933],[10.23069381,56.70976168],[10.23062369,56.70972042],[10.23058671,56.70968844],[10.23057406,56.70964121],[10.23058903,56.70961941],[10.23063547,56.70962084]]],[[[10.64967101,55.90138516],[10.64956358,55.9014017],[10.64955246,55.90137336],[10.64952491,55.90136115],[10.64951997,55.90131646],[10.64953969,55.90125347],[10.64959656,55.90124427],[10.6496556,55.90129721],[10.64971676,55.90133998],[10.64967101,55.90138516]]],[[[10.31756553,56.61588516],[10.31773802,56.61597641],[10.3177199,56.61603645],[10.3176153,56.61599946],[10.31737573,56.61584898],[10.31756553,56.61588516]]],[[[10.22656849,56.70747289],[10.22657989,56.70751204],[10.22656427,56.70753897],[10.22647511,56.70756994],[10.22641455,56.70755122],[10.22638331,56.70754515],[10.22634817,56.70752447],[10.22638487,56.70747245],[10.226437,56.70745819],[10.22647571,56.70745296],[10.22651767,56.70745245],[10.22653937,56.70745152],[10.22656849,56.70747289]]],[[[10.22781473,56.70652135],[10.22776841,56.70654849],[10.22770656,56.70652008],[10.2276565,56.70648293],[10.22769119,56.70646444],[10.22773154,56.70644454],[10.227773,56.70642859],[10.22784052,56.70643053],[10.22790591,56.70640707],[10.2279248,56.7064403],[10.22786202,56.70649366]]],[[[10.66508161,55.90704914],[10.66518362,55.90705899],[10.66526643,55.90706506],[10.66532561,55.90707954],[10.66532695,55.90711088],[10.66527736,55.90712593],[10.66511505,55.90710881],[10.6649969,55.90708452],[10.6649858,55.90706059],[10.66501305,55.90704701],[10.66508161,55.90704914]]],[[[10.22470652,56.14875883],[10.22456553,56.14864306],[10.22457698,56.14863881],[10.22460084,56.14862977],[10.22467574,56.1486009],[10.22471261,56.14863154],[10.224708,56.1486332],[10.22477789,56.14868993],[10.22478359,56.1486869],[10.22481838,56.14871792],[10.22470652,56.14875883]]],[[[10.63972637,55.89588871],[10.63976771,55.89590182],[10.63978259,55.89592858],[10.63977578,55.89595284],[10.63973185,55.89598048],[10.63968263,55.89598922],[10.63961299,55.89598368],[10.63957939,55.89597208],[10.63956137,55.89595057],[10.63956589,55.89592877],[10.63959635,55.89590014],[10.63963246,55.89588798],[10.63967948,55.89588412],[10.63972637,55.89588871]]],[[[10.22397765,56.14812117],[10.22395621,56.14813036],[10.22394571,56.14813415],[10.22380215,56.14801831],[10.22390917,56.14797718],[10.22394797,56.1480077],[10.22394193,56.14801028],[10.2240077,56.14806381],[10.22401343,56.1480616],[10.22405303,56.14809211],[10.22397765,56.14812117]]],[[[10.22878576,56.70914511],[10.22882152,56.70917998],[10.22880056,56.70920328],[10.22877576,56.70921934],[10.22873591,56.70923959],[10.22866673,56.70920711],[10.22861455,56.70916001],[10.22862586,56.70913115],[10.22865895,56.70910872],[10.22871072,56.70910821],[10.22876654,56.70910676],[10.22878576,56.70914511]]],[[[10.22874052,56.70943118],[10.22877853,56.70945453],[10.22877681,56.70949704],[10.22875733,56.70952096],[10.22872417,56.70953099],[10.2286545,56.70953859],[10.22861663,56.7095245],[10.22858288,56.70946634],[10.2286077,56.70944103],[10.22864605,56.70942466],[10.22869528,56.70942139],[10.22874052,56.70943118]]],[[[10.22295621,56.14761632],[10.22289578,56.14756866],[10.22288078,56.14755749],[10.22283446,56.14751841],[10.22291248,56.14745582],[10.22306164,56.14757574],[10.22295621,56.14761632]]],[[[10.23238163,56.70771751],[10.23239875,56.70773153],[10.2323961,56.70775528],[10.23236663,56.70777821],[10.23226417,56.70779216],[10.23219667,56.70779121],[10.232154,56.7077849],[10.23212818,56.70776476],[10.23213605,56.70774545],[10.23215794,56.70773068],[10.23223828,56.70771488],[10.23230323,56.70771271],[10.23238163,56.70771751]]],[[[10.22963339,56.70956487],[10.22968798,56.70960585],[10.22970495,56.70963533],[10.22969581,56.7096604],[10.2296491,56.70967092],[10.22958088,56.70966297],[10.22953348,56.70963693],[10.2295016,56.70960131],[10.22951564,56.70956586],[10.22955901,56.70954818],[10.22963339,56.70956487]]],[[[10.67593604,55.91139342],[10.67586777,55.91140208],[10.67582855,55.91137916],[10.67586101,55.91135661],[10.67594622,55.91134],[10.67606642,55.91132991],[10.67612949,55.91133804],[10.67615098,55.91136525],[10.67608902,55.91139395],[10.6759763,55.91138452],[10.67593604,55.91139342]]],[[[10.67852029,55.91073313],[10.67853134,55.91076676],[10.67844648,55.91081339],[10.67833629,55.9108663],[10.67830588,55.91084757],[10.67832294,55.91080546],[10.67840717,55.9107441],[10.67849496,55.91072817]]],[[[10.22932217,56.5246575],[10.22934674,56.52469858],[10.22936879,56.5247972],[10.22937942,56.52483402],[10.22933525,56.52483572],[10.22929603,56.52477402],[10.22924469,56.52474973],[10.22921104,56.52472967],[10.22922217,56.52470197],[10.229256,56.52465231],[10.22932217,56.5246575]]],[[[10.64290046,55.89359267],[10.64292866,55.89359787],[10.64291707,55.89361483],[10.64290099,55.89363185],[10.64292042,55.89366385],[10.64290552,55.89368975],[10.64289026,55.89374118],[10.64286296,55.89374604],[10.6427909,55.89371348],[10.64280531,55.89361174],[10.64282849,55.89359256],[10.64290046,55.89359267]]],[[[10.66497202,55.90750812],[10.66502571,55.90752168],[10.66508959,55.90756],[10.66508045,55.90758196],[10.66503117,55.90758937],[10.66496079,55.90757828],[10.66488497,55.90755252],[10.66483441,55.90753002],[10.66483161,55.90750562],[10.6648582,55.90749897],[10.66497202,55.90750812]]],[[[10.65597189,55.90441116],[10.6559969,55.90450258],[10.65593172,55.90451585],[10.65589756,55.90451011],[10.65583192,55.90449006],[10.65583667,55.90444776],[10.65586585,55.90442301],[10.65590892,55.90440509],[10.65597189,55.90441116]]],[[[10.33146523,56.61452754],[10.33135448,56.61453376],[10.33134836,56.61446177],[10.3315128,56.61442532],[10.33156364,56.61447177],[10.33146523,56.61452754]]],[[[10.64409276,55.87487121],[10.64401759,55.87487401],[10.64399102,55.87485415],[10.64400213,55.87482569],[10.64403592,55.87480071],[10.64410496,55.87477408],[10.6441427,55.87477448],[10.64417043,55.87478381],[10.64420849,55.87480676],[10.64422096,55.87482205],[10.64421153,55.87483727],[10.64416552,55.87485298],[10.64413732,55.87484761],[10.64411217,55.8748501],[10.64409276,55.87487121]]],[[[10.31680366,56.61527056],[10.31685363,56.61532511],[10.31685373,56.61536087],[10.31674237,56.61536376],[10.31668598,56.61534009],[10.31669407,56.61530092],[10.31666897,56.61526794],[10.31670999,56.61525745],[10.31680366,56.61527056]]],[[[10.63110286,55.9004608],[10.63113631,55.90048804],[10.63114772,55.90050829],[10.63114858,55.90052894],[10.63109902,55.90053328],[10.63099756,55.9005358],[10.63094263,55.90054183],[10.63092088,55.90052306],[10.63093204,55.90050306],[10.63095796,55.90049184],[10.63101255,55.90048132],[10.63104317,55.90044874],[10.63107836,55.90044495],[10.63110286,55.9004608]]],[[[10.64659415,55.89188793],[10.64661263,55.89190134],[10.64665074,55.89195915],[10.64667859,55.89200884],[10.64667309,55.89203012],[10.6466579,55.89203383],[10.64663768,55.89203589],[10.64659125,55.8920083],[10.64654029,55.89195281],[10.64651266,55.89190088],[10.64653329,55.89189342],[10.64656159,55.89188558],[10.64659415,55.89188793]]],[[[10.65722686,55.90517655],[10.65726198,55.90519738],[10.65729272,55.90522437],[10.65729903,55.90525592],[10.65727867,55.90526626],[10.65724029,55.90527774],[10.65720613,55.90528323],[10.6571652,55.90525745],[10.65714592,55.90521799],[10.65714038,55.90519326],[10.65714979,55.90518127],[10.65716594,55.90517351],[10.65719059,55.90517012],[10.65722686,55.90517655]]],[[[10.64575149,55.89256285],[10.64576315,55.89258129],[10.64575405,55.89260433],[10.64571571,55.89263171],[10.64567913,55.89264047],[10.64564081,55.89263811],[10.64562585,55.8926322],[10.64560511,55.89261064],[10.64560298,55.89259062],[10.6456106,55.89255907],[10.64564127,55.8925468],[10.6456787,55.89254342],[10.64575149,55.89256285]]],[[[10.65788483,55.90509805],[10.65790968,55.90515163],[10.65790429,55.90516042],[10.65788587,55.90517855],[10.657855,55.90518993],[10.65781386,55.90520423],[10.6577927,55.90519949],[10.65776285,55.90517859],[10.65772621,55.90515958],[10.65774315,55.90514812],[10.65776589,55.90513353],[10.65781879,55.905125],[10.65784716,55.90510359],[10.65786221,55.90508155],[10.65788483,55.90509805]]],[[[10.67473522,55.88474901],[10.67475677,55.88477415],[10.67476609,55.88478642],[10.67475942,55.88480215],[10.67474684,55.88481463],[10.67469482,55.88483179],[10.67463179,55.88483103],[10.67461048,55.88481155],[10.67461086,55.88478683],[10.67462734,55.88476117],[10.67466484,55.88474826],[10.67469701,55.8847454],[10.67473522,55.88474901]]],[[[10.65752131,55.90499897],[10.65755652,55.90501808],[10.65758751,55.90504705],[10.65758162,55.90507787],[10.65756472,55.9050904],[10.65754198,55.90509359],[10.65752046,55.90509163],[10.65749847,55.90507854],[10.65747455,55.90505783],[10.65746294,55.90504064],[10.65746052,55.90501021],[10.65746545,55.90499837],[10.65747765,55.90499174],[10.65749761,55.90499093],[10.65752131,55.90499897]]],[[[10.22454901,56.70963588],[10.22456158,56.7096557],[10.22452215,56.70969391],[10.22447501,56.70969608],[10.2244392,56.70969527],[10.22439893,56.70968255],[10.22439704,56.70966469],[10.22446849,56.70962113],[10.22451409,56.70961699],[10.22454901,56.70963588]]],[[[10.33170117,56.61453185],[10.33162048,56.61455409],[10.33157552,56.61454065],[10.33160514,56.61446081],[10.33170232,56.61446714],[10.33170117,56.61453185]]],[[[10.67310153,55.91443642],[10.67313901,55.91445973],[10.67314823,55.91448045],[10.67314539,55.91449622],[10.67311302,55.91450636],[10.67307489,55.91450895],[10.67304254,55.9145084],[10.67301894,55.91449901],[10.67300589,55.91447466],[10.67300379,55.91445564],[10.67302451,55.91443891],[10.67304504,55.91443252],[10.67307028,55.91443155],[10.67310153,55.91443642]]],[[[10.22546944,56.71004974],[10.22548807,56.71007004],[10.22548337,56.71008635],[10.2254119,56.71008876],[10.22527313,56.71007629],[10.22525477,56.71005419],[10.22526839,56.71004624],[10.22542467,56.71003931],[10.22546944,56.71004974]]],[[[10.22404957,56.71042389],[10.2240666,56.71044035],[10.22404429,56.71051802],[10.22399809,56.71053913],[10.22397882,56.71053941],[10.22395446,56.71051872],[10.22399226,56.71043515],[10.22401709,56.7104199],[10.22404957,56.71042389]]],[[[10.22464392,56.7095654],[10.22465839,56.70959851],[10.22467498,56.70966654],[10.22465874,56.70966445],[10.22460424,56.70963111],[10.22456728,56.70960982],[10.22453998,56.70958907],[10.22456498,56.70956402],[10.22460712,56.709554],[10.22464392,56.7095654]]],[[[10.63991325,55.89533696],[10.6399324,55.89535504],[10.63993858,55.89539908],[10.63991426,55.89541783],[10.63990127,55.89542456],[10.63986495,55.8954166],[10.63985113,55.89539234],[10.63984417,55.89536377],[10.63985265,55.89534487],[10.63988886,55.89533118],[10.63991325,55.89533696]]],[[[10.22704286,56.70997199],[10.22706064,56.70998619],[10.22705304,56.7100187],[10.22702324,56.71003166],[10.22698701,56.71003283],[10.22695504,56.71002434],[10.22694423,56.71000342],[10.22695129,56.7099693],[10.22700381,56.70996169],[10.22704286,56.70997199]]],[[[10.33130413,56.61442279],[10.33122881,56.6144263],[10.33122399,56.61438672],[10.3312689,56.61437555],[10.33129923,56.61434369],[10.33136029,56.61435642],[10.33130413,56.61442279]]],[[[10.22819132,56.15773365],[10.22821854,56.15774929],[10.22821921,56.1577703],[10.22818932,56.15778723],[10.22815977,56.15778959],[10.22812459,56.15777196],[10.22812416,56.1577433],[10.22817011,56.15773009]]],[[[10.64486533,55.87498886],[10.64488214,55.87499717],[10.64489228,55.87501015],[10.64488571,55.87502489],[10.64487116,55.87503227],[10.64481849,55.87503792],[10.6447948,55.8750297],[10.64479441,55.87502045],[10.64481273,55.87500016],[10.6448466,55.87498839],[10.64486533,55.87498886]]],[[[10.22879223,56.70933382],[10.22882437,56.7093574],[10.22881263,56.70937324],[10.22877707,56.70937988],[10.2287291,56.7093516],[10.22873143,56.70933783],[10.22875928,56.70933028],[10.22879223,56.70933382]]],[[[10.63505869,55.91312118],[10.63506505,55.9131317],[10.63506134,55.91314226],[10.63503622,55.91315365],[10.63499942,55.91316133],[10.63497275,55.9131589],[10.63497656,55.91315058],[10.63499272,55.9131314],[10.63501348,55.9131154],[10.63505869,55.91312118]]]]}},{"type":"Feature","properties":{"region":"Syddanmark","name":"Region Syddanmark"},"geometry":{"type":"MultiPolygon","coordinates":[[[[9.22985719,55.95607962],[9.14914088,55.8839499],[9.00942488,55.83110661],[8.9597237,55.84173974],[8.95943717,55.88686691],[8.88387152,55.89554517],[8.79521204,55.83794537],[8.82723582,55.81987151],[8.75338053,55.80700741],[8.68170204,55.84540651],[8.56815091,55.84853645],[8.53365596,55.84152812],[8.54635485,55.82235362],[8.49973311,55.77719051],[8.44937939,55.77639484],[8.35134214,55.82212992],[8.27726026,55.79740737],[8.18090426,55.83096694],[8.16398975,55.72026078],[8.07261416,55.56349632],[8.29368511,55.47700598],[8.30640981,55.49555974],[8.23672532,55.55711068],[8.29014295,55.59475967],[8.31815841,55.57773225],[8.29344241,55.56652806],[8.43084279,55.46061387],[8.5468428,55.45545793],[8.62219442,55.42674264],[8.67484684,55.33982587],[8.66681724,55.31639332],[8.53082373,55.27527034],[8.55915803,55.26527436],[8.65706259,55.30572455],[8.6434365,55.27012817],[8.66291566,55.26533299],[8.68144545,55.1583889],[8.57820868,55.15239039],[8.59366525,55.18737791],[8.51823564,55.21167481],[8.47831467,55.17755219],[8.48243155,55.09769048],[8.46269018,55.09671787],[8.51522585,55.05833036],[8.57221329,55.08723119],[8.55082102,55.10121966],[8.55649314,55.14988316],[8.68567674,55.14391622],[8.63406405,55.04816759],[8.65861609,54.98774276],[8.6383228,54.91120951],[8.94830511,54.90249974],[9.14902992,54.8720246],[9.24103871,54.84896918],[9.24968297,54.81040702],[9.34529266,54.80219245],[9.38285621,54.83914187],[9.46218064,54.83918281],[9.56599051,54.87939661],[9.62674394,54.93512478],[9.67449909,54.91320216],[9.59856927,54.90604685],[9.65663488,54.88105913],[9.63758407,54.86196498],[9.75240118,54.84006401],[9.74023535,54.88093402],[9.70127036,54.89524762],[9.78057309,54.90484424],[9.73814125,54.98742707],[9.63018759,55.01022986],[9.58193493,55.04412531],[9.49358815,55.01475266],[9.422443,55.02821328],[9.42750652,55.04650298],[9.50297559,55.04498658],[9.55076074,55.07577773],[9.49717842,55.11883533],[9.45735531,55.11407208],[9.51640241,55.12592947],[9.49916917,55.15692072],[9.58915132,55.19327533],[9.63056415,55.17435629],[9.69154183,55.19403462],[9.69608229,55.22654339],[9.65447566,55.21480703],[9.71870954,55.25090388],[9.63562966,55.28542495],[9.56827537,55.24748723],[9.49451696,55.24760066],[9.56455507,55.25131491],[9.63722358,55.29424477],[9.67173729,55.28569007],[9.62180126,55.30880761],[9.64753539,55.34117804],[9.56523757,55.37252947],[9.60272304,55.35997735],[9.62193021,55.39121837],[9.59457089,55.42316242],[9.69309663,55.46200281],[9.62581637,55.49835137],[9.48326542,55.48954141],[9.58560677,55.49841508],[9.55903875,55.51413054],[9.58876974,55.5166002],[9.56984127,55.52766093],[9.60922675,55.51036967],[9.74104078,55.51893855],[9.72763283,55.55403135],[9.7679163,55.55600509],[9.85944751,55.62541115],[9.7399414,55.62695493],[9.73763692,55.6583861],[9.66752374,55.69482625],[9.55802913,55.698535],[9.54314523,55.70715891],[9.67216336,55.71225709],[9.68221654,55.74776864],[9.59625285,55.75224956],[9.58617531,55.78011765],[9.52026157,55.78574788],[9.50401339,55.82662606],[9.44515075,55.83583006],[9.45886146,55.86536801],[9.38654918,55.92517051],[9.22985719,55.95607962]],[[9.2751983,55.56480497],[9.27520996,55.56481788],[9.2751983,55.56480488],[9.2751983,55.56480497]],[[9.27157556,55.55100447],[9.27163396,55.55101458],[9.27153731,55.55099781],[9.27157556,55.55100447]],[[9.266779,55.55009532],[9.26679768,55.55011532],[9.26676527,55.55008053],[9.266779,55.55009532]]],[[[10.59699786,55.61438896],[10.63215419,55.57841338],[10.62552681,55.55803634],[10.59628224,55.58374765],[10.6288132,55.51935188],[10.56729737,55.51925438],[10.62412942,55.4870858],[10.48359542,55.4733631],[10.49168054,55.44699195],[10.42637891,55.43705441],[10.4415262,55.46692925],[10.3820976,55.4077001],[10.4443588,55.47973755],[10.5042693,55.49924326],[10.47049944,55.52767962],[10.49244763,55.54681148],[10.56146432,55.51655132],[10.30074452,55.6228171],[10.31413616,55.58435517],[10.28096359,55.58292956],[10.28840595,55.60875458],[10.19015133,55.59663238],[9.93369387,55.51045911],[9.8647261,55.51392694],[9.83466761,55.55478313],[9.75860627,55.54355632],[9.74713652,55.50681256],[9.67716893,55.51310369],[9.82520493,55.4354628],[9.71696388,55.46981245],[9.74296455,55.43574526],[9.82660346,55.42289706],[9.78868,55.4109547],[9.83974443,55.38456523],[9.78655955,55.36371578],[9.89762844,55.34053447],[9.87492188,55.34745422],[9.88102518,55.26575788],[9.90743568,55.23983994],[9.86717957,55.25157987],[9.98260518,55.20973213],[9.97905981,55.1323868],[10.04404766,55.13290072],[9.98561389,55.17594278],[10.00757968,55.19112959],[9.99347738,55.2019707],[10.05312818,55.1765649],[10.11262587,55.18960903],[10.17401649,55.12899603],[10.08032943,55.10567049],[10.07268486,55.07715813],[10.12970431,55.09033371],[10.20800127,55.05968287],[10.22945233,55.07867801],[10.20911897,55.09472411],[10.22973841,55.10099982],[10.32000731,55.05414668],[10.37297422,55.06541803],[10.51880311,55.02679367],[10.61452906,55.06145952],[10.74395507,55.06906838],[10.77497292,55.1011788],[10.81524424,55.23134455],[10.78965746,55.29014105],[10.74772769,55.29608483],[10.85569747,55.29367362],[10.66893372,55.45091141],[10.58607934,55.45718181],[10.57517078,55.42239293],[10.54435056,55.44158777],[10.74904455,55.48005386],[10.62452425,55.6143877],[10.59699786,55.61438896]],[[10.06571399,55.45753455],[10.06571402,55.45753461],[10.06571401,55.45753452],[10.06571399,55.45753455]],[[10.60632185,55.35965754],[10.60632205,55.35965755],[10.60632234,55.35965751],[10.60632211,55.35965753],[10.60632185,55.35965754]],[[10.61509564,55.35915692],[10.61509679,55.3591569],[10.61509895,55.3591562],[10.61509678,55.35915686],[10.61509564,55.35915692]],[[10.51947857,55.37505551],[10.51950046,55.37506252],[10.51947865,55.37505552],[10.51947474,55.3750543],[10.51947857,55.37505551]],[[10.55649683,55.35672114],[10.55649688,55.35672117],[10.55648429,55.35670674],[10.55649683,55.35672114]],[[10.0030456,55.40368588],[10.00307444,55.40365695],[10.00307439,55.40365697],[10.0030456,55.40368588]],[[10.65312449,55.34981958],[10.65312452,55.34981961],[10.65316672,55.34984173],[10.65312449,55.34981958]],[[10.0764415,55.44359702],[10.07644148,55.44359704],[10.07649861,55.44358513],[10.0764415,55.44359702]],[[10.06942926,55.44798622],[10.06944605,55.44801833],[10.06944611,55.44801837],[10.06942926,55.44798622]],[[10.53787411,55.36140321],[10.53784584,55.36142807],[10.53787419,55.36140318],[10.53787411,55.36140321]],[[10.06670062,55.45463261],[10.06670068,55.45461724],[10.06670059,55.45463257],[10.06670031,55.45467404],[10.06670062,55.45463261]],[[10.59166857,55.33509685],[10.59179236,55.33506475],[10.59166861,55.33509683],[10.59166857,55.33509685]],[[10.04124881,55.48041167],[10.04131575,55.48041218],[10.04138998,55.48041272],[10.04131571,55.48041217],[10.04124881,55.48041167]],[[10.08710348,55.43412815],[10.08710843,55.43412144],[10.08710343,55.43412816],[10.08707572,55.43418601],[10.08710348,55.43412815]],[[10.07675555,55.44325846],[10.07675557,55.44325842],[10.076682,55.44331266],[10.07675555,55.44325846]],[[10.59497743,55.33352606],[10.59497747,55.33352604],[10.59484004,55.33353484],[10.59497743,55.33352606]],[[10.58392834,55.34111778],[10.58393017,55.34112806],[10.5839284,55.34111775],[10.58390982,55.3410925],[10.58392834,55.34111778]],[[10.00089549,55.39612686],[10.00089616,55.39603937],[10.00089621,55.39603291],[10.00089613,55.39603941],[10.00089549,55.39612686]],[[10.62183967,55.33409373],[10.62199193,55.33410444],[10.62199187,55.33410442],[10.62183967,55.33409373]],[[10.08026487,55.43716238],[10.08015133,55.43719243],[10.08026495,55.43716238],[10.08026487,55.43716238]],[[10.55494844,55.35521492],[10.55494887,55.35521492],[10.55508682,55.35525806],[10.55494884,55.35521488],[10.55494844,55.35521492]],[[10.09003994,55.43191744],[10.09007995,55.43191222],[10.09004,55.4319174],[10.08993627,55.43193645],[10.09003994,55.43191744]],[[10.60482477,55.32412792],[10.60503854,55.32410364],[10.60503862,55.32410361],[10.60482477,55.32412792]],[[10.00245765,55.40446313],[10.00245611,55.40439808],[10.00243807,55.40434802],[10.00245608,55.40439811],[10.00245765,55.40446313]],[[10.55483693,55.32472314],[10.5549123,55.32478388],[10.55483698,55.32472313],[10.55483693,55.32472314]],[[10.55578587,55.35599656],[10.55580764,55.35603249],[10.55578588,55.35599653],[10.55572665,55.35594175],[10.55578587,55.35599656]],[[10.07472375,55.44599999],[10.07473804,55.4459522],[10.07472372,55.44599995],[10.07468841,55.44602232],[10.07472375,55.44599999]],[[10.04280413,55.48060539],[10.04292318,55.48061983],[10.04295048,55.4806231],[10.04292315,55.4806198],[10.04280413,55.48060539]],[[9.99429451,55.414471],[9.99442116,55.41457804],[9.99444427,55.41459736],[9.9944212,55.41457805],[9.99429451,55.414471]],[[10.60809649,55.35955585],[10.60809655,55.35955585],[10.60808512,55.35947647],[10.60809649,55.35955585]],[[10.07730611,55.44265324],[10.07738253,55.44260341],[10.07730607,55.44265325],[10.07718073,55.44275168],[10.07730611,55.44265324]],[[10.07941637,55.44026818],[10.07941863,55.44024872],[10.07941634,55.44026816],[10.07934037,55.44034444],[10.07941637,55.44026818]],[[10.00354669,55.40339941],[10.00355403,55.40339296],[10.00363057,55.40332557],[10.00355395,55.40339297],[10.00354669,55.40339941]],[[10.0044164,55.40077258],[10.00441645,55.40077257],[10.00444922,55.40065351],[10.0044164,55.40077258]],[[10.6208121,55.35783894],[10.62086489,55.35782189],[10.62103029,55.35781205],[10.62086482,55.35782187],[10.6208121,55.35783894]],[[10.61170873,55.32335637],[10.61176109,55.32341333],[10.61170879,55.32335639],[10.61162922,55.32327478],[10.61170873,55.32335637]],[[10.04361539,55.4803421],[10.04362756,55.48031152],[10.04361534,55.48034209],[10.0434813,55.48040614],[10.04361539,55.4803421]],[[10.62005234,55.35795444],[10.62014295,55.35793274],[10.6202331,55.35791897],[10.62014296,55.35793271],[10.62005234,55.35795444]],[[10.04322159,55.48068504],[10.043318,55.48062264],[10.04322155,55.48068503],[10.04318691,55.48070753],[10.04322159,55.48068504]],[[10.55736224,55.35746005],[10.55736229,55.35746003],[10.55726978,55.35736153],[10.55736224,55.35746005]],[[10.05880234,55.46391645],[10.0590116,55.46371641],[10.05880228,55.46391647],[10.05880234,55.46391645]],[[10.59554484,55.33323996],[10.59584443,55.33324717],[10.5955449,55.33323994],[10.59554484,55.33323996]],[[10.6182273,55.33328356],[10.61822734,55.33328357],[10.61829066,55.33315089],[10.6182273,55.33328356]],[[9.99558279,55.41618862],[9.99558293,55.41618891],[9.99564677,55.41625831],[9.99558301,55.41618889],[9.99558279,55.41618862]],[[10.62397212,55.33468415],[10.62415219,55.33471831],[10.62397216,55.33468412],[10.62396173,55.33468132],[10.62397212,55.33468415]],[[10.08313549,55.43685062],[10.08333447,55.43688561],[10.08333443,55.43688556],[10.08313549,55.43685062]],[[10.51688657,55.37520139],[10.51702115,55.37507264],[10.51702175,55.37507172],[10.51702111,55.37507263],[10.51688657,55.37520139]],[[10.62748703,55.33420488],[10.62749599,55.33406841],[10.62754843,55.33401984],[10.62749594,55.33406843],[10.62748703,55.33420488]],[[10.59694041,55.33263365],[10.5971529,55.33252093],[10.59727647,55.33247242],[10.59715293,55.33252089],[10.59694041,55.33263365]],[[10.08094207,55.43715668],[10.08116161,55.43715033],[10.08138662,55.43715026],[10.08116155,55.43715031],[10.08094207,55.43715668]],[[10.64904117,55.3484314],[10.64898356,55.34842861],[10.64904114,55.34843143],[10.64925596,55.34845443],[10.64904117,55.3484314]],[[10.55554758,55.35583061],[10.55560038,55.35587491],[10.55554765,55.3558306],[10.55550963,55.35575793],[10.55554758,55.35583061]],[[10.05336126,55.46997031],[10.05336133,55.46997033],[10.05340225,55.46986765],[10.05336126,55.46997031]],[[10.50785448,55.38652539],[10.50802503,55.38637729],[10.50802501,55.38637727],[10.50785448,55.38652539]],[[10.6181116,55.33263473],[10.61813516,55.33268487],[10.61811166,55.3326347],[10.61809562,55.33255412],[10.6181116,55.33263473]],[[10.04664666,55.47760849],[10.04676981,55.47750912],[10.04664663,55.47760846],[10.04662826,55.47768865],[10.04664666,55.47760849]],[[10.07917663,55.44109857],[10.07917893,55.44106187],[10.07917657,55.4410986],[10.07901719,55.44128635],[10.07917663,55.44109857]],[[10.07417015,55.4460085],[10.07430182,55.4460125],[10.07447888,55.44602699],[10.07430188,55.44601247],[10.07417015,55.4460085]],[[10.08695735,55.43430315],[10.08701551,55.43426041],[10.0869573,55.43430312],[10.08679562,55.43434179],[10.08695735,55.43430315]],[[10.07583624,55.44375639],[10.07598212,55.44370891],[10.07583618,55.44375639],[10.07574084,55.44383208],[10.07583624,55.44375639]],[[9.99351999,55.4138812],[9.99362564,55.41395537],[9.9938055,55.4140868],[9.99362569,55.41395537],[9.99351999,55.4138812]],[[10.04724497,55.47682372],[10.04741142,55.47669272],[10.04745159,55.47665999],[10.04741137,55.47669273],[10.04724497,55.4768237],[10.04724465,55.47682382],[10.04724497,55.47682372]],[[9.98723218,55.43035865],[9.98727948,55.43028513],[9.98723212,55.43035865],[9.98717648,55.43043852],[9.98723218,55.43035865]],[[10.04589337,55.47831352],[10.0459911,55.47822424],[10.04589334,55.47831348],[10.0458113,55.47837503],[10.04589337,55.47831352]],[[9.99648247,55.41693623],[9.99657125,55.41697444],[9.99674515,55.41711725],[9.9965713,55.41697443],[9.99648247,55.41693623]],[[10.6373304,55.34263521],[10.63747015,55.34274963],[10.63733044,55.34263521],[10.63714291,55.34251353],[10.6373304,55.34263521]],[[9.99357949,55.40942259],[9.99366726,55.40939516],[9.99384534,55.40933016],[9.99366725,55.40939512],[9.99357949,55.40942259]],[[9.99570788,55.42070264],[9.99585791,55.42057666],[9.99570785,55.4207026],[9.99569818,55.42074536],[9.99570788,55.42070264]],[[10.04625015,55.47800844],[10.04638636,55.477906],[10.04625007,55.47800845],[10.04616062,55.47807948],[10.04625015,55.47800844]],[[10.07889949,55.43971828],[10.07907344,55.4397927],[10.07924484,55.43984365],[10.0790735,55.43979268],[10.07889949,55.43971828]],[[10.58378006,55.34065021],[10.58379928,55.34072087],[10.58380379,55.34077078],[10.58379931,55.3407209],[10.58378012,55.34065019],[10.58377116,55.34060456],[10.58378006,55.34065021]],[[10.09051049,55.43280514],[10.09056746,55.43294536],[10.09055105,55.432998],[10.09056752,55.43294536],[10.09051049,55.43280514]],[[10.58221226,55.33867044],[10.58225207,55.33870494],[10.58221231,55.33867046],[10.5819856,55.33835603],[10.58221226,55.33867044]],[[9.99270148,55.41061318],[9.99271124,55.41057981],[9.99270145,55.41061315],[9.99256468,55.4108382],[9.99270148,55.41061318]],[[9.99575312,55.42111434],[9.99579364,55.42116757],[9.99575785,55.42130827],[9.99579371,55.42116761],[9.99575312,55.42111434]],[[9.99460479,55.41473156],[9.99477531,55.41506788],[9.99460485,55.4147316],[9.99460479,55.41473156]],[[10.09046428,55.43308152],[10.09054268,55.43302474],[10.09046425,55.43308149],[10.09026774,55.43313009],[10.09046428,55.43308152]],[[10.08965285,55.43326408],[10.08980355,55.43322104],[10.08965277,55.43326406],[10.0894807,55.43332025],[10.08965285,55.43326408]],[[9.99539654,55.42159176],[9.99547884,55.42154686],[9.99539653,55.42159172],[9.99518184,55.42170606],[9.99539654,55.42159176]],[[10.05298151,55.47039194],[10.05319391,55.4702537],[10.05335868,55.47028688],[10.05319391,55.47025366],[10.05298151,55.47039194]],[[10.0368515,55.48115774],[10.0372725,55.48109513],[10.03685144,55.48115772],[10.03676603,55.48117472],[10.0368515,55.48115774]],[[10.07882625,55.44158207],[10.07894696,55.44142968],[10.07882619,55.44158209],[10.07874281,55.441722],[10.07882625,55.44158207]],[[10.63641557,55.34199917],[10.63661206,55.34214784],[10.6364156,55.34199913],[10.63638851,55.34193892],[10.63641557,55.34199917]],[[10.58266219,55.33927736],[10.58275324,55.33943678],[10.58266225,55.33927735],[10.58262555,55.33922822],[10.58266219,55.33927736]],[[10.07950668,55.44005567],[10.07954435,55.43998219],[10.07951975,55.43991482],[10.07954429,55.43998219],[10.07950662,55.44005568],[10.07948473,55.44008598],[10.07950668,55.44005567]],[[10.06047405,55.46255718],[10.06049116,55.46253439],[10.06047398,55.46255718],[10.0603479,55.46272452],[10.06047405,55.46255718]],[[10.08731816,55.43397473],[10.08762507,55.43389427],[10.08731812,55.43397469],[10.0872867,55.43399],[10.08731816,55.43397473]],[[10.06969306,55.45009842],[10.06975745,55.45003084],[10.06969302,55.45009842],[10.06940817,55.45035657],[10.06969306,55.45009842]],[[10.53824051,55.36124531],[10.53814026,55.36129823],[10.53824056,55.36124534],[10.5383255,55.36121056],[10.53824051,55.36124531]],[[10.5383255,55.36121056],[10.5386349,55.36112551],[10.53832557,55.36121052],[10.5383255,55.36121056]],[[10.55491234,55.32478391],[10.55494231,55.32480468],[10.55535837,55.32509278],[10.55494231,55.32480465],[10.55491234,55.32478391]],[[9.98930302,55.42335134],[9.98939657,55.42335914],[9.98973979,55.423348],[9.98939657,55.4233591],[9.98930302,55.42335134]],[[10.61863012,55.33221222],[10.6189899,55.33209183],[10.61898985,55.3320918],[10.61863012,55.33221222]],[[10.00089913,55.39587473],[10.00090192,55.39572933],[10.00091148,55.39553461],[10.00090187,55.39572934],[10.00089913,55.39587473]],[[10.62876952,55.33333153],[10.62879362,55.33331403],[10.62936674,55.33330735],[10.6287936,55.33331401],[10.62876952,55.33333153]],[[10.07282355,55.44614948],[10.07305965,55.44606455],[10.07282354,55.44614945],[10.07247974,55.44617637],[10.07282355,55.44614948]],[[10.04787182,55.47624513],[10.04800147,55.47604497],[10.04787176,55.47624511],[10.04785676,55.47629021],[10.04787182,55.47624513]],[[10.08931657,55.4333688],[10.0893487,55.43336166],[10.08931657,55.43336875],[10.08894381,55.43345156],[10.08931657,55.4333688]],[[10.6031683,55.35971261],[10.60341774,55.35969902],[10.60412799,55.35965239],[10.60341769,55.359699],[10.6031683,55.35971261]],[[10.6478616,55.34717859],[10.64785949,55.34700615],[10.64785855,55.3469361],[10.64785941,55.34700615],[10.6478616,55.34717859]],[[10.04461914,55.4793141],[10.04461916,55.47931413],[10.04482752,55.47928638],[10.04461914,55.4793141]],[[10.04482752,55.47928638],[10.0448492,55.47923265],[10.04479935,55.47911256],[10.04484914,55.47923268],[10.04482752,55.47928638]],[[10.07911769,55.44088136],[10.0791362,55.4409022],[10.07911775,55.44088135],[10.07929255,55.44062661],[10.07911769,55.44088136]],[[10.07929255,55.44062661],[10.07929258,55.44062657],[10.07925968,55.44053349],[10.07929255,55.44062661]],[[10.62782013,55.33355031],[10.62776525,55.33368073],[10.62776467,55.33368213],[10.62776532,55.33368075],[10.62782015,55.33355034],[10.62789534,55.33344697],[10.62782013,55.33355031]],[[10.62789534,55.33344697],[10.62802171,55.33341407],[10.62789535,55.33344695],[10.62789534,55.33344697]],[[10.05557662,55.46672592],[10.05581164,55.46641693],[10.05557655,55.46672595],[10.05537256,55.46697026],[10.05557662,55.46672592]],[[10.04884189,55.4747336],[10.04907476,55.47448304],[10.04884186,55.47473356],[10.04879878,55.47487415],[10.04884189,55.4747336]],[[10.61874251,55.33336566],[10.61884131,55.3333837],[10.61874245,55.33336563],[10.61848867,55.33333214],[10.61843744,55.33332464],[10.61829265,55.33330338],[10.61843738,55.33332465],[10.61848864,55.33333218],[10.61874251,55.33336566]],[[10.56535421,55.33202898],[10.56515952,55.33188561],[10.56535416,55.33202897],[10.56548287,55.33212934],[10.56535421,55.33202898]],[[10.56548287,55.33212934],[10.56568496,55.33227062],[10.56575301,55.33232422],[10.56568503,55.33227063],[10.56548287,55.33212934]],[[10.61960183,55.33354671],[10.61983246,55.33360969],[10.62002538,55.33365707],[10.61983252,55.33360965],[10.61960183,55.33354671]],[[10.04390628,55.4799373],[10.04407148,55.47989573],[10.04413278,55.47988028],[10.04407145,55.4798957],[10.04390625,55.47993728],[10.04373368,55.4801023],[10.04390628,55.4799373]],[[10.07777845,55.4381463],[10.0778648,55.43808973],[10.07777839,55.43814628],[10.07746771,55.43834961],[10.07777845,55.4381463]],[[9.99581465,55.42041127],[9.9958984,55.42022924],[9.99581459,55.42041129],[9.99587725,55.42049669],[9.99586388,55.42055203],[9.99587731,55.4204967],[9.99581465,55.42041127]],[[10.63762533,55.3433168],[10.63762596,55.34331823],[10.63762539,55.3433168],[10.63757328,55.34290992],[10.63762533,55.3433168]],[[10.06277107,55.46105515],[10.06277092,55.46105558],[10.06277112,55.46105515],[10.06288417,55.46074828],[10.06277107,55.46105515]],[[10.06288417,55.46074828],[10.06296095,55.46063951],[10.06311103,55.46049811],[10.06296091,55.46063951],[10.06288417,55.46074828]],[[10.63986057,55.34397778],[10.64011565,55.34402404],[10.63986064,55.34397776],[10.639409,55.34385062],[10.63986057,55.34397778]],[[9.99644419,55.41973122],[9.9964896,55.41958569],[9.99644412,55.41973121],[9.99603467,55.41995327],[9.99644419,55.41973122]],[[10.03868481,55.48087495],[10.03912692,55.48080883],[10.03868481,55.4808749],[10.0384837,55.48090496],[10.03868481,55.48087495]],[[10.64797663,55.34851281],[10.64772593,55.34858803],[10.64797662,55.34851284],[10.64824403,55.34848332],[10.64797663,55.34851281]],[[10.64824403,55.34848332],[10.64867077,55.34844361],[10.64875704,55.34843725],[10.64867072,55.34844359],[10.64824403,55.34848332]],[[10.04440065,55.47963675],[10.04426767,55.47977232],[10.04416129,55.4798574],[10.04426774,55.47977229],[10.04440071,55.47963672],[10.04447672,55.47952536],[10.04440065,55.47963675]],[[10.04447672,55.47952536],[10.04468876,55.47945418],[10.04465401,55.47938434],[10.04468869,55.47945419],[10.04447672,55.47952536]],[[10.53879199,55.36106339],[10.53863495,55.3611255],[10.538792,55.36106342],[10.53898996,55.36097321],[10.53879199,55.36106339]],[[10.53898996,55.36097321],[10.53919736,55.36081306],[10.5392938,55.36075307],[10.5391973,55.36081304],[10.53898996,55.36097321]],[[10.55608286,55.35632767],[10.55635695,55.35659401],[10.55640588,55.35663301],[10.55635702,55.35659399],[10.55608286,55.35632767]],[[10.51936431,55.37500615],[10.51940987,55.37503345],[10.51936436,55.37500613],[10.51876236,55.37464687],[10.51936431,55.37500615]],[[10.04987376,55.47327662],[10.05016748,55.47302994],[10.0498737,55.47327662],[10.04958696,55.47353914],[10.04987376,55.47327662]],[[10.61828457,55.33295634],[10.61830102,55.33307202],[10.61828463,55.33295631],[10.6182173,55.33284369],[10.61818369,55.33278107],[10.61821724,55.33284373],[10.61828457,55.33295634]],[[10.00273979,55.39798881],[10.00288817,55.39809938],[10.00305656,55.39821456],[10.00288822,55.39809936],[10.00273983,55.39798877],[10.00265849,55.39792814],[10.00273979,55.39798881]],[[10.55703744,55.35714328],[10.55711298,55.35720658],[10.5570375,55.35714324],[10.55676236,55.35688568],[10.55703744,55.35714328]],[[10.06387781,55.45981864],[10.06408891,55.4595827],[10.06387773,55.45981862],[10.06375987,55.45993645],[10.06387781,55.45981864]],[[10.08601427,55.43478079],[10.08607493,55.43463566],[10.08624176,55.43461019],[10.0862418,55.43461016],[10.0860749,55.43463564],[10.08601419,55.4347808],[10.08600628,55.43488103],[10.08601427,55.43478079]],[[10.53557744,55.36443775],[10.53557754,55.36443773],[10.53576378,55.36404449],[10.53557744,55.36443775]],[[10.61263677,55.32436169],[10.61276917,55.32453842],[10.61263684,55.32436167],[10.61253889,55.32424335],[10.61251282,55.32421192],[10.61253884,55.32424336],[10.61263677,55.32436169]],[[9.99296283,55.41009539],[9.99295654,55.41010325],[9.99296289,55.41009541],[9.99306998,55.40990177],[9.99296283,55.41009539]],[[9.99306998,55.40990177],[9.99319014,55.40971003],[9.99334948,55.40957991],[9.99319009,55.40971001],[9.99306998,55.40990177]],[[9.98702752,55.43079514],[9.98705001,55.43069738],[9.98702745,55.43079514],[9.98704265,55.43091633],[9.98702752,55.43079514]],[[9.98704265,55.43091633],[9.98706698,55.43118231],[9.98704848,55.43133352],[9.98704847,55.43133361],[9.9870472,55.43136966],[9.98704852,55.43133356],[9.98706701,55.43118227],[9.98704265,55.43091633]],[[10.04813881,55.4759143],[10.04835714,55.47572318],[10.04848207,55.47569685],[10.04835706,55.47572318],[10.04813875,55.47591431],[10.04800151,55.47604493],[10.04813881,55.4759143]],[[10.00268941,55.39713399],[10.00257622,55.39720367],[10.00268947,55.39713403],[10.00283042,55.39699511],[10.00287282,55.39694539],[10.00283037,55.39699508],[10.00268941,55.39713399]],[[10.60807879,55.35943221],[10.60807879,55.35943224],[10.60919344,55.35937614],[10.60807879,55.35943221]],[[10.64335813,55.34472905],[10.64372206,55.34471434],[10.64335819,55.34472902],[10.64268521,55.34470829],[10.64335813,55.34472905]],[[10.08387639,55.43689447],[10.08424983,55.43673596],[10.08387633,55.43689443],[10.08354227,55.43697066],[10.08387639,55.43689447]],[[10.08566227,55.43571275],[10.08571778,55.43554726],[10.08585802,55.43539334],[10.08592013,55.43532507],[10.08585796,55.43539334],[10.08571772,55.43554728],[10.0856622,55.43571277],[10.08565107,55.4357481],[10.08566227,55.43571275]],[[10.08802322,55.4337456],[10.08823971,55.4336982],[10.08894373,55.43345158],[10.08823968,55.43369818],[10.08802315,55.43374559],[10.08790369,55.43377434],[10.08802322,55.4337456]],[[10.05847892,55.46446696],[10.05875073,55.46420994],[10.05875065,55.46420992],[10.05847888,55.46446695],[10.05841421,55.46452241],[10.05847892,55.46446696]],[[10.62658789,55.35577306],[10.62659257,55.3557723],[10.6273947,55.35563741],[10.62749237,55.35562641],[10.62739473,55.35563738],[10.62659252,55.35577228],[10.62658789,55.35577306]],[[10.5644861,55.33140698],[10.56470598,55.33155094],[10.56480243,55.33162581],[10.56483297,55.33164995],[10.56492861,55.33173267],[10.56483305,55.33164993],[10.56480246,55.33162578],[10.56470602,55.3315509],[10.5644861,55.33140696],[10.56428331,55.33128562],[10.5644861,55.33140698]],[[10.00391433,55.39853354],[10.00425434,55.39869726],[10.0047444,55.39901994],[10.00425439,55.39869724],[10.00391428,55.39853349],[10.00377384,55.39849286],[10.00391433,55.39853354]],[[10.56130178,55.32935531],[10.56085342,55.3290296],[10.56130172,55.32935534],[10.56137267,55.32940617],[10.56130178,55.32935531]],[[10.56137267,55.32940617],[10.56141011,55.32943312],[10.56155413,55.32953646],[10.56141018,55.3294331],[10.56137267,55.32940617]],[[10.07843393,55.43910817],[10.07827485,55.43906518],[10.07843387,55.43910818],[10.07869347,55.43930145],[10.07873182,55.43949367],[10.07869354,55.43930143],[10.07843393,55.43910817]],[[10.56351331,55.33078798],[10.56322884,55.33061385],[10.56351325,55.33078798],[10.56380576,55.33095403],[10.56393486,55.33104072],[10.56380582,55.330954],[10.56351331,55.33078798]],[[10.08538093,55.43619637],[10.08539211,55.43627272],[10.08525538,55.43626385],[10.08437548,55.43667697],[10.08525538,55.43626389],[10.08539219,55.43627274],[10.08538093,55.43619637]],[[10.61640026,55.3261062],[10.61649782,55.32626415],[10.61640032,55.32610623],[10.61575165,55.32505612],[10.61640026,55.3261062]],[[10.17238149,55.23570491],[10.17259736,55.23553766],[10.1728083,55.23537396],[10.17238149,55.23570491]],[[10.64733306,55.34870587],[10.64733313,55.34870585],[10.64750139,55.34814732],[10.64755317,55.34800587],[10.64750135,55.34814735],[10.64733306,55.34870587]],[[10.55631241,55.3257508],[10.55657445,55.3259311],[10.55707874,55.32628081],[10.55657451,55.32593107],[10.55631241,55.3257508]],[[10.00473677,55.39958861],[10.00452744,55.40025712],[10.00473682,55.39958856],[10.00477234,55.3993573],[10.00484937,55.39917116],[10.00477228,55.39935728],[10.00473677,55.39958861]],[[10.60937829,55.32289869],[10.61141023,55.32306421],[10.60937829,55.32289866],[10.6091489,55.32284659],[10.60937829,55.32289869]],[[10.55788584,55.32684076],[10.55793184,55.32687267],[10.55925906,55.32779347],[10.5579319,55.32687269],[10.55788588,55.32684074],[10.55721794,55.32637734],[10.55788584,55.32684076]],[[10.00100073,55.39659848],[10.00127094,55.39656294],[10.0024076,55.39640545],[10.00277624,55.39652832],[10.00240761,55.39640542],[10.00127086,55.39656293],[10.00100073,55.39659848]],[[10.61550201,55.3296055],[10.61546645,55.32958018],[10.61550197,55.32960552],[10.61722353,55.33083273],[10.61550201,55.3296055]],[[10.56064107,55.32885332],[10.56085338,55.32902957],[10.56064108,55.32885329],[10.56049768,55.32873424],[10.56047601,55.32871628],[10.55984139,55.3282398],[10.55971681,55.32813566],[10.55984133,55.32823979],[10.56047601,55.32871631],[10.56049763,55.32873426],[10.56064107,55.32885332]],[[10.05469291,55.46817305],[10.05488695,55.46788067],[10.0550264,55.46764116],[10.05510613,55.46752877],[10.05502633,55.46764112],[10.05488692,55.46788064],[10.0546929,55.46817303],[10.05441568,55.46856123],[10.05469291,55.46817305]],[[10.00230618,55.39516189],[10.00247628,55.3951631],[10.00277916,55.39356616],[10.00247626,55.39516306],[10.00230618,55.39516185],[10.00148786,55.39515607],[10.00230618,55.39516189]],[[9.99692835,55.41885633],[9.99713872,55.4184658],[9.99734924,55.41815079],[9.99713867,55.41846576],[9.99692828,55.41885631],[9.99686294,55.41899582],[9.99692835,55.41885633]],[[10.62174665,55.35779257],[10.62332963,55.35767459],[10.62332965,55.35767454],[10.62174665,55.35779257]],[[10.62332965,55.35767454],[10.62354618,55.35734584],[10.62382309,55.35700406],[10.62354617,55.35734581],[10.62332965,55.35767454]],[[10.54552986,55.36152192],[10.54552994,55.36152194],[10.54768894,55.36078089],[10.54552986,55.36152192]],[[10.64495134,55.3447956],[10.64545528,55.34494322],[10.6460804,55.345177],[10.64637172,55.34524021],[10.64650148,55.34526076],[10.64637168,55.34524018],[10.64608046,55.34517697],[10.64545524,55.34494318],[10.6449514,55.34479556],[10.64465366,55.34473478],[10.64495134,55.3447956]],[[10.00345259,55.38946303],[10.0034953,55.38975713],[10.00345264,55.38946301],[10.00359289,55.38813755],[10.00359284,55.38813756],[10.00345259,55.38946303]],[[10.60545567,55.32336858],[10.60830694,55.32278507],[10.6054556,55.32336854],[10.60536569,55.32338249],[10.60545567,55.32336858]],[[10.55055943,55.3597956],[10.55350769,55.35878355],[10.55376113,55.35869648],[10.55350763,55.35878351],[10.55055943,55.3597956]]],[[[9.74459193,55.08380898],[9.63880763,55.04432095],[9.70642171,55.04475905],[9.71855112,55.03142185],[9.65955105,55.0240158],[9.79142549,55.01110764],[9.77597738,54.99541193],[9.80396666,54.9962323],[9.78448193,54.98294214],[9.85965708,54.97042485],[9.83575937,54.94832679],[9.87379701,54.94255097],[9.83770942,54.93096491],[9.75124809,54.97760578],[9.79126115,54.89772223],[9.90102374,54.90782183],[9.99762727,54.86043712],[9.89953394,54.89689819],[9.86763844,54.87754769],[9.94890067,54.85296115],[10.07135814,54.87709773],[9.98871351,54.99568357],[9.74459193,55.08380898]]],[[[10.93949781,55.16469685],[10.8092132,54.99483272],[10.67538098,54.91068947],[10.72760394,54.87755043],[10.67184807,54.88207815],[10.64717352,54.8302992],[10.5957253,54.83912054],[10.65685671,54.7996844],[10.68605841,54.72374688],[10.73584679,54.74362366],[10.82970713,54.93144001],[10.895291,54.99571347],[10.95570684,55.14638356],[10.93949781,55.16469685]]],[[[10.20748013,54.97170452],[10.2465377,54.91900893],[10.41537569,54.81794418],[10.53720635,54.84674741],[10.45773578,54.88828843],[10.47174075,54.89366167],[10.4492839,54.88975783],[10.48608733,54.86539045],[10.4370356,54.86615812],[10.39512372,54.91429514],[10.40580745,54.90089886],[10.37123338,54.88471591],[10.20748013,54.97170452]]],[[[10.63116606,55.05529183],[10.51355931,55.0070056],[10.56931452,54.95229285],[10.55410209,54.94319686],[10.68776345,54.97255886],[10.69184342,54.99691665],[10.62358027,54.98885121],[10.6593018,55.0252833],[10.63116606,55.05529183]]],[[[8.39148332,55.47180376],[8.32821811,55.44794654],[8.42374444,55.35403382],[8.47753469,55.34032456],[8.44744092,55.39345238],[8.46623738,55.40591079],[8.45450343,55.43238553],[8.41181455,55.42860508],[8.39148332,55.47180376]]],[[[10.70188662,55.05493801],[10.64701423,55.04883473],[10.7174821,55.0297405],[10.70188662,55.05493801]]],[[[10.1460718,55.06406786],[10.12469747,55.0544725],[10.13687988,55.03459387],[10.1800605,55.04238263],[10.1460718,55.06406786]]],[[[9.8204482,55.32680871],[9.7956624,55.32603491],[9.79744223,55.29584041],[9.8278153,55.30093216],[9.8204482,55.32680871]]],[[[9.7743546,55.27631728],[9.76473691,55.25495633],[9.75296459,55.27378356],[9.72465219,55.25871711],[9.75845991,55.24949721],[9.7743546,55.27631728]]],[[[10.25351825,55.04039129],[10.23580006,55.03144618],[10.34663784,55.00453535],[10.25351825,55.04039129]]],[[[8.49644198,55.3599169],[8.47395077,55.34448914],[8.53462495,55.34734917],[8.49644198,55.3599169]]],[[[10.61125143,54.91895677],[10.58999812,54.91266463],[10.61120583,54.88947085],[10.62997497,54.90360085],[10.61125143,54.91895677]]],[[[10.42308359,54.98332295],[10.36060273,54.97685233],[10.43718171,54.96516624],[10.42308359,54.98332295]]],[[[9.68086215,55.50057107],[9.68861247,55.47623078],[9.71645327,55.4787094],[9.68086215,55.50057107]]],[[[9.55609035,55.13037923],[9.55029271,55.13080472],[9.54493414,55.1212707],[9.5495989,55.11938975],[9.55343656,55.11077699],[9.56505843,55.11139026],[9.57231911,55.1199879],[9.56289394,55.12871373],[9.55626805,55.13036835]]],[[[10.17054571,55.64628553],[10.19110672,55.60670494],[10.18992824,55.64303113],[10.17054571,55.64628553]]],[[[9.70414583,55.36547343],[9.6872224,55.35644344],[9.72147756,55.35729007],[9.70414583,55.36547343]]],[[[10.46662659,55.01101758],[10.45342409,55.00219697],[10.49125203,55.00216434],[10.46662659,55.01101758]]],[[[10.23671781,55.07155223],[10.23923648,55.06408068],[10.25723441,55.0556543],[10.26620083,55.05572215],[10.27391289,55.05439752],[10.26263782,55.05754489],[10.25153588,55.06674329],[10.24130212,55.070093],[10.23726876,55.07131252]]],[[[10.66575383,54.96107023],[10.66967525,54.95750159],[10.68043253,54.95370891],[10.68946678,54.94938656],[10.70286649,54.94957529],[10.70201002,54.95471547],[10.69490296,54.95828353],[10.68239359,54.95937583],[10.66575383,54.96107023]]],[[[10.47860317,55.4816714],[10.46483993,55.47898706],[10.45987011,55.47499943],[10.45611876,55.47091928],[10.46367392,55.46364442],[10.47400521,55.46840475],[10.46728341,55.47481832],[10.47421807,55.48080449],[10.47931283,55.48163128]]],[[[10.78886611,55.51829333],[10.78013042,55.51624571],[10.78123004,55.51139091],[10.77582492,55.5080789],[10.78555207,55.5082076],[10.79204835,55.50891392],[10.79863337,55.51091491],[10.79667884,55.51510586],[10.78886611,55.51829333]]],[[[10.51460973,54.92881658],[10.50235162,54.93549092],[10.49951438,54.9389539],[10.49562872,54.9324573],[10.49855522,54.92674273],[10.50723553,54.92765377],[10.51718915,54.9266042],[10.52393036,54.92423494],[10.51588124,54.92866331]]],[[[10.49714093,54.96684073],[10.49107157,54.96669611],[10.48043544,54.96625293],[10.47620334,54.96468664],[10.47070718,54.96649061],[10.46730646,54.96768344],[10.47950679,54.96055915],[10.49007252,54.95982913],[10.49717831,54.9661574]]],[[[10.10148861,55.13649847],[10.08798586,55.13234483],[10.07161165,55.13226309],[10.06843265,55.13099214],[10.08133693,55.13118154],[10.0990308,55.13173213],[10.11126383,55.1322421],[10.10848442,55.13419607],[10.10154159,55.13645162]]],[[[8.31342428,55.51668846],[8.3050927,55.5157127],[8.30912996,55.51220677],[8.31189107,55.51082456],[8.31719854,55.50836804],[8.32906094,55.50425533],[8.32751741,55.50736955],[8.32006316,55.51096176],[8.31342428,55.51668846]]],[[[10.48215696,54.92458575],[10.47529428,54.91940507],[10.47597767,54.91663795],[10.48132833,54.91666964],[10.49131271,54.91517026],[10.48633345,54.91905134],[10.48317595,54.92407164],[10.48593178,54.92288577],[10.48349174,54.92430775]]],[[[10.57839454,54.90128],[10.57420403,54.90157803],[10.57070612,54.89847518],[10.57343834,54.8968774],[10.5780349,54.89558178],[10.58206295,54.89532492],[10.58469668,54.89778397],[10.58231282,54.90001515]]],[[[10.4794539,54.89123156],[10.48040198,54.88800686],[10.48236914,54.89013495],[10.48671157,54.88833829],[10.49572729,54.88762157],[10.50314589,54.88496179],[10.50774333,54.88736508],[10.49695566,54.88898685],[10.48116699,54.89117977]]],[[[10.61379771,55.5992042],[10.6103229,55.59170626],[10.61663642,55.58451359],[10.61826464,55.58396233],[10.6217342,55.58744301],[10.61781559,55.58820798],[10.61375821,55.59353682],[10.61421152,55.59473266],[10.61412791,55.59904312]]],[[[10.61383173,55.57923581],[10.61106251,55.58232022],[10.60983255,55.58616773],[10.606671,55.58277633],[10.60782886,55.57939908],[10.60829258,55.57715663],[10.61174613,55.57628357],[10.6126654,55.57625665],[10.61397058,55.57900877]]],[[[10.34142322,55.04469865],[10.34374774,55.04669306],[10.34064313,55.04527928],[10.34124796,55.04573015],[10.3328493,55.04204527],[10.32565297,55.04061194],[10.32599159,55.03457479],[10.33355682,55.03890215],[10.34026493,55.04423697]]],[[[10.54671969,54.90798432],[10.54119699,54.90789299],[10.53769347,54.90786404],[10.54295303,54.90254453],[10.548271,54.90128241],[10.54644358,54.90296319],[10.54485801,54.90482503],[10.54811569,54.90490894],[10.54723932,54.90743593]]],[[[10.17795509,55.60480117],[10.1673206,55.59998507],[10.17049404,55.59902295],[10.17436703,55.60127336],[10.17917446,55.60207544],[10.18207618,55.60194605],[10.17944756,55.60370246],[10.17947067,55.60436156],[10.17820495,55.60476471]]],[[[10.29461977,55.61751058],[10.29748874,55.61086524],[10.30042656,55.60857459],[10.30073648,55.60713699],[10.30121818,55.60557095],[10.30138052,55.60397316],[10.30176876,55.60853447],[10.30050656,55.61111185],[10.29503758,55.61673631]]],[[[10.48348216,55.46186802],[10.48015366,55.45845604],[10.48317251,55.45618087],[10.49204295,55.45560106],[10.49049373,55.45566658],[10.48803444,55.45728349],[10.48786404,55.45936053],[10.48442754,55.46006665],[10.48323489,55.46182869]]],[[[10.49855962,54.97647989],[10.49650441,54.97451797],[10.49312224,54.97286136],[10.49387693,54.97158773],[10.49648674,54.97014828],[10.49837023,54.97031589],[10.50003584,54.97124777],[10.49958789,54.97475599]]],[[[10.57591756,54.85386321],[10.58761179,54.84766954],[10.59402421,54.84158291],[10.5964107,54.8424631],[10.5916734,54.845286],[10.58926414,54.84690687],[10.5877726,54.84865483],[10.58459115,54.85023556],[10.57736036,54.85369052]]],[[[8.48401723,55.36319315],[8.48218553,55.36228555],[8.48211674,55.36141586],[8.48271612,55.36079279],[8.48218228,55.36003265],[8.47825183,55.35933156],[8.48599761,55.35902524],[8.48616849,55.36119006],[8.48430905,55.36317138]]],[[[10.1225053,55.14781261],[10.11762251,55.14710223],[10.11587964,55.14599844],[10.11207849,55.14389756],[10.11074836,55.14202983],[10.11374921,55.14313343],[10.11743522,55.14390977],[10.12116593,55.14629799],[10.1226626,55.14779256]]],[[[10.42809762,54.89720783],[10.42684113,54.89908094],[10.42409331,54.90010774],[10.42166229,54.89889558],[10.42154814,54.89701888],[10.42419855,54.89615218],[10.4232547,54.89377499],[10.42603635,54.89544299],[10.42809762,54.89720783]]],[[[10.19381827,55.60226481],[10.19302298,55.60153028],[10.1972238,55.60053204],[10.20055518,55.59964964],[10.20429043,55.59962524],[10.20674655,55.59920659],[10.20732479,55.6000404],[10.20241265,55.60145116]]],[[[9.79058324,55.33185052],[9.78616553,55.32983762],[9.7862959,55.327227],[9.7917497,55.32669331],[9.79472631,55.32638832],[9.78990303,55.3274912],[9.7874002,55.32878673],[9.78927502,55.33151723],[9.79087735,55.33150022]]],[[[8.49179154,55.36351084],[8.4886865,55.36313405],[8.49001531,55.36177031],[8.48866864,55.36061574],[8.49248317,55.36069867],[8.49465719,55.36156943],[8.49364593,55.36178541],[8.49268168,55.36226018],[8.49179154,55.36351084]]],[[[9.50794999,54.85914417],[9.50634894,54.85879165],[9.50689961,54.85830569],[9.50702222,54.85762299],[9.50739038,54.8567838],[9.51006353,54.85622082],[9.5129183,54.85674297],[9.51046628,54.85823728],[9.50794999,54.85914417]]],[[[10.58814536,54.92031008],[10.58857471,54.92099733],[10.5911407,54.92184501],[10.5927802,54.92334039],[10.59338146,54.92459186],[10.59215721,54.92466705],[10.58991785,54.92378142],[10.58758079,54.92137936],[10.58769962,54.92037118]]],[[[10.48607288,55.53116141],[10.48354966,55.53147777],[10.48581887,55.52947139],[10.48847416,55.52859917],[10.49130227,55.52817295],[10.4884807,55.52968253],[10.48783819,55.53008027],[10.48719258,55.53053493],[10.4861197,55.53108769]]],[[[9.71337262,55.28986584],[9.71061036,55.28927807],[9.71160874,55.28896376],[9.71291948,55.28856],[9.71537552,55.28793395],[9.71892028,55.2871679],[9.71820276,55.28755215],[9.716854,55.28924922],[9.71337262,55.28986584]]],[[[10.52627536,54.96253263],[10.52452405,54.96260709],[10.52174714,54.96131441],[10.51971588,54.96093106],[10.51874343,54.96088174],[10.51930039,54.95952359],[10.52218596,54.9601347],[10.52380349,54.96091909],[10.52559229,54.96205444]]],[[[10.43028811,54.88234661],[10.42472138,54.88216137],[10.42531206,54.88209584],[10.43094531,54.88114506],[10.43412062,54.87977934],[10.43571075,54.87940743],[10.43686199,54.87843737],[10.43580645,54.88015245],[10.43090115,54.88222139]]],[[[10.88157691,55.21087523],[10.88182473,55.21342215],[10.88329351,55.21621077],[10.88671012,55.21926945],[10.88822722,55.22026474],[10.88434967,55.21787859],[10.88161787,55.21572414],[10.88004746,55.21345755],[10.88159401,55.21077466]]],[[[9.77028653,55.28353105],[9.77126278,55.28434839],[9.76965234,55.28598848],[9.76763874,55.28532368],[9.76751803,55.28369442],[9.76916486,55.28235642],[9.76959783,55.28215348],[9.76912502,55.28289387],[9.77028653,55.28353105]]],[[[9.83380888,54.97280307],[9.83089643,54.97284528],[9.8296801,54.97254471],[9.83043935,54.97108304],[9.83647491,54.97045889],[9.83587126,54.97051804],[9.83285774,54.97129953],[9.83188202,54.97254845],[9.83384222,54.97280652]]],[[[9.62812324,55.18921271],[9.62673439,55.18921005],[9.62793604,55.18730659],[9.62900582,55.18767743],[9.6290974,55.18641177],[9.63024763,55.1867855],[9.62929603,55.18800312],[9.62931875,55.18899653],[9.62819039,55.18920733]]],[[[10.49491228,54.91302752],[10.49431925,54.91288724],[10.49602406,54.91088009],[10.49753182,54.91119191],[10.49868424,54.91209129],[10.49801027,54.91260281],[10.49763896,54.9128461],[10.49624828,54.91284103],[10.49572503,54.91292935]]],[[[10.10332748,55.58502655],[10.09904901,55.58282176],[10.10002623,55.58105612],[10.10001552,55.58136525],[10.10027529,55.58259303],[10.10214604,55.58219746],[10.10242706,55.5838412],[10.10303336,55.58462015],[10.10363166,55.58484697]]],[[[9.50325639,54.85904481],[9.50249556,54.85852017],[9.5017377,54.85744166],[9.50119193,54.85625389],[9.50365408,54.8561923],[9.50471327,54.85701118],[9.50436665,54.85768348],[9.50260596,54.85778909],[9.50304729,54.85899158]]],[[[9.59347331,55.51343992],[9.59354608,55.51401331],[9.59377288,55.51222727],[9.59420634,55.5106955],[9.59481281,55.50979209],[9.59661242,55.50982584],[9.59542333,55.51132031],[9.59415251,55.51202055],[9.59359175,55.51341796]]],[[[9.66142449,55.49100256],[9.66142425,55.49149831],[9.66207739,55.49212784],[9.66182736,55.49274374],[9.66085106,55.49302443],[9.6594735,55.49326621],[9.65869398,55.4925075],[9.65951707,55.4916203],[9.66130416,55.49099971]]],[[[10.79427956,55.30819368],[10.79202698,55.30874102],[10.79209564,55.30717861],[10.792324,55.30718668],[10.79333916,55.30737894],[10.79273686,55.30622399],[10.79321252,55.30560594],[10.79393824,55.30614406],[10.79453181,55.30795271]]],[[[8.2724116,55.5334164],[8.27115263,55.53405051],[8.27135192,55.53251834],[8.27173147,55.53218749],[8.27238822,55.53200511],[8.27311184,55.53212272],[8.27362873,55.53224781],[8.27375038,55.5329116],[8.27256591,55.53342576]]],[[[10.56245184,54.86236503],[10.56043535,54.86118831],[10.56095725,54.85856913],[10.56251558,54.85900108],[10.56226762,54.858608],[10.56107912,54.85905802],[10.56074859,54.86101648],[10.56160078,54.86168365],[10.56245184,54.86236503]]],[[[10.10216876,55.13879159],[10.10415594,55.14035402],[10.10622471,55.14125317],[10.10399977,55.14047658],[10.10092255,55.13910068],[10.09927989,55.13795432],[10.09971884,55.13808606],[10.10107958,55.13865001]]],[[[10.29152354,55.61533259],[10.29120341,55.61638475],[10.29111635,55.61727235],[10.2900642,55.61713649],[10.28993256,55.61654622],[10.29054761,55.61525785],[10.29158149,55.61463697],[10.29236928,55.61411843],[10.29182008,55.61505529]]],[[[10.46769495,54.91545826],[10.46868607,54.91732028],[10.4671424,54.9167551],[10.46677634,54.91527001],[10.4683934,54.91454909],[10.47049323,54.91291178],[10.46877791,54.91438465],[10.46821732,54.91564752],[10.46769495,54.91545826]]],[[[8.6304087,55.40417123],[8.6298715,55.4048759],[8.62962918,55.40432577],[8.63060869,55.4031655],[8.63068619,55.40223741],[8.63188301,55.4025256],[8.63134636,55.40338087],[8.63131893,55.40403676],[8.6304087,55.40417123]]],[[[10.09512646,55.57687065],[10.0928815,55.57657931],[10.09162869,55.57518908],[10.09227704,55.57516956],[10.09268958,55.57368955],[10.09407378,55.57305158],[10.0927248,55.57499232],[10.09401004,55.57656664],[10.09538808,55.57659342]]],[[[9.76406354,55.26331252],[9.76313897,55.2631454],[9.76232825,55.26260401],[9.76271479,55.26204831],[9.76359785,55.26175109],[9.76419209,55.26163082],[9.76366169,55.26205201],[9.76531442,55.26263287],[9.76413907,55.26327978]]],[[[10.10005511,55.58018833],[10.09990559,55.58019669],[10.09925543,55.57952981],[10.09864671,55.57798291],[10.09665439,55.57662928],[10.09811966,55.57648497],[10.09924193,55.57793974],[10.1002015,55.57966555],[10.10005511,55.58018833]]],[[[10.50677515,55.54010448],[10.50532863,55.54036041],[10.50620799,55.53943843],[10.50803593,55.53927387],[10.50938543,55.53930829],[10.51016892,55.53948116],[10.5086831,55.5396943],[10.50711166,55.53965028],[10.50677515,55.54010448]]],[[[10.51639222,54.96375448],[10.51578502,54.96404812],[10.51431414,54.96345314],[10.51295844,54.9629544],[10.51368923,54.96248281],[10.51543706,54.96248171],[10.51535198,54.96300171],[10.51607357,54.96358886],[10.51639222,54.96375448]]],[[[10.44265104,55.46903363],[10.44348079,55.46965292],[10.44379401,55.47033222],[10.44386063,55.47121977],[10.44380034,55.47185135],[10.4435044,55.47125579],[10.44254189,55.46999102],[10.44148137,55.46887379],[10.44248327,55.46894017]]],[[[10.15668376,55.60491351],[10.15442474,55.60432257],[10.15182105,55.60384625],[10.14880255,55.60321372],[10.14908077,55.60292481],[10.15116967,55.60345769],[10.15356116,55.60381713],[10.15605072,55.60474623],[10.1568764,55.60481455]]],[[[9.76345335,55.25881887],[9.762996,55.25936378],[9.76232164,55.25948059],[9.76210129,55.258721],[9.76277778,55.25822307],[9.76350025,55.25803191],[9.76484746,55.25837781],[9.76433238,55.25868477],[9.7635193,55.25881216]]],[[[10.63101428,54.95422854],[10.63050108,54.95416235],[10.63111548,54.95377743],[10.63235459,54.95318981],[10.6332759,54.95294151],[10.6334968,54.95361343],[10.63299819,54.95405702],[10.6324534,54.9541517],[10.63139152,54.95421143]]],[[[8.46659871,55.08838783],[8.46664555,55.08915332],[8.46703338,55.08923185],[8.46668106,55.08959291],[8.46571958,55.08978874],[8.46519793,55.08918292],[8.46497306,55.08818821],[8.46659871,55.08838783]]],[[[10.58493867,54.91841411],[10.58516916,54.91889105],[10.58424785,54.918837],[10.58358288,54.91806724],[10.58452015,54.91652685],[10.58522568,54.91676085],[10.58464416,54.91663722],[10.58436757,54.91810753],[10.58473939,54.91819094]]],[[[10.46419452,55.48375867],[10.46413472,55.48435233],[10.4631163,55.48504309],[10.46200862,55.48550845],[10.46161143,55.48564646],[10.46153621,55.485286],[10.46244382,55.48461922],[10.46384426,55.48391967],[10.46419452,55.48375867]]],[[[10.45662493,55.46314366],[10.45694308,55.4633897],[10.45684065,55.4637778],[10.45657851,55.46423565],[10.45611332,55.46472081],[10.45584237,55.46337737],[10.45797781,55.4630331],[10.45841906,55.46321593],[10.45662493,55.46314366]]],[[[10.69416655,54.88495574],[10.69387575,54.88535616],[10.69383766,54.88620947],[10.69393237,54.88656793],[10.69316295,54.88643395],[10.69259683,54.88599497],[10.69264954,54.8853968],[10.69328329,54.88503969],[10.69371506,54.88492626]]],[[[10.71429412,54.87881696],[10.71373622,54.8793642],[10.71410233,54.88012292],[10.71439372,54.8806597],[10.71336004,54.88024871],[10.71289787,54.87935661],[10.71364006,54.87877316],[10.71487345,54.87853617],[10.71443455,54.87871359]]],[[[10.56791769,55.03464033],[10.5671385,55.0343101],[10.56504209,55.03339384],[10.56501576,55.03222445],[10.56522687,55.03317639],[10.56631106,55.03364489],[10.56832451,55.03429923],[10.5695478,55.03458544],[10.56825333,55.03458397]]],[[[9.76815608,55.27839011],[9.7674236,55.27868489],[9.76632332,55.27891142],[9.76596142,55.27810313],[9.76697194,55.27821846],[9.76811163,55.27830583],[9.76936313,55.27797903],[9.76970062,55.27834426],[9.76853964,55.27828023]]],[[[10.54011411,54.85877128],[10.53904503,54.8587266],[10.54144361,54.85836848],[10.54380846,54.85754455],[10.54540763,54.85708282],[10.54610309,54.8580601],[10.54546043,54.85780342],[10.54303391,54.8580276],[10.54038446,54.85869443]]],[[[10.4585637,54.97767113],[10.45939289,54.9780268],[10.45971166,54.97873765],[10.45960673,54.97908421],[10.45881228,54.97879536],[10.45794042,54.97761605],[10.45754402,54.97687062],[10.45805927,54.97748503],[10.4585637,54.97767113]]],[[[10.29916355,55.601507],[10.2992271,55.60246921],[10.29993717,55.60332591],[10.29924861,55.60376356],[10.29912305,55.60346564],[10.29890433,55.60306744],[10.29855869,55.60255088],[10.29830158,55.60211929]]],[[[10.11522742,55.58256163],[10.11435925,55.58290103],[10.11345677,55.58245453],[10.11229573,55.58206455],[10.11368126,55.58226441],[10.11480806,55.58233549],[10.11661632,55.58070521],[10.11664649,55.58091296],[10.11531135,55.58253418]]],[[[10.70873594,54.88555176],[10.70910567,54.88594373],[10.70897948,54.88617425],[10.70836008,54.88651767],[10.7078484,54.88632282],[10.70746108,54.88586098],[10.70751083,54.88559226],[10.70791755,54.88541452],[10.7084676,54.88551787]]],[[[10.16033901,55.6002696],[10.15880397,55.60067061],[10.15787477,55.60080834],[10.15865615,55.60023241],[10.16125172,55.60006318],[10.16324849,55.59969181],[10.16522069,55.59953192],[10.16355915,55.59974746],[10.16033901,55.6002696]]],[[[10.60576929,55.50742882],[10.60487061,55.50806637],[10.60399517,55.50856744],[10.60374354,55.50888294],[10.60317846,55.50869083],[10.60393328,55.50811262],[10.60481616,55.50760767],[10.60576534,55.50714489],[10.60625975,55.50738303]]],[[[10.29231871,55.61318941],[10.29237162,55.61360555],[10.29239773,55.61395997],[10.29189236,55.61431298],[10.29164706,55.61459333],[10.29131848,55.61449946],[10.29109065,55.61423883],[10.29132616,55.61375244],[10.29198057,55.6131857],[10.29231871,55.61318941]]],[[[10.51894815,55.48115679],[10.51680278,55.4816871],[10.51603965,55.48257178],[10.5159472,55.48271519],[10.51570256,55.48224569],[10.51685206,55.48143774],[10.51987933,55.48093225],[10.52110983,55.48128515],[10.5201304,55.48116476]]],[[[8.1794983,55.82446453],[8.17906922,55.82513226],[8.17864115,55.82559242],[8.17769491,55.82512155],[8.1779869,55.8249233],[8.17854797,55.82459791],[8.17908828,55.82437886],[8.17960398,55.82423637],[8.1794983,55.82446453]]],[[[10.46002485,55.47755845],[10.4605987,55.47800633],[10.46126239,55.47833308],[10.46036216,55.47820372],[10.45899723,55.47757366],[10.45901669,55.47724389],[10.45984773,55.4764311],[10.45973053,55.47697189]]],[[[10.3217557,55.0525936],[10.32142068,55.05228404],[10.32370365,55.05147996],[10.32583279,55.05182607],[10.32623029,55.05223919],[10.32468422,55.05178312],[10.3235226,55.05176673],[10.32267571,55.05185709],[10.32200568,55.0525358]]],[[[10.43784267,55.45553739],[10.43810038,55.45593562],[10.43836908,55.45627926],[10.43881258,55.45684569],[10.43910905,55.45749995],[10.43876079,55.45753424],[10.43802514,55.456984],[10.43799682,55.45621444],[10.43781378,55.4556214]]],[[[10.54374694,55.48089071],[10.5439184,55.48132567],[10.54357112,55.48112505],[10.54304858,55.48081719],[10.54189329,55.48105777],[10.54163761,55.4810263],[10.54187812,55.4806975],[10.5433496,55.48035659],[10.54402653,55.48056617]]],[[[9.7281378,55.27118973],[9.72826295,55.27149164],[9.72583915,55.27027136],[9.72560935,55.2689069],[9.7258543,55.26926417],[9.72593582,55.26957444],[9.72603403,55.27008328],[9.72677676,55.27073019],[9.72769028,55.27116993]]],[[[10.10554676,55.58251542],[10.10506568,55.58233805],[10.10486306,55.58216159],[10.10528208,55.58235542],[10.10781087,55.58182048],[10.11071663,55.58177891],[10.11017828,55.58205697],[10.10770538,55.58196719]]],[[[8.60266996,55.43201481],[8.60166401,55.43224328],[8.60064534,55.43199168],[8.60060856,55.43173744],[8.60106721,55.43170129],[8.60144134,55.43174106],[8.60199154,55.43173117],[8.60163041,55.4314047],[8.60208011,55.43161401],[8.60282314,55.43196292]]],[[[10.62000862,55.58518245],[10.62024481,55.58525419],[10.6199839,55.58575344],[10.61958875,55.5861486],[10.61919591,55.58625345],[10.61905691,55.58604509],[10.61885631,55.58586683],[10.61937877,55.58531497],[10.62000862,55.58518245]]],[[[10.63383573,54.95413025],[10.63445316,54.95446322],[10.63401396,54.95477767],[10.63364814,54.95496486],[10.63312263,54.95509613],[10.63296331,54.95467576],[10.63320959,54.95447535],[10.63349314,54.95423157],[10.63383573,54.95413025]]],[[[10.37613292,55.00606639],[10.37558428,55.00582545],[10.3752335,55.00518412],[10.37619633,55.00475802],[10.37716373,55.00484018],[10.37671576,55.00488588],[10.37614187,55.00510384],[10.37589965,55.00581595]]],[[[9.80423692,55.32304134],[9.80404672,55.32321414],[9.80365994,55.32282309],[9.80347775,55.32226202],[9.80356392,55.32194873],[9.80398077,55.32233024],[9.80462637,55.32267681],[9.80454906,55.3230614]]],[[[10.50856759,55.54360594],[10.50802125,55.54357267],[10.50875789,55.54331072],[10.50916633,55.54297561],[10.50944986,55.54209833],[10.50982945,55.54188337],[10.50958479,55.54268692],[10.50950942,55.54325132]]],[[[10.21298918,55.06498523],[10.21308102,55.06540706],[10.21294141,55.06567357],[10.21273876,55.06572493],[10.21239947,55.06557624],[10.21183194,55.0654922],[10.21183502,55.06527828],[10.21210114,55.0649592],[10.21284258,55.06497402]]],[[[10.00099476,55.19315251],[10.00171705,55.19350865],[10.00200947,55.19402487],[10.00227055,55.19451852],[10.00204541,55.19456152],[10.00144232,55.19427998],[10.00141506,55.19403236],[10.00098004,55.19339222],[10.00096728,55.19314025]]],[[[9.69212335,55.22473926],[9.69141916,55.22484552],[9.69083062,55.22476717],[9.6902727,55.22444178],[9.69017807,55.22390656],[9.69066243,55.22409756],[9.69158295,55.22453636],[9.6919896,55.22465995],[9.69200218,55.22467803]]],[[[10.29192636,55.61842737],[10.29188268,55.61849936],[10.29112896,55.61815836],[10.29134158,55.61765109],[10.29180339,55.61741141],[10.29205029,55.61798537],[10.29223005,55.6183716],[10.29168225,55.6182956],[10.29164038,55.61833072]]],[[[10.6214525,55.57048458],[10.62132041,55.57025833],[10.62148914,55.57002666],[10.62201291,55.5699011],[10.62238883,55.56981704],[10.62252927,55.56991889],[10.62258989,55.57025429],[10.62278388,55.57040468],[10.62188826,55.57048627],[10.6214525,55.57048458]]],[[[10.53091823,54.84816019],[10.53045258,54.84811681],[10.53007828,54.84815747],[10.52980755,54.8479841],[10.53016269,54.84773345],[10.53047593,54.84768852],[10.53148142,54.84767422],[10.53129272,54.84787361],[10.53091823,54.84816019]]],[[[9.62221819,55.30878212],[9.62233711,55.30916289],[9.62203786,55.30925922],[9.62161091,55.30946996],[9.62099322,55.30954337],[9.62069285,55.30952746],[9.62091586,55.30936161],[9.62135546,55.30906275],[9.62221819,55.30878212]]],[[[10.55203579,54.89690339],[10.55199155,54.89677893],[10.55239445,54.89610834],[10.55297794,54.89584356],[10.55342102,54.895845],[10.55309264,54.89589441],[10.55284701,54.89616942],[10.55281602,54.89661633],[10.55227007,54.89689635]]],[[[9.76894825,55.26380009],[9.76864262,55.26381522],[9.76897966,55.26343046],[9.77023327,55.26296067],[9.77079953,55.26293184],[9.77031365,55.26312973],[9.76961142,55.26346791],[9.76936237,55.26370717],[9.76894953,55.26379298]]],[[[10.66591793,55.038149],[10.66520526,55.0383456],[10.66478975,55.03887374],[10.66463826,55.0389985],[10.66451685,55.03862942],[10.66501706,55.0381172],[10.66582261,55.03794502],[10.66627134,55.03808592],[10.66624388,55.03814445]]],[[[10.53508315,54.91285194],[10.53510841,54.91324106],[10.53511823,54.91378603],[10.53492943,54.91365828],[10.53450279,54.91332735],[10.53440861,54.91291456],[10.53445578,54.91278877],[10.53497383,54.91266054],[10.53505469,54.91272333]]],[[[9.71021153,55.36646789],[9.71058794,55.36726681],[9.71137663,55.36800421],[9.71280609,55.36891651],[9.71360857,55.36910925],[9.7127307,55.36894418],[9.71085033,55.36789225],[9.71034888,55.3671069],[9.71015312,55.36644792]]],[[[10.48509688,55.5262257],[10.485152,55.52639371],[10.48466361,55.52687422],[10.48480391,55.52650226],[10.48489362,55.52607862],[10.48612754,55.5259134],[10.48708254,55.52574158],[10.48611201,55.52603913],[10.48515719,55.52618246]]],[[[8.30419144,55.49735341],[8.30379414,55.49732519],[8.30389633,55.49721218],[8.30427301,55.49697314],[8.30459851,55.49684461],[8.30510151,55.49670423],[8.30535982,55.49663344],[8.30527277,55.49691178],[8.30495681,55.49707362]]],[[[10.15966972,55.60587622],[10.15974221,55.60614862],[10.15941076,55.6061434],[10.15857984,55.60576386],[10.15810819,55.60557951],[10.15835652,55.60553341],[10.15939176,55.60563928],[10.15978691,55.60549041]]],[[[10.49929083,55.53766428],[10.49878419,55.53763498],[10.49854157,55.53763067],[10.49844958,55.53743292],[10.49893936,55.53730229],[10.49936917,55.53730763],[10.49976446,55.53726352],[10.50002543,55.53746657],[10.49958471,55.53762034]]],[[[9.81288232,55.41347053],[9.81175077,55.41332061],[9.81227935,55.4134075],[9.81325903,55.41314633],[9.81389562,55.41312358],[9.81433931,55.41297676],[9.81511053,55.4126962],[9.81552552,55.41263664],[9.81355832,55.41332837]]],[[[10.58323383,55.45986091],[10.58326196,55.46010499],[10.58303208,55.46013106],[10.58275036,55.46005517],[10.58244308,55.45993746],[10.58217579,55.45986651],[10.58189583,55.4599334],[10.58212542,55.45971052],[10.58285267,55.45964018]]],[[[9.58565221,55.26075249],[9.58542964,55.26086516],[9.58535941,55.26055116],[9.58546508,55.26032178],[9.58547564,55.26019475],[9.58575886,55.26007621],[9.5860223,55.26015403],[9.58608243,55.26044417],[9.58584884,55.26073761]]],[[[10.61579468,55.4979427],[10.61561986,55.49817382],[10.61502842,55.49810873],[10.61572761,55.49771981],[10.61608476,55.49754974],[10.61621841,55.49766265],[10.61687544,55.49794515],[10.61684538,55.49800747],[10.61579468,55.4979427]]],[[[10.12874705,55.12260813],[10.12843326,55.12271915],[10.12726482,55.12263542],[10.12606397,55.12233055],[10.12545258,55.1221756],[10.12642866,55.12230615],[10.12710156,55.1224793],[10.12826953,55.12251298],[10.12870956,55.12258529]]],[[[10.55139021,54.897521],[10.55139785,54.89765464],[10.55157127,54.89780081],[10.55137585,54.89805191],[10.55056472,54.89850176],[10.55041256,54.89853552],[10.55069485,54.89818274],[10.55104751,54.89785163],[10.55130638,54.89757141]]],[[[10.5057726,55.54307344],[10.50495318,55.54316052],[10.50526921,55.54298194],[10.5064956,55.54288571],[10.5073935,55.54268352],[10.50745554,55.54274764],[10.50688686,55.54292952],[10.50621722,55.54304569],[10.50582831,55.54302566]]],[[[10.60310478,55.58726593],[10.60313356,55.58764479],[10.60259084,55.58793956],[10.60240074,55.58823942],[10.60235211,55.5884516],[10.60207318,55.58813702],[10.60241128,55.58793346],[10.60265969,55.58763158],[10.60262697,55.58736995],[10.60310478,55.58726593]]],[[[8.63821598,55.38924384],[8.63795464,55.38916677],[8.63804683,55.38897609],[8.63827386,55.38885168],[8.63862317,55.38888974],[8.63902837,55.38887476],[8.63925704,55.38898659],[8.63906179,55.38910526],[8.6386723,55.38916278],[8.6382999,55.38923258]]],[[[8.18459361,55.82244988],[8.18473267,55.8225855],[8.18459997,55.82278661],[8.1843688,55.82285741],[8.18379845,55.82305006],[8.18360653,55.82309119],[8.18372647,55.82285944],[8.18404578,55.82264196],[8.18422002,55.82253043],[8.18459361,55.82244988]]],[[[10.1039578,55.5778581],[10.10388881,55.57795478],[10.10309424,55.57826513],[10.10272485,55.57848798],[10.10233545,55.57854549],[10.10212543,55.5783531],[10.10245219,55.57823954],[10.10317608,55.57808961],[10.103918,55.5778474]]],[[[10.30365677,55.60806438],[10.3038367,55.60818585],[10.30372339,55.60849331],[10.3039024,55.60867796],[10.30367692,55.60874362],[10.30331565,55.60867333],[10.30321542,55.60849943],[10.30327263,55.6082667],[10.3034266,55.60808884]]],[[[10.55600551,55.48435363],[10.5562858,55.48439428],[10.55640429,55.48456173],[10.55631449,55.48477658],[10.55600021,55.48482155],[10.555732,55.48472638],[10.55561205,55.48456596],[10.55562968,55.48441493],[10.55589785,55.48434053]]],[[[9.74181831,55.6269383],[9.74190412,55.62733603],[9.74159551,55.6272085],[9.74152377,55.62687439],[9.74153607,55.62706338],[9.74135942,55.62704405],[9.74124667,55.62660712],[9.7414866,55.6267144],[9.74170906,55.62672051]]],[[[10.48574107,55.48375331],[10.48570513,55.483959],[10.48556452,55.48414188],[10.48577409,55.48445415],[10.48560672,55.48437602],[10.48526036,55.48414629],[10.48503645,55.48402922],[10.48517546,55.48387098],[10.48565306,55.48374027]]],[[[10.67890811,54.97122354],[10.67898765,54.97126486],[10.67890934,54.97236128],[10.67885205,54.97244485],[10.67874044,54.97244738],[10.67868833,54.97237809],[10.67875722,54.97166234],[10.67881135,54.97124105],[10.67890811,54.97122354]]],[[[10.49308472,55.48293217],[10.49271714,55.48288723],[10.49249018,55.48286978],[10.49229592,55.48291375],[10.49215198,55.48289448],[10.49218607,55.48276232],[10.49247693,55.4827035],[10.49321128,55.48270093],[10.49308472,55.48293217]]],[[[10.47119872,54.9675743],[10.47018362,54.96766423],[10.46990559,54.96755417],[10.47000562,54.96753831],[10.47043534,54.96748189],[10.47071835,54.96742032],[10.47099135,54.96746546],[10.47115167,54.9674752],[10.47149329,54.96746586],[10.47175237,54.96750622],[10.47119872,54.9675743]]],[[[10.63217696,55.56971305],[10.63197334,55.5697022],[10.63155132,55.56971428],[10.63118804,55.56970879],[10.63110723,55.56961882],[10.63123546,55.56942947],[10.63179614,55.56954459],[10.63201559,55.56954697],[10.63234846,55.56962252],[10.63237618,55.56967886]]],[[[10.38272252,55.40667098],[10.38285818,55.4067204],[10.38287159,55.40681038],[10.38244284,55.40724219],[10.38231874,55.40727505],[10.38221199,55.40726205],[10.38213474,55.4072029],[10.38213887,55.40713563],[10.38226211,55.40699665],[10.382663,55.40667165]]],[[[9.79127368,54.8990771],[9.79131328,54.89948215],[9.79179405,54.9001976],[9.79248411,54.90034067],[9.79319737,54.90039443],[9.79320075,54.90043152],[9.79200369,54.9003669],[9.79118741,54.89945699],[9.7911966,54.89908281],[9.79125258,54.89907436]]],[[[10.4716782,54.89715895],[10.47146013,54.89712735],[10.47121335,54.89702267],[10.47075404,54.89668338],[10.47086623,54.89644555],[10.47112005,54.89633706],[10.47113321,54.89644987],[10.47110632,54.89673888],[10.47156825,54.89707751]]],[[[10.09649061,55.57673409],[10.09636766,55.57688723],[10.0961064,55.57681867],[10.09574558,55.57677436],[10.09577346,55.57665908],[10.09601686,55.5766109],[10.09633517,55.57642716],[10.09652596,55.57637486],[10.09649036,55.57667963]]],[[[10.50665309,55.54417706],[10.5060179,55.54433647],[10.5060514,55.54421375],[10.50612593,55.54413591],[10.5062614,55.54410558],[10.5065513,55.54403956],[10.50698947,55.5439257],[10.50717417,55.5438234],[10.50734671,55.54398322]]],[[[10.55433956,55.48670644],[10.5541599,55.48695882],[10.55387487,55.48727294],[10.55339976,55.48767565],[10.55314676,55.4878506],[10.55312741,55.48781319],[10.55351762,55.48746503],[10.55389664,55.48704592],[10.55427352,55.48666108],[10.55440422,55.48660002]]],[[[10.44443859,55.46887191],[10.44461334,55.46909101],[10.44494207,55.46948884],[10.44524014,55.47014674],[10.44527943,55.47037751],[10.44512444,55.47009778],[10.44491238,55.46968043],[10.44452335,55.46910888],[10.44434514,55.46885585]]],[[[10.66917894,55.45268518],[10.66932742,55.45314168],[10.66938999,55.45360105],[10.66927292,55.45404931],[10.66914665,55.45406253],[10.66920993,55.45388714],[10.66924968,55.45353646],[10.66920096,55.45306063],[10.66902519,55.45264315],[10.66912993,55.45261449]]],[[[10.09565987,55.57673262],[10.09532041,55.57696579],[10.09476925,55.57726402],[10.09413317,55.57751475],[10.09420316,55.57743639],[10.09468952,55.57722052],[10.0950317,55.57702219],[10.09535358,55.57677831],[10.09555606,55.57665608],[10.09565987,55.57673262]]],[[[10.56240843,55.48735396],[10.56257976,55.48737999],[10.56264075,55.48744544],[10.56250384,55.48760105],[10.56236403,55.48766781],[10.56218472,55.48767216],[10.56198055,55.48760422],[10.56193584,55.48751807],[10.56204179,55.48738793],[10.56223604,55.48734906]]],[[[9.68603759,55.21616087],[9.68580115,55.21617667],[9.68557692,55.21610712],[9.68581488,55.21598806],[9.68609751,55.21579794],[9.68627215,55.21591773],[9.68632109,55.21604902],[9.68620906,55.21614247]]],[[[9.79182739,54.89792281],[9.79184985,54.89797838],[9.79185046,54.8985503],[9.79185026,54.89931895],[9.79179755,54.89933439],[9.79175569,54.89931517],[9.79174386,54.89854543],[9.79175258,54.89794082],[9.79179725,54.89792067]]],[[[10.54600394,54.85887691],[10.54543018,54.85873152],[10.54516398,54.85834609],[10.54532269,54.85813709],[10.54532351,54.85843969],[10.54547528,54.85855829],[10.54568637,54.85876987],[10.54626696,54.8588289],[10.5461197,54.8588607]]],[[[10.15794043,55.60519793],[10.15769823,55.60531766],[10.157395,55.60518663],[10.15752373,55.6051058],[10.15799647,55.60503097],[10.15829752,55.60501267],[10.15840824,55.60514984],[10.15831198,55.60510995],[10.15794043,55.60519793]]],[[[10.52881246,55.47184368],[10.52898863,55.47188264],[10.52908204,55.47195813],[10.52907465,55.47203272],[10.52900157,55.47209843],[10.52884042,55.47213298],[10.52864014,55.47210861],[10.52853688,55.47203647],[10.52856264,55.4719293],[10.52868082,55.47185575],[10.52881246,55.47184368]]],[[[10.54361512,55.03356442],[10.54366185,55.03377467],[10.5434705,55.03358396],[10.54247978,55.03361072],[10.54143669,55.03342279],[10.54046835,55.03325405],[10.54088151,55.03329654],[10.54235906,55.03356812],[10.54361512,55.03356442]]],[[[8.1831024,55.82329236],[8.18332844,55.82342819],[8.1831471,55.82345925],[8.18303245,55.82349964],[8.18267033,55.82369474],[8.1826332,55.82364624],[8.18267993,55.82345758],[8.18284472,55.82343199],[8.18302921,55.82331164]]],[[[9.59329917,55.36065139],[9.59320482,55.36064017],[9.59319354,55.36055036],[9.59338042,55.36037809],[9.59367058,55.3603508],[9.59376377,55.36044273],[9.59365218,55.36053376],[9.59345108,55.36060905]]],[[[10.55660614,55.45286988],[10.55663721,55.45294821],[10.55631851,55.45312724],[10.55595738,55.45320085],[10.55587887,55.4531508],[10.55599529,55.45309944],[10.5561043,55.45301655],[10.55625422,55.45298858],[10.55637569,55.45288485]]],[[[10.46339607,55.48178466],[10.4635308,55.48182915],[10.46339035,55.48192501],[10.46323244,55.48202359],[10.46333225,55.48211209],[10.46321854,55.4822123],[10.46312453,55.48206263],[10.46301193,55.48183813],[10.46318541,55.48178789],[10.46339607,55.48178466]]],[[[10.52413369,54.85726849],[10.52407664,54.85733383],[10.52368167,54.85741967],[10.52325277,54.85758495],[10.52300042,54.85778027],[10.52286313,54.85780823],[10.52295755,54.8576885],[10.52331511,54.85746984],[10.52386825,54.85730229]]],[[[10.49191148,55.48297523],[10.4916755,55.48294513],[10.49129029,55.48286912],[10.49135915,55.48280699],[10.49165808,55.48281935],[10.49191068,55.48274896],[10.49199477,55.48274191],[10.49205628,55.48280784],[10.49197136,55.48296004]]],[[[10.78532258,55.1381473],[10.78548098,55.13819162],[10.78554078,55.13826607],[10.78549652,55.13836046],[10.78541485,55.13840066],[10.7852851,55.13841478],[10.78514393,55.13838036],[10.78507043,55.13828743],[10.78511078,55.13820361],[10.78527345,55.13814685]]],[[[10.48032904,55.48101787],[10.47976434,55.4810114],[10.4793639,55.48098389],[10.47882493,55.48095041],[10.47842677,55.48092044],[10.47881429,55.48091971],[10.4792518,55.48094426],[10.48016482,55.48094293],[10.48042631,55.48100816]]],[[[10.53723232,55.49876027],[10.53739163,55.49886306],[10.53738959,55.49895682],[10.53728797,55.4989979],[10.53708814,55.49899313],[10.53698497,55.49893763],[10.536965,55.49883534],[10.53698593,55.49875078],[10.53715259,55.49873746]]],[[[9.58001006,55.52111108],[9.58000264,55.52119873],[9.57999521,55.52134002],[9.58004306,55.52141608],[9.58018248,55.52142944],[9.58024263,55.52146995],[9.58015507,55.52151521],[9.58001698,55.52151685],[9.57989606,55.52145811],[9.57979699,55.52133467],[9.57982909,55.52116936],[9.57987599,55.52109509],[9.57994405,55.52105973],[9.58001944,55.52105937],[9.58001006,55.52111108]]],[[[10.50049769,55.53680952],[10.50051365,55.53689982],[10.50037261,55.53700382],[10.50020498,55.5370588],[10.49998173,55.53712624],[10.49999736,55.53700823],[10.50023027,55.53690302],[10.50039398,55.53680342]]],[[[10.50319944,55.54406176],[10.50304831,55.5440762],[10.50289445,55.54404834],[10.50269746,55.54398641],[10.50265674,55.5439205],[10.50270027,55.54387737],[10.50284457,55.54387919],[10.502937,55.54391715],[10.50311034,55.54395304],[10.50329681,55.54390941],[10.50337513,55.54394332],[10.50334477,55.54397829],[10.50319944,55.54406176]]],[[[10.62980148,54.90400889],[10.63004672,54.90406402],[10.62969493,54.90405876],[10.62930934,54.90399248],[10.62878346,54.90403683],[10.62781994,54.90407805],[10.62825509,54.90403492],[10.62901574,54.90398743],[10.62980148,54.90400889]]],[[[10.53234823,55.47439964],[10.53244638,55.47447012],[10.53243001,55.47458653],[10.53229846,55.47462979],[10.5321199,55.47460281],[10.53203511,55.47452587],[10.5320818,55.47444072],[10.53223901,55.47439426]]],[[[10.5515947,55.49325297],[10.55119456,55.49357994],[10.55079688,55.49380453],[10.55081609,55.4937536],[10.55095609,55.49362637],[10.55135727,55.49333784],[10.55166475,55.4931304],[10.5516535,55.49318635]]],[[[10.34191415,55.05165256],[10.34194984,55.05175085],[10.3416013,55.05194054],[10.34164426,55.05210633],[10.34156626,55.05206765],[10.34138711,55.05193454],[10.34155629,55.05183975],[10.3416871,55.05178169],[10.34185456,55.05165421]]],[[[10.88463882,55.14503557],[10.88455437,55.14518158],[10.88433518,55.14557505],[10.88390231,55.14588328],[10.88394443,55.14582134],[10.88414219,55.14565551],[10.88422335,55.14555961],[10.88435869,55.14538801],[10.88461218,55.14505297]]],[[[10.37863856,55.05958891],[10.37882192,55.05963024],[10.37955976,55.0592224],[10.37997673,55.0589769],[10.38021876,55.0590217],[10.38070533,55.05918362],[10.38001598,55.05900746],[10.37995599,55.05903394],[10.37915037,55.05948335]]],[[[10.4585795,55.48866766],[10.45861109,55.48869595],[10.45856355,55.48880157],[10.45845767,55.48887437],[10.45841556,55.48888269],[10.45830589,55.48889172],[10.45825147,55.48889677],[10.45817539,55.48878678],[10.45825808,55.4887201],[10.45846337,55.48867326],[10.4585795,55.48866766]]],[[[10.57361698,54.85757211],[10.57350267,54.85755714],[10.57356485,54.85751365],[10.57371886,54.85747974],[10.57403465,54.85739557],[10.57428342,54.85735882],[10.5743049,54.85741426],[10.5742287,54.85745785],[10.57397277,54.85750279]]],[[[8.3045144,55.51676013],[8.30445983,55.51677384],[8.3044763,55.51669315],[8.30456117,55.51664942],[8.30459383,55.51656658],[8.30453924,55.51649205],[8.30454505,55.51646746],[8.30482519,55.51654983],[8.30458177,55.51674749]]],[[[9.71331872,55.35287148],[9.71348694,55.35308688],[9.71340858,55.3531497],[9.71336935,55.3531431],[9.71339169,55.35310496],[9.7133722,55.35303867],[9.71314537,55.35280878],[9.71305462,55.35275287],[9.71276354,55.35283545],[9.71273874,55.35279803],[9.71310423,55.35268743],[9.71331872,55.35287148]]],[[[10.15766041,55.05183571],[10.15730246,55.05107783],[10.15737053,55.05106631],[10.15774984,55.05182102],[10.15766041,55.05183571]]],[[[8.40897966,55.47853615],[8.40905347,55.47857344],[8.40905912,55.47862945],[8.40893332,55.47875707],[8.40886761,55.47878155],[8.40876946,55.4787747],[8.40870857,55.47873046],[8.40883948,55.47855758],[8.40891309,55.4785334]]],[[[8.2416056,55.57183179],[8.24140588,55.57180953],[8.2413424,55.57177049],[8.24120069,55.57180772],[8.24109237,55.57173381],[8.24101695,55.57170549],[8.2409532,55.57168074],[8.24126344,55.57167925],[8.2416056,55.57183179]]],[[[10.53538409,55.497795],[10.53545194,55.49782992],[10.53549245,55.49787425],[10.53550396,55.49791787],[10.53547573,55.49796127],[10.53542157,55.49799341],[10.53534719,55.49800629],[10.53525525,55.49799909],[10.5352022,55.49797845],[10.53516861,55.497937],[10.5351622,55.49790239],[10.53519475,55.49784806],[10.53523106,55.49781282],[10.53533627,55.49779479],[10.53538409,55.497795]]],[[[10.28304107,55.6127329],[10.28297799,55.6127217],[10.28303311,55.61265454],[10.2832146,55.61260636],[10.28344504,55.61256468],[10.2835142,55.61259199],[10.28350902,55.61263734],[10.2834159,55.61268827],[10.28329476,55.61271264],[10.28322095,55.61271341],[10.28314069,55.6127156],[10.28304107,55.6127329]]],[[[8.30983925,55.52019635],[8.30973193,55.52020186],[8.30961989,55.52021434],[8.30967237,55.52012056],[8.30992801,55.5200484],[8.31006952,55.5200714],[8.31011382,55.52012808],[8.3099527,55.52015799]]],[[[10.5190541,54.96140759],[10.51889752,54.96140559],[10.51868717,54.96131169],[10.51856189,54.96126158],[10.51844025,54.96114257],[10.5184972,54.96112011],[10.51858323,54.96113575],[10.51868583,54.9612221],[10.51883028,54.96133327],[10.51900961,54.96136275],[10.5191451,54.96133545],[10.51915351,54.96135143],[10.51911869,54.96139303],[10.5190541,54.96140759]]],[[[10.23872692,55.09280041],[10.23880162,55.09285977],[10.23880189,55.0928683],[10.23875597,55.09288351],[10.2382325,55.09263234],[10.23808721,55.09262636],[10.23810127,55.09258416],[10.23831582,55.09260022]]],[[[10.53342614,54.91054893],[10.53337173,54.91058664],[10.53327649,54.91061337],[10.53329511,54.91073779],[10.53324891,54.91078233],[10.53309929,54.91063412],[10.53308754,54.91054664],[10.53328044,54.91051203],[10.53342614,54.91054893]]],[[[10.50755927,55.53974704],[10.50758931,55.53977417],[10.50753068,55.53984059],[10.5074394,55.53991109],[10.50745969,55.53998579],[10.50742749,55.54002249],[10.50734349,55.54002218],[10.50724867,55.53995064],[10.50723097,55.53992282],[10.5072702,55.53986707],[10.5073138,55.53983849],[10.5073976,55.53983351],[10.50747052,55.53976359],[10.50751926,55.53973675],[10.50755927,55.53974704]]],[[[8.68004678,55.14565847],[8.68013465,55.14575593],[8.68009797,55.14577058],[8.68001355,55.14579219],[8.67994016,55.14578706],[8.6798723,55.14573808],[8.67982897,55.1456827],[8.67982008,55.14563685],[8.67983792,55.14560374],[8.6798812,55.14556746],[8.6799479,55.1455458],[8.68004678,55.14565847]]],[[[10.44653585,55.47393238],[10.44667346,55.47395735],[10.44670431,55.47400031],[10.44667857,55.47404069],[10.44655605,55.47407791],[10.44640524,55.47406846],[10.44632246,55.47400689],[10.44639,55.47393725],[10.44653585,55.47393238]]],[[[10.54374886,55.44417893],[10.54372186,55.44420803],[10.54373876,55.44424412],[10.54360056,55.44431246],[10.54352072,55.44429612],[10.54340793,55.4442864],[10.54341064,55.44424637],[10.54344539,55.44416874],[10.54351739,55.44416226],[10.54370887,55.44413863],[10.54374886,55.44417893]]],[[[10.5259293,55.47713104],[10.52601229,55.47716595],[10.52603254,55.47720668],[10.52600752,55.47725129],[10.52593387,55.47728609],[10.52582457,55.4772995],[10.52574091,55.47728005],[10.52570908,55.47722221],[10.52572946,55.47717226],[10.52582238,55.47713228],[10.5259293,55.47713104]]],[[[10.68639571,54.89752147],[10.68646652,54.89759257],[10.68638993,54.89765555],[10.68625748,54.8977142],[10.68623763,54.89779527],[10.68616984,54.89774049],[10.68619044,54.8976399],[10.68626975,54.89754119],[10.68639571,54.89752147]]],[[[9.76762962,55.28641764],[9.7675872,55.28651999],[9.767529,55.28666207],[9.76743022,55.28678149],[9.76727053,55.28694335],[9.76725677,55.28689131],[9.76745343,55.28667045],[9.76753833,55.28646827],[9.76762962,55.28641764]]],[[[8.24237046,55.54631618],[8.24233802,55.5462892],[8.24223939,55.54627529],[8.24217798,55.54620482],[8.24228434,55.54620422],[8.24245892,55.54614249],[8.2426263,55.54613319],[8.24260357,55.54621941],[8.24245368,55.54624984]]],[[[10.1575334,55.0520021],[10.15779202,55.0519592],[10.15791591,55.05195595],[10.15829115,55.051962],[10.15830481,55.05201768],[10.15808043,55.05201541],[10.15785055,55.05200753],[10.15755369,55.05203228],[10.1575334,55.0520021]]],[[[8.30676429,55.52016281],[8.30664451,55.52014722],[8.3065915,55.52015357],[8.30655599,55.52011024],[8.30648565,55.52009321],[8.30644284,55.52005963],[8.30633017,55.52000876],[8.30652692,55.52000709],[8.30677476,55.52011686]]],[[[10.42627035,54.99308277],[10.4262495,54.99331022],[10.42628888,54.99348627],[10.426346,54.99364674],[10.42631536,54.99369519],[10.42627881,54.99366964],[10.4262052,54.99343638],[10.42621192,54.99325566],[10.42623982,54.9930595],[10.42630316,54.99294147],[10.42627035,54.99308277]]],[[[10.53674157,55.49667582],[10.53680808,55.49670878],[10.536858,55.49675902],[10.53687581,55.49681397],[10.53683802,55.49683934],[10.53675319,55.49687258],[10.53672507,55.49685774],[10.53664353,55.49682516],[10.53660306,55.49678594],[10.53659984,55.4967397],[10.53663259,55.49668636],[10.53668738,55.49667471],[10.53674157,55.49667582]]],[[[8.25711363,55.58542653],[8.2571086,55.58545777],[8.25701,55.58552915],[8.2569085,55.58560302],[8.25676018,55.58565218],[8.25671776,55.58561319],[8.25675682,55.58555304],[8.2568104,55.58552165],[8.25694483,55.58547681],[8.25704619,55.58542738]]],[[[10.53366232,55.47627168],[10.53371898,55.47628823],[10.53375468,55.47633154],[10.53374694,55.47638071],[10.5337096,55.47641739],[10.53363039,55.47643537],[10.5335528,55.4764217],[10.53350056,55.47638847],[10.53348525,55.47634049],[10.53352217,55.47629707],[10.53358192,55.4762752],[10.53366232,55.47627168]]],[[[9.67143375,54.99956501],[9.67145807,54.99964549],[9.67128682,54.99956663],[9.67117812,54.9995631],[9.67111898,54.99954177],[9.67118204,54.99944239],[9.67125094,54.99940255],[9.67129227,54.99946227],[9.67135264,54.99952008]]],[[[9.765712,55.28575643],[9.76587083,55.28582813],[9.76591967,55.28588686],[9.76594758,55.28597071],[9.76594258,55.2860216],[9.76591601,55.28603201],[9.76587867,55.28599001],[9.76577377,55.2858814],[9.7656757,55.28581722],[9.76564395,55.28574661],[9.765712,55.28575643]]],[[[10.44714377,55.47390803],[10.44728152,55.47392815],[10.44741447,55.47395974],[10.44739117,55.47400594],[10.44731655,55.47401176],[10.44719651,55.47400015],[10.44706042,55.47398666],[10.44702123,55.47394902],[10.44706239,55.47390225],[10.44714377,55.47390803]]],[[[9.46017573,55.1154557],[9.46033752,55.11550918],[9.46043528,55.11555797],[9.46040627,55.11562566],[9.4603624,55.11562789],[9.46025029,55.11557188],[9.46010696,55.11551518],[9.46009352,55.11547776],[9.46014201,55.11545394]]],[[[10.63148566,55.56863952],[10.63153326,55.56868598],[10.63153335,55.56869954],[10.63151906,55.56871816],[10.63144096,55.56877393],[10.63136586,55.56877592],[10.63129859,55.56876378],[10.63126597,55.56875361],[10.63124718,55.56873256],[10.63127673,55.56870332],[10.63134533,55.56865181],[10.63138794,55.56862752],[10.63143455,55.5686233],[10.63148566,55.56863952]]],[[[10.41051299,54.89441935],[10.41054172,54.89444283],[10.41050945,54.89447861],[10.41029804,54.89463592],[10.41023668,54.89467384],[10.41019996,54.89466295],[10.41018848,54.89464223],[10.41024541,54.89459807],[10.41040911,54.89446756],[10.4104907,54.8944196]]],[[[9.6008519,55.41023578],[9.60080581,55.41021669],[9.60114358,55.40985828],[9.60119629,55.40988624],[9.6008519,55.41023578]]],[[[9.73202225,55.26266296],[9.73203029,55.26269805],[9.7319824,55.26271209],[9.7319178,55.26275048],[9.73186073,55.2627874],[9.73181004,55.26279507],[9.73174211,55.26275504],[9.73175492,55.26271552],[9.73186512,55.26265842],[9.73194714,55.26265182],[9.73202225,55.26266296]]],[[[8.30734945,55.52018553],[8.30717853,55.52016839],[8.30706485,55.52015688],[8.30695737,55.52018071],[8.30682999,55.52014674],[8.30692404,55.52009417],[8.30713956,55.52014211],[8.30727237,55.52013729],[8.30739339,55.52018165]]],[[[8.23827959,55.56960047],[8.23833899,55.56967749],[8.23836387,55.56973587],[8.23835909,55.56978625],[8.23830558,55.56979805],[8.23823434,55.5697507],[8.2382245,55.5696774],[8.23821484,55.56962756],[8.23825568,55.56959843]]],[[[8.30483204,55.51643072],[8.30479285,55.51641702],[8.30468413,55.51640337],[8.30470403,55.51637922],[8.30474798,55.51632079],[8.30483782,55.5162823],[8.30492122,55.51631261],[8.30483157,55.51633151],[8.30484994,55.51642138]]],[[[10.88548955,55.14361608],[10.88549916,55.1436668],[10.88547831,55.14378702],[10.88542353,55.14394624],[10.88539388,55.14395308],[10.88537827,55.14392483],[10.88542363,55.143792],[10.88545693,55.14365972],[10.88547943,55.14360779]]],[[[9.56252618,55.24864127],[9.56256307,55.24868037],[9.5625421,55.24871066],[9.56245837,55.24874079],[9.56238693,55.24875028],[9.56234875,55.24873069],[9.56242119,55.24865891],[9.56248032,55.24863537]]],[[[10.46176114,55.47788435],[10.46180646,55.47791166],[10.46181439,55.4779335],[10.46180188,55.47795476],[10.46174595,55.47797826],[10.46170081,55.47798149],[10.46166772,55.47796796],[10.46162398,55.47794485],[10.46162043,55.47792584],[10.46164416,55.47790021],[10.46165927,55.47788071],[10.46168301,55.47786829],[10.46171634,55.47786673],[10.46176114,55.47788435]]],[[[10.37850367,55.05942255],[10.37851856,55.05942778],[10.3785233,55.05943788],[10.3783836,55.05953724],[10.37824635,55.05963469],[10.37822975,55.05965303],[10.37822196,55.05967235],[10.37819199,55.05967485],[10.37817351,55.05966131],[10.37817914,55.05963832],[10.37825716,55.05958037],[10.37849188,55.05942134],[10.37850367,55.05942255]]],[[[10.68779823,54.89857002],[10.6878178,54.89860156],[10.68782583,54.89862958],[10.68783278,54.89865771],[10.68782722,54.89871504],[10.68778253,54.89867189],[10.68773809,54.89864599],[10.68768872,54.89862897],[10.68764099,54.89862892],[10.68767183,54.89861303],[10.68770552,54.89859432],[10.68773284,54.89857632],[10.68776446,54.89855674],[10.68778779,54.89854778],[10.68779823,54.89857002]]],[[[10.52329479,55.47583955],[10.52332007,55.47586718],[10.52332212,55.47589178],[10.52329366,55.47591271],[10.52325938,55.47592231],[10.52321405,55.47592431],[10.52318086,55.47591313],[10.52316254,55.4758934],[10.52316961,55.47585935],[10.52319951,55.47583462],[10.52325541,55.47582754],[10.52329479,55.47583955]]],[[[10.44530829,55.47049597],[10.4453256,55.47052821],[10.44534638,55.4705773],[10.44539374,55.47060478],[10.44540942,55.47063991],[10.44535353,55.47065145],[10.4452963,55.47061366],[10.44526968,55.47051746],[10.44529376,55.47048805]]],[[[10.54933723,55.48596229],[10.54935938,55.4859904],[10.54935219,55.48601683],[10.54933565,55.48603079],[10.54929201,55.48603996],[10.54924426,55.48603302],[10.5492212,55.48602217],[10.54920929,55.48600506],[10.54921087,55.48598887],[10.54923108,55.48595931],[10.54926756,55.48594933],[10.54929837,55.48594399],[10.54933723,55.48596229]]],[[[9.73888935,55.50699594],[9.73889879,55.50700955],[9.73893458,55.50706927],[9.73887778,55.50707976],[9.73882025,55.50707687],[9.7387834,55.50705391],[9.73876292,55.5070171],[9.73888707,55.50699254],[9.73888935,55.50699594]]],[[[10.5175701,55.47758175],[10.51760331,55.47760183],[10.51761116,55.47762088],[10.51757842,55.47765004],[10.517536,55.47765794],[10.5174931,55.47765343],[10.51747024,55.47763916],[10.51745433,55.47761617],[10.5174788,55.47758999],[10.51752314,55.47757856],[10.5175701,55.47758175]]],[[[10.54829004,55.48177929],[10.54832376,55.48180367],[10.54832116,55.48183417],[10.54830553,55.4818474],[10.54824939,55.48185242],[10.54822045,55.48184892],[10.54819723,55.4818378],[10.54818107,55.48181311],[10.54818454,55.48179662],[10.54820999,55.48177976],[10.54826948,55.48176733],[10.54829004,55.48177929]]],[[[10.54326551,55.44440062],[10.54320013,55.44439417],[10.54314648,55.44438487],[10.54316179,55.44434756],[10.543203,55.44435432],[10.54325821,55.44433511],[10.54331814,55.4443393],[10.54330275,55.44436636],[10.54326551,55.44440062]]],[[[10.52599331,54.85763349],[10.52601235,54.85764664],[10.52601328,54.85767962],[10.52598899,54.8577005],[10.52592435,54.85770509],[10.52590448,54.85769456],[10.52588342,54.8576773],[10.52589358,54.8576494],[10.52592118,54.85763341],[10.52595917,54.85762889],[10.52599331,54.85763349]]],[[[10.55897535,55.47924643],[10.55900283,55.47925722],[10.55901456,55.47927765],[10.55900879,55.47929983],[10.55898256,55.47931284],[10.55893483,55.47931426],[10.55889167,55.4793113],[10.55888557,55.47929304],[10.55888112,55.4792727],[10.55890297,55.47925283],[10.55893383,55.47924489],[10.55897535,55.47924643]]],[[[8.30766627,55.52019191],[8.30765389,55.52020199],[8.3076112,55.52019771],[8.3075324,55.52019358],[8.30747992,55.52016974],[8.30748796,55.52014453],[8.30757134,55.52014995],[8.30762272,55.52016434],[8.30764196,55.52018683]]],[[[10.55035269,55.48384731],[10.55037232,55.48385542],[10.55038145,55.48387453],[10.55036218,55.48390354],[10.55034067,55.48391594],[10.55030379,55.48391596],[10.550272,55.48390432],[10.55025905,55.48388471],[10.55026901,55.48386446],[10.55030526,55.48384441],[10.55035269,55.48384731]]],[[[8.30472475,55.51905785],[8.30475125,55.5190731],[8.3047564,55.51909523],[8.30475234,55.51911004],[8.3047317,55.5191216],[8.30469217,55.51912677],[8.30465504,55.51911308],[8.30464431,55.5190928],[8.30467298,55.51906556],[8.30471147,55.51905661]]],[[[10.52316248,54.85954603],[10.52318059,54.85956755],[10.52317052,54.85958565],[10.52314107,54.85960211],[10.52310024,54.8596019],[10.52307621,54.85958863],[10.52306512,54.85957124],[10.52307608,54.85954792],[10.52309362,54.85953772],[10.52312256,54.85953673],[10.52316248,54.85954603]]],[[[10.25049566,55.04021541],[10.25051618,55.04023093],[10.25052525,55.04024575],[10.25051302,55.04026035],[10.25049192,55.04027099],[10.25044857,55.04027117],[10.25042219,55.04025814],[10.25042045,55.04023766],[10.25044146,55.04021884],[10.25046693,55.04021229],[10.25049566,55.04021541]]],[[[10.47159227,54.89730433],[10.47160405,54.89734068],[10.47159287,54.89737191],[10.47156161,54.89739152],[10.47153587,54.89739112],[10.47152464,54.89736977],[10.47155199,54.89734571],[10.47156121,54.89732062],[10.47155879,54.89730132],[10.47158375,54.89729734]]],[[[8.30779165,55.52021328],[8.30775471,55.52022449],[8.30774432,55.52021149],[8.30777635,55.52019181],[8.30779332,55.52017232],[8.30784051,55.52017285],[8.30788855,55.52019685],[8.30787508,55.52020674],[8.30779165,55.52021328]]],[[[10.25054149,55.04015419],[10.25055714,55.04016939],[10.2505558,55.04018675],[10.25053434,55.04020099],[10.25049911,55.04020558],[10.25047283,55.04019596],[10.2504583,55.04018164],[10.25046524,55.04016827],[10.25048048,55.04015499],[10.25051018,55.04014903],[10.25054149,55.04015419]]],[[[10.46240831,55.47808942],[10.46243963,55.47810639],[10.46250373,55.478128],[10.46253024,55.47813892],[10.46251111,55.47814796],[10.46247599,55.47814388],[10.46242994,55.47813086],[10.46238566,55.47811459],[10.46235467,55.47809806],[10.46237464,55.47808623],[10.46240831,55.47808942]]],[[[10.54311783,55.4445904],[10.54307913,55.44459538],[10.54306669,55.4445764],[10.54308637,55.44456213],[10.54313647,55.44455781],[10.54319946,55.44455945],[10.54320473,55.44457295],[10.54317186,55.44457723],[10.5431381,55.44458323]]]]}},{"type":"Feature","properties":{"region":"Hovedstaden","name":"Region Hovedstaden"},"geometry":{"type":"MultiPolygon","coordinates":[[[[12.31075485,56.12983472],[12.17954496,56.10822402],[11.84119961,55.95964792],[11.86786236,55.93992209],[12.01075481,55.96855976],[12.06681523,55.87771701],[12.04145302,55.84357865],[12.07341319,55.78680788],[12.22516991,55.74380919],[12.20882286,55.72992957],[12.25088046,55.70893745],[12.15060514,55.67036258],[12.15997005,55.61274458],[12.48480438,55.5977994],[12.50663734,55.63596612],[12.53324385,55.63178256],[12.59549951,55.68012064],[12.59698631,55.71192269],[12.63810721,55.72300037],[12.58433316,55.71593625],[12.59691166,55.7874159],[12.51741927,55.92009912],[12.55454184,55.9854598],[12.62447148,56.03913232],[12.51837745,56.08623934],[12.31075485,56.12983472]],[[12.41026492,55.70943712],[12.41026524,55.70943711],[12.41026499,55.7094371],[12.41026396,55.70943706],[12.41026492,55.70943712]],[[12.36453377,55.65666153],[12.36453513,55.65666015],[12.36453513,55.65666012],[12.36453377,55.65666153]],[[12.36961551,55.65285529],[12.36961555,55.65285527],[12.36960872,55.65285248],[12.36961551,55.65285529]],[[12.40353,55.65881338],[12.40354292,55.65880746],[12.40353001,55.65881335],[12.40353,55.65881338]],[[12.36474778,55.65642339],[12.36475653,55.65641521],[12.36476531,55.65640708],[12.36475647,55.65641524],[12.36474778,55.65642339]],[[12.39523372,55.6604035],[12.39525075,55.66039676],[12.39525525,55.66039377],[12.39525069,55.66039676],[12.39523372,55.6604035]],[[12.40662387,55.65800259],[12.40662824,55.65801568],[12.40662392,55.65800259],[12.40662387,55.65800259]],[[12.39430552,55.75833173],[12.39431505,55.75835142],[12.39430553,55.75833169],[12.39430221,55.75832481],[12.39430552,55.75833173]],[[12.41298242,55.65972496],[12.41298237,55.65972496],[12.41301466,55.65974087],[12.41298242,55.65972496]],[[12.39519952,55.66040901],[12.39521192,55.66040829],[12.39523262,55.66040393],[12.39521193,55.66040826],[12.39519952,55.66040901]],[[12.4154888,55.66153964],[12.41548876,55.66153961],[12.41550915,55.66158025],[12.4154888,55.66153964]],[[12.36441851,55.65678182],[12.36443225,55.65676715],[12.36444605,55.65675248],[12.3644322,55.65676715],[12.36441851,55.65678182]],[[12.39443634,55.75874512],[12.3944437,55.75876739],[12.39443638,55.75874509],[12.39443198,55.75873166],[12.39443634,55.75874512]],[[12.36430681,55.65690528],[12.36431643,55.65694331],[12.36430686,55.65690528],[12.36430678,55.65690495],[12.36430681,55.65690528]],[[12.36434642,55.65686046],[12.36435979,55.65684568],[12.36436881,55.65683575],[12.36435974,55.65684565],[12.36434642,55.65686046]],[[12.41254029,55.65975813],[12.41256283,55.65975276],[12.41262831,55.65975163],[12.41256289,55.65975273],[12.41254029,55.65975813]],[[12.49327376,55.64573215],[12.4933463,55.64571976],[12.49335471,55.64571833],[12.49334625,55.64571974],[12.49327376,55.64573215]],[[12.41541867,55.6656727],[12.41547412,55.66572988],[12.41541871,55.66567271],[12.41540818,55.66565876],[12.41541867,55.6656727]],[[12.42464945,55.66956873],[12.42465442,55.66951853],[12.42465437,55.66951852],[12.42464945,55.66956873]],[[12.40302369,55.75542496],[12.40305385,55.75539958],[12.4030629,55.75539187],[12.40305381,55.75539954],[12.40302369,55.75542496]],[[12.41039661,55.75243202],[12.41041379,55.75243712],[12.41039666,55.752432],[12.41033587,55.75241384],[12.41039661,55.75243202]],[[12.40810642,55.65893285],[12.40810764,55.65893753],[12.40810646,55.65893289],[12.40808531,55.65885057],[12.40810642,55.65893285]],[[12.42299166,55.6717126],[12.42299168,55.67171262],[12.42306273,55.67160255],[12.42299166,55.6717126]],[[12.44578506,55.74859554],[12.44578511,55.74859559],[12.4457851,55.7485955],[12.44574605,55.74855587],[12.44578506,55.74859554]],[[12.37494918,55.67003137],[12.37494919,55.67003135],[12.37483639,55.67001245],[12.37494918,55.67003137]],[[12.41463772,55.75309995],[12.41471506,55.75308926],[12.41474074,55.75308567],[12.41471499,55.75308924],[12.41463772,55.75309995]],[[12.41509559,55.66460483],[12.41510799,55.66457733],[12.41511718,55.66451844],[12.41510796,55.6645773],[12.41509559,55.66460483]],[[12.31941792,55.65726643],[12.31948567,55.65730029],[12.31941796,55.6572664],[12.31941792,55.65726643]],[[12.41286149,55.65973753],[12.41291959,55.6597285],[12.41286152,55.6597375],[12.41278865,55.65974259],[12.41286149,55.65973753]],[[12.39446113,55.75881375],[12.39447769,55.75885753],[12.39446115,55.75881371],[12.39444371,55.75876748],[12.39446113,55.75881375]],[[12.43461048,55.75229272],[12.43470499,55.75229412],[12.43461056,55.75229268],[12.43460728,55.75229263],[12.43461048,55.75229272]],[[12.49060127,55.64640092],[12.4906985,55.6463712],[12.49073562,55.64635987],[12.49069847,55.64637118],[12.49060127,55.64640092]],[[12.41376283,55.75310604],[12.41385728,55.75310871],[12.41393176,55.75311078],[12.41385733,55.75310869],[12.41376283,55.75310604]],[[12.39552042,55.75928922],[12.39565156,55.75911962],[12.39565701,55.75911254],[12.39565152,55.75911965],[12.39552042,55.75928922]],[[12.40327859,55.75523758],[12.40312882,55.755336],[12.40327857,55.75523762],[12.40328068,55.75523622],[12.40327859,55.75523758]],[[12.40328068,55.75523622],[12.40329569,55.75522555],[12.4033182,55.75520946],[12.40329562,55.75522556],[12.40328068,55.75523622]],[[12.35609378,55.84418115],[12.35609823,55.84401784],[12.35609821,55.84401757],[12.3560982,55.84401781],[12.35609378,55.84418115]],[[12.41438243,55.75311407],[12.41450724,55.75311015],[12.41452027,55.75310969],[12.41450721,55.75311011],[12.41438243,55.75311407]],[[12.39830276,55.65971376],[12.39854888,55.65974001],[12.39830214,55.65971367],[12.39830276,55.65971376]],[[12.38441046,55.67351946],[12.3846734,55.67348955],[12.38467076,55.67347748],[12.38467335,55.67348953],[12.38441046,55.67351946]],[[12.32151294,55.65744067],[12.32140466,55.6575704],[12.32151299,55.65744067],[12.32151294,55.65744067]],[[12.40982349,55.65989983],[12.41003992,55.65994665],[12.40982352,55.6598998],[12.40982228,55.65989952],[12.40982349,55.65989983]],[[12.42964316,55.75229736],[12.42983923,55.75228981],[12.42984447,55.75228958],[12.42983915,55.75228978],[12.42964316,55.75229736]],[[12.41628995,55.66628209],[12.41640748,55.66633902],[12.41628996,55.66628205],[12.41621792,55.66624217],[12.41628995,55.66628209]],[[12.42219429,55.7529522],[12.42222952,55.75295032],[12.42242384,55.75293973],[12.42222955,55.75295028],[12.42219429,55.7529522]],[[12.42305457,55.67222842],[12.42305395,55.67215559],[12.42305594,55.6720747],[12.4230539,55.67215558],[12.42305457,55.67222842]],[[12.40638827,55.75305266],[12.40640336,55.75304658],[12.40638819,55.75305262],[12.40629845,55.75308836],[12.40638827,55.75305266]],[[12.42631189,55.75271622],[12.42643169,55.75269715],[12.42649693,55.7526867],[12.42643169,55.75269711],[12.42631189,55.75271622]],[[12.4305051,55.75232731],[12.4307463,55.75234169],[12.43050506,55.75232728],[12.43044692,55.75232381],[12.4305051,55.75232731]],[[12.41558556,55.66179806],[12.41563819,55.66192317],[12.41558561,55.66179805],[12.41556992,55.66174007],[12.41558556,55.66179806]],[[12.41554976,55.66267804],[12.41558967,55.66257073],[12.41561047,55.66251567],[12.41558962,55.6625707],[12.41554976,55.66267804]],[[12.40340375,55.75514829],[12.40341419,55.75514188],[12.40355003,55.75505774],[12.40341416,55.75514184],[12.40340375,55.75514829]],[[12.40778953,55.65824946],[12.40778949,55.65824946],[12.40798114,55.65847584],[12.40778953,55.65824946]],[[12.20716372,55.82924022],[12.20720028,55.82929626],[12.20720502,55.82930342],[12.20720032,55.82929622],[12.20716379,55.82924022],[12.20715329,55.82922413],[12.20716372,55.82924022]],[[12.35821479,55.84635192],[12.35824134,55.8464015],[12.35821485,55.84635188],[12.35817676,55.8462809],[12.35821479,55.84635192]],[[12.3817955,55.67208611],[12.38174916,55.67205864],[12.38205888,55.67224242],[12.3817955,55.67208611]],[[12.42260852,55.66927089],[12.42267686,55.66927842],[12.42260854,55.66927085],[12.42237486,55.66922748],[12.42260852,55.66927089]],[[12.37476843,55.67000111],[12.3748363,55.67001244],[12.3747685,55.67000108],[12.37455254,55.66996587],[12.37476843,55.67000111]],[[12.38220155,55.64136444],[12.38225125,55.64128184],[12.38238915,55.64105651],[12.3822512,55.64128186],[12.38220155,55.64136444]],[[12.31889093,55.65783231],[12.3189802,55.6577443],[12.31917437,55.65756831],[12.31898018,55.65774428],[12.31889093,55.65783231]],[[12.41522131,55.66538718],[12.41526673,55.6654755],[12.41522138,55.66538716],[12.41519585,55.66531678],[12.41522131,55.66538718]],[[12.40161888,55.75658131],[12.40179102,55.75646352],[12.40180516,55.75645378],[12.40179095,55.75646351],[12.40161888,55.75658131]],[[12.36084431,55.84986756],[12.36084441,55.849868],[12.36084437,55.84986756],[12.36079819,55.84965672],[12.36084431,55.84986756]],[[12.40734407,55.65808403],[12.4074394,55.65828777],[12.40743946,55.65828777],[12.40734407,55.65808403]],[[12.371163,55.66929459],[12.37116301,55.66929455],[12.37088078,55.66922584],[12.371163,55.66929459]],[[12.36913018,55.65317032],[12.36940836,55.65296005],[12.36942138,55.65295034],[12.3694083,55.65296005],[12.36913018,55.65317032]],[[12.39010362,55.66077278],[12.39022703,55.66078274],[12.39022882,55.66078286],[12.39023234,55.66078309],[12.39023547,55.66078325],[12.39023239,55.66078306],[12.39010362,55.66077278]],[[12.39058946,55.6608052],[12.39024486,55.6607838],[12.39058951,55.66080522],[12.39078234,55.66081724],[12.39078232,55.66081722],[12.39058946,55.6608052]],[[12.37594707,55.64697533],[12.37607651,55.64684302],[12.37620484,55.64673364],[12.37607648,55.64684299],[12.37594707,55.64697533]],[[12.36966077,55.6528097],[12.3696705,55.65281366],[12.36967054,55.65281363],[12.36966084,55.65280971],[12.36969586,55.65278421],[12.36985187,55.65266619],[12.36969579,55.6527842],[12.36966077,55.6528097]],[[12.40498898,55.65863396],[12.40535401,55.6585111],[12.40537594,55.65849858],[12.40535396,55.65851108],[12.40498898,55.65863396]],[[12.31819478,55.65841181],[12.31840153,55.65824998],[12.31850689,55.65822139],[12.31840149,55.65824995],[12.31819478,55.65841181]],[[12.41619313,55.75299275],[12.41711731,55.75300515],[12.41619317,55.75299274],[12.41618483,55.75299262],[12.41619313,55.75299275]],[[12.42486407,55.75289563],[12.42507992,55.75288826],[12.42541372,55.75287679],[12.42507998,55.75288823],[12.42486407,55.75289563]],[[12.32157045,55.82668368],[12.32189523,55.82675473],[12.32157052,55.82668367],[12.32119259,55.82660101],[12.32157045,55.82668368]],[[12.37843916,55.64508343],[12.37812694,55.64527563],[12.37843922,55.64508342],[12.37844055,55.64508259],[12.37843916,55.64508343]],[[12.37844055,55.64508259],[12.37845052,55.64507648],[12.37856685,55.64500323],[12.37845048,55.64507646],[12.37844055,55.64508259]],[[12.37129292,55.65148603],[12.37151704,55.65131974],[12.37161124,55.65125614],[12.37151698,55.65131973],[12.37129292,55.65148603]],[[12.37671579,55.64629271],[12.37706154,55.64599261],[12.37725397,55.64584778],[12.37706148,55.64599263],[12.37671579,55.64629271]],[[12.40665211,55.75296298],[12.40691383,55.75287273],[12.40717136,55.75278386],[12.40691383,55.7528727],[12.40665211,55.75296298]],[[12.42403566,55.67071581],[12.42403676,55.67071499],[12.42427918,55.67039973],[12.42403671,55.67071498],[12.42403566,55.67071581]],[[12.51796646,55.65063083],[12.51821792,55.6504312],[12.51835877,55.65031925],[12.51821788,55.65043117],[12.51796646,55.65063083]],[[12.3149078,55.82465944],[12.31536271,55.824887],[12.31490779,55.8246594],[12.31470344,55.8245572],[12.3149078,55.82465944]],[[12.21700072,55.83712513],[12.21710282,55.83735917],[12.21700077,55.8371251],[12.21697389,55.83706344],[12.21700072,55.83712513]],[[12.4145015,55.66104514],[12.41453932,55.66107049],[12.4146471,55.66114053],[12.41453939,55.66107049],[12.41450155,55.66104511],[12.4143304,55.66089872],[12.4145015,55.66104514]],[[12.32297901,55.65768694],[12.32297902,55.65768692],[12.32200478,55.65752328],[12.32297901,55.65768694]],[[12.40239414,55.75600728],[12.40213002,55.75621137],[12.40239413,55.75600732],[12.40241593,55.75599044],[12.40239414,55.75600728]],[[12.40241593,55.75599044],[12.40242822,55.75598138],[12.40263574,55.75582692],[12.40242814,55.75598137],[12.40241593,55.75599044]],[[12.42857617,55.75242684],[12.42857018,55.75242758],[12.42857617,55.75242688],[12.42873688,55.75240701],[12.42921223,55.75234824],[12.4287369,55.75240698],[12.42857617,55.75242684]],[[12.41863397,55.66856335],[12.41863405,55.6685634],[12.41863403,55.66856335],[12.41877337,55.66810927],[12.41863397,55.66856335]],[[12.32276972,55.65500675],[12.32289131,55.65502107],[12.32276978,55.65500674],[12.32288834,55.65494653],[12.32276972,55.65500675]],[[12.32288834,55.65494653],[12.32323304,55.65472593],[12.32335689,55.65464305],[12.323233,55.6547259],[12.32288834,55.65494653]],[[12.41255028,55.75295543],[12.41259052,55.75296897],[12.41255034,55.75295538],[12.41213875,55.75281627],[12.41255028,55.75295543]],[[12.37294472,55.65021456],[12.37280628,55.65033536],[12.37294479,55.65021459],[12.37304383,55.65014064],[12.37314956,55.6500617],[12.37304379,55.65014063],[12.37294472,55.65021456]],[[12.21657003,55.83569092],[12.21659187,55.83571939],[12.21657007,55.8356909],[12.21607272,55.83504125],[12.21657003,55.83569092]],[[12.36344953,55.65849699],[12.36351637,55.65830293],[12.36381509,55.65778694],[12.36351631,55.65830296],[12.36344953,55.65849699]],[[12.41365462,55.66031184],[12.41376559,55.66040241],[12.41365463,55.66031181],[12.413371,55.66007388],[12.41322244,55.65993506],[12.41337094,55.66007388],[12.41365462,55.66031184]],[[12.42332639,55.67325986],[12.42339699,55.67342846],[12.42347679,55.67361137],[12.42354804,55.67378001],[12.42347681,55.67361134],[12.42339702,55.67342844],[12.42332644,55.67325984],[12.42329765,55.67317729],[12.42332639,55.67325986]],[[12.41677174,55.66651546],[12.41702932,55.66665386],[12.41717339,55.66673712],[12.41702932,55.66665383],[12.4167718,55.66651544],[12.41642783,55.66634888],[12.41677174,55.66651546]],[[12.38081422,55.64330018],[12.38070389,55.64343204],[12.38081427,55.64330022],[12.3809029,55.64319435],[12.38125743,55.64277088],[12.38090286,55.64319434],[12.38081422,55.64330018]],[[12.37448803,55.67188275],[12.37465816,55.67119973],[12.37448797,55.67188276],[12.37545199,55.67196353],[12.37448803,55.67188275]],[[12.31964094,55.65718828],[12.31955206,55.65725417],[12.31954904,55.65725604],[12.31955211,55.65725416],[12.319641,55.65718829],[12.31999665,55.65691147],[12.3203278,55.65665032],[12.31999662,55.65691144],[12.31964094,55.65718828]],[[12.31729573,55.65928709],[12.31724213,55.65928158],[12.31729573,55.65928713],[12.31806341,55.65936777],[12.31729573,55.65928709]],[[12.31806341,55.65936777],[12.31887118,55.65945416],[12.31925237,55.6594914],[12.31958081,55.6585737],[12.31925232,55.65949137],[12.31887111,55.65945414],[12.31806341,55.65936777]]],[[[14.77320973,55.29918725],[14.706191,55.21198946],[14.6851757,55.08847858],[14.98456837,55.00004592],[15.07732,54.98716082],[15.12044497,55.01457594],[15.10958825,55.0388139],[15.15674137,55.0825103],[15.14530071,55.14082827],[14.82516143,55.25251855],[14.77320973,55.29918725]]],[[[11.90517312,55.9373428],[11.96013577,55.85071422],[11.93393638,55.81767442],[11.87612278,55.81238198],[11.85636569,55.73706687],[12.06249511,55.73000594],[12.04756761,55.83311674],[11.99707891,55.86388999],[12.03215855,55.90162691],[11.90517312,55.9373428]]],[[[12.62852766,55.69743181],[12.50474515,55.61414951],[12.52884584,55.57610023],[12.59205356,55.55479911],[12.68147955,55.58965009],[12.6804943,55.62990685],[12.65368252,55.63469873],[12.63086032,55.66470403],[12.64803704,55.67561176],[12.62050046,55.67984924],[12.63285847,55.69053435],[12.61364446,55.68713973],[12.62852766,55.69743181]],[[12.59312542,55.63175839],[12.59312996,55.63175864],[12.59312308,55.63175822],[12.59312542,55.63175839]],[[12.5930097,55.63093218],[12.59301167,55.63094296],[12.59300974,55.63093222],[12.59300526,55.63090421],[12.5930097,55.63093218]],[[12.59241727,55.63758358],[12.59242066,55.63757032],[12.59242127,55.63756758],[12.59242058,55.63757032],[12.59241727,55.63758358]],[[12.59339094,55.63343311],[12.59339095,55.63343317],[12.59339105,55.63343383],[12.593391,55.6334332],[12.59339099,55.63343311],[12.59338748,55.63340773],[12.59339094,55.63343311]],[[12.59307368,55.63134981],[12.59307492,55.63136093],[12.59306867,55.63130312],[12.59307368,55.63134981]],[[12.5933165,55.63402408],[12.59330836,55.63405265],[12.59331655,55.63402408],[12.59331885,55.63401619],[12.59331959,55.63401383],[12.59331878,55.63401617],[12.5933165,55.63402408]],[[12.59283447,55.6359623],[12.59283783,55.63594863],[12.5928451,55.63591832],[12.59283776,55.6359486],[12.59283447,55.6359623]],[[12.59303374,55.63513748],[12.59303687,55.63511958],[12.59304592,55.63508308],[12.59303679,55.6351196],[12.59303374,55.63513748]],[[12.59272974,55.63639132],[12.59277171,55.63621763],[12.59278248,55.6361737],[12.59277168,55.63621765],[12.59272974,55.63639132]],[[12.59343161,55.63374097],[12.59343266,55.63373869],[12.59342385,55.63367376],[12.59343258,55.63373869],[12.59343161,55.63374097]],[[12.59332767,55.63398581],[12.59333711,55.63396225],[12.59337623,55.63387064],[12.59333708,55.63396221],[12.59332767,55.63398581]],[[12.592702,55.63651685],[12.59270557,55.63649166],[12.59272215,55.63642275],[12.59270549,55.63649166],[12.592702,55.63651685]],[[12.59320776,55.63213128],[12.59320836,55.63213652],[12.5932078,55.63213124],[12.5931867,55.6319477],[12.59320776,55.63213128]],[[12.57269552,55.6159516],[12.57269633,55.61595185],[12.57269558,55.61595159],[12.5723357,55.61586719],[12.57269552,55.6159516]],[[12.59237826,55.63773207],[12.59240484,55.63763364],[12.59241333,55.63759936],[12.59240477,55.63763361],[12.59237826,55.63773207]],[[12.5925294,55.63716752],[12.59250723,55.63725037],[12.59254017,55.63712756],[12.59254537,55.63711662],[12.59254011,55.63712755],[12.5925294,55.63716752]],[[12.59333565,55.63303387],[12.59333262,55.63301292],[12.59333445,55.63302582],[12.5933356,55.63303388],[12.59335854,55.63319532],[12.59333565,55.63303387]],[[12.59335854,55.63319532],[12.59336308,55.63322873],[12.59336427,55.63323751],[12.59337296,55.63330124],[12.59336433,55.63323751],[12.59335854,55.63319532]],[[12.59209516,55.62430035],[12.59209158,55.62423238],[12.5919956,55.62350862],[12.59209154,55.62423234],[12.59209516,55.62430035]],[[12.59292168,55.63559782],[12.59289506,55.6357119],[12.59288116,55.63576941],[12.59289514,55.6357119],[12.59292174,55.63559782],[12.59294091,55.6355157],[12.59292174,55.63559755],[12.59292168,55.63559782]]],[[[12.76943888,55.67176502],[12.74096865,55.66737926],[12.73266746,55.63260988],[12.79196832,55.60901943],[12.76943888,55.67176502]]],[[[12.07756238,55.7440766],[12.07048791,55.7270268],[12.09761012,55.7245347],[12.07756238,55.7440766]]],[[[12.77581136,55.58841959],[12.76246546,55.59567076],[12.74826647,55.60356141],[12.73723455,55.60822183],[12.72638593,55.61124549],[12.74112756,55.60331863],[12.75493716,55.59450924],[12.76584707,55.59108285]]],[[[11.69894336,56.19988361],[11.69624124,56.19767094],[11.7004088,56.19432802],[11.70670569,56.19327434],[11.715209,56.19281995],[11.71495827,56.19614985],[11.71380951,56.19827165],[11.7035082,56.1995808],[11.69963865,56.19952615]]],[[[12.64013983,55.66252252],[12.63736078,55.66323482],[12.63965796,55.65955867],[12.64617495,55.65467167],[12.64366579,55.65046822],[12.64909524,55.64848399],[12.64922705,55.65385284],[12.64832116,55.65565313],[12.64029407,55.66229251]]],[[[12.58424778,55.67585963],[12.5796508,55.6774934],[12.57934172,55.67744415],[12.57902313,55.67736048],[12.57791482,55.67697084],[12.5761809,55.67561483],[12.57971168,55.67270141],[12.58578103,55.67442547],[12.58454913,55.67580721]]],[[[15.18803142,55.32355095],[15.18645318,55.32228761],[15.18705865,55.31868986],[15.18904001,55.31726787],[15.19158001,55.31899101],[15.19298821,55.32014435],[15.19115082,55.32086248],[15.1911116,55.32328158],[15.18803142,55.32355095]]],[[[12.60522895,55.6830091],[12.60358716,55.68298371],[12.60142791,55.68036999],[12.602698,55.67904846],[12.60347506,55.67885298],[12.60586201,55.67841288],[12.6071577,55.67887931],[12.60674029,55.68341856]]],[[[12.59380267,55.6747027],[12.59234761,55.6757928],[12.5878424,55.67457989],[12.58606398,55.67349814],[12.58425316,55.672767],[12.58754695,55.6706832],[12.58950045,55.67182562],[12.59107439,55.6728011],[12.59395312,55.67459434]]],[[[12.00793758,55.87920128],[12.00692282,55.87732144],[12.00961487,55.87569445],[12.00967198,55.87444312],[12.00901036,55.87426207],[12.01092741,55.87239321],[12.01309031,55.87261821],[12.01164289,55.8767314],[12.00878812,55.8789543]]],[[[15.17879671,55.32544353],[15.1768734,55.32530577],[15.17500448,55.325056],[15.17477352,55.32413053],[15.17662956,55.32290089],[15.17791128,55.32294461],[15.18010376,55.32344661],[15.18019254,55.32477945],[15.17880882,55.3254331]]],[[[12.60015706,55.69542402],[12.60082573,55.69904439],[12.60136185,55.70393893],[12.60120385,55.70395409],[12.59968439,55.70278803],[12.59928558,55.69836593],[12.59885156,55.69574918],[12.59910787,55.6956833],[12.60005911,55.69544254]]],[[[11.89542096,55.91781634],[11.89177484,55.91540446],[11.88987061,55.91499478],[11.89119533,55.91428165],[11.89460828,55.91479211],[11.89588618,55.915933],[11.89756464,55.91709933],[11.89755363,55.91726715],[11.89550372,55.91778625]]],[[[12.59673117,55.67838397],[12.59664822,55.67838703],[12.59643099,55.67829342],[12.59576748,55.67793396],[12.5938715,55.67717569],[12.5945913,55.67505139],[12.59844395,55.67772101],[12.59842266,55.67782351],[12.59840178,55.67783869]]],[[[12.05607249,55.83536451],[12.0513374,55.83477436],[12.05078881,55.83362819],[12.05257885,55.83335955],[12.05294897,55.83328626],[12.05458023,55.83351273],[12.0554958,55.83360577],[12.05647961,55.83454161],[12.05611343,55.835359]]],[[[12.6682125,55.72053428],[12.66461087,55.72146973],[12.66549978,55.71905856],[12.66556434,55.71908783],[12.663962,55.71973484],[12.66598859,55.7191747],[12.6659557,55.71913144],[12.66602684,55.71910692],[12.66821678,55.72046617]]],[[[12.79654858,55.60646723],[12.79593407,55.60587865],[12.79530929,55.60605925],[12.79335776,55.60543788],[12.79396715,55.60638491],[12.79109951,55.60559405],[12.78970122,55.60601942],[12.79710239,55.60568758],[12.79655564,55.60644984]]],[[[15.18440579,55.3227405],[15.18324038,55.32214048],[15.1831952,55.32053538],[15.18387981,55.31981724],[15.18360574,55.31933763],[15.18475508,55.31925834],[15.18527102,55.3209329],[15.18484457,55.32186196],[15.18445734,55.32269547]]],[[[12.6128464,55.70398362],[12.61272053,55.70754435],[12.61284121,55.70777845],[12.61270243,55.70780187],[12.61313526,55.70513165],[12.6116365,55.70368889],[12.61372216,55.70163224],[12.61470202,55.70191944],[12.61498397,55.70259424]]],[[[12.73425231,55.70326389],[12.73149962,55.70415204],[12.72924095,55.70401472],[12.72897009,55.70387134],[12.72909768,55.70331722],[12.7293691,55.70319935],[12.73351361,55.70267876],[12.73385736,55.70275157],[12.73425231,55.70326389]]],[[[12.59991666,55.70775946],[12.59971239,55.70780853],[12.59948998,55.70788366],[12.59924462,55.70784447],[12.5992378,55.70709205],[12.59952977,55.70684708],[12.60166621,55.70639484],[12.60290349,55.70655813],[12.60279483,55.70705362],[12.60021009,55.70769294]]],[[[12.06157102,55.80405452],[12.05918737,55.8056741],[12.05881513,55.80645722],[12.05762494,55.80683952],[12.05701149,55.80720179],[12.05750668,55.80655901],[12.05821813,55.80573715],[12.05952465,55.80504378],[12.06157102,55.80405452]]],[[[12.60136261,55.68406254],[12.60119091,55.68349031],[12.60241158,55.68318362],[12.60248961,55.68310453],[12.60247921,55.68303308],[12.60237885,55.68299575],[12.60121442,55.6832944],[12.60025031,55.68278976],[12.60360197,55.68344195]]],[[[12.5561124,55.64992158],[12.55430948,55.65002171],[12.55348604,55.64973177],[12.55306984,55.64934883],[12.55331607,55.64913218],[12.55436604,55.6487534],[12.55576398,55.64890842],[12.55578203,55.64952447],[12.5561124,55.64992158]]],[[[12.55494747,55.64630697],[12.55577562,55.64688081],[12.55491115,55.64702152],[12.55293231,55.64611264],[12.5521292,55.64558805],[12.55343789,55.64524395],[12.55439556,55.64554761],[12.55444668,55.64598682],[12.55489168,55.64624061]]],[[[12.60096765,55.68039583],[12.60104031,55.68047984],[12.60157392,55.68109729],[12.60151116,55.68111406],[12.60136096,55.68115416],[12.59961674,55.68162],[12.59946389,55.68166081],[12.59939663,55.68167879],[12.59847009,55.68054684],[12.60059205,55.67996302],[12.60096765,55.68039583]]],[[[12.59984817,55.68266561],[12.59923946,55.68195127],[12.59920311,55.68189524],[12.60168808,55.68122935],[12.60239941,55.68205189],[12.60234232,55.68206796],[12.600375,55.68259332],[12.59989625,55.68272112]]],[[[12.00043919,55.96531185],[11.99819895,55.96576698],[11.99683318,55.96456694],[11.99659547,55.96287981],[11.9967898,55.96286438],[11.99629456,55.96348386],[11.99752502,55.96454956],[11.99900344,55.96531005],[12.0002454,55.96519791]]],[[[12.78587383,55.60591441],[12.78553637,55.60621521],[12.78518992,55.60549877],[12.78508243,55.60485526],[12.7854347,55.60465049],[12.78588406,55.60488246],[12.787224,55.60506405],[12.78688065,55.60552421],[12.78629398,55.6059257]]],[[[12.59691475,55.70399757],[12.59799766,55.70439311],[12.59938395,55.7052402],[12.59943711,55.7053264],[12.59940827,55.70537643],[12.5977205,55.7052284],[12.59665097,55.70510151],[12.59658379,55.70504629],[12.59691475,55.70399757]]],[[[11.85970449,55.80251706],[11.8583562,55.80247372],[11.85815778,55.80200289],[11.85975093,55.80162936],[11.86083173,55.80151215],[11.86057969,55.80170302],[11.86038227,55.80194232],[11.86024377,55.80224076],[11.86029808,55.80251762]]],[[[12.55422923,55.64858976],[12.5530671,55.64886776],[12.55285027,55.64867551],[12.55271837,55.64847468],[12.55240182,55.6481383],[12.55210156,55.64788507],[12.55321801,55.64760328],[12.55438147,55.64784173],[12.55434825,55.64854675]]],[[[11.86540517,55.80119587],[11.8651591,55.80175436],[11.86407683,55.80206662],[11.86349703,55.80120421],[11.86407372,55.80104011],[11.86517802,55.80078271],[11.86581723,55.80068771],[11.86576451,55.80096923],[11.86544682,55.80116982]]],[[[12.78781085,55.60811967],[12.78734851,55.60832659],[12.78635338,55.60788354],[12.78610588,55.60732699],[12.78670777,55.60681622],[12.78758909,55.60703501],[12.78779665,55.60737004],[12.78755107,55.60762538],[12.7876659,55.60781112]]],[[[12.73760072,55.63183434],[12.73751026,55.63149071],[12.73731053,55.63138971],[12.73686061,55.63107197],[12.73711812,55.63044157],[12.73827086,55.63081043],[12.73819754,55.6311301],[12.73877551,55.63140868],[12.73767541,55.63185086]]],[[[12.04999616,55.81336044],[12.04945766,55.81405218],[12.04832275,55.81448389],[12.04746531,55.81445437],[12.04733861,55.81416947],[12.04831994,55.81374185],[12.04874681,55.81356584],[12.04987228,55.81331569],[12.04999616,55.81336044]]],[[[12.5480112,55.64712245],[12.54810247,55.64725594],[12.54816912,55.64735112],[12.54821695,55.64741924],[12.54826483,55.6474879],[12.54834539,55.64760327],[12.54840129,55.64768321],[12.54834286,55.6479881],[12.54725974,55.64718394]]],[[[12.80427998,55.60981218],[12.80312819,55.60976324],[12.80340599,55.60884959],[12.80304929,55.60899331],[12.80294041,55.6088796],[12.80292542,55.60821677],[12.80311698,55.60849841],[12.80480052,55.60919692],[12.80469414,55.60957279]]],[[[12.07457507,55.79503757],[12.07406634,55.79618744],[12.07374879,55.79643677],[12.07351625,55.79540397],[12.07328779,55.7943824],[12.07428755,55.79445124],[12.07420797,55.79471089],[12.07391981,55.79481465],[12.07450844,55.79486851]]],[[[12.56527253,55.66435461],[12.56493643,55.66420289],[12.56413849,55.6638425],[12.56399698,55.66377855],[12.56387818,55.66372473],[12.56290947,55.66328621],[12.56365866,55.66279974],[12.56476335,55.66377803],[12.56531879,55.66435956]]],[[[12.55180214,55.64561264],[12.55261787,55.64612913],[12.55270236,55.64619466],[12.55174296,55.6467599],[12.55155666,55.64660956],[12.55089202,55.64623219],[12.55076095,55.64615785],[12.55065579,55.64608878],[12.55098717,55.64592569],[12.5514616,55.64567627],[12.55180214,55.64561264]]],[[[12.01980449,55.85411145],[12.02001038,55.85570145],[12.01998922,55.857008],[12.02025356,55.85882751],[12.01970238,55.85934367],[12.01984715,55.85771656],[12.01978771,55.85628991],[12.01985984,55.8549563],[12.01970927,55.85410777]]],[[[12.7409875,55.62499699],[12.74096336,55.62468551],[12.74087467,55.62399229],[12.74064865,55.62355694],[12.74113708,55.62345264],[12.74155667,55.62386454],[12.74173219,55.62428183],[12.74174557,55.62475694],[12.74141478,55.62496784]]],[[[12.54987667,55.64432236],[12.54996806,55.64436233],[12.55081461,55.64478784],[12.55090271,55.64486703],[12.55033769,55.64507123],[12.54970344,55.64527834],[12.54964157,55.64523589],[12.54888343,55.64471394],[12.5487678,55.64463447],[12.54973786,55.64428358]]],[[[11.86220456,55.80375323],[11.86220813,55.80424738],[11.86148605,55.80388628],[11.86188863,55.80371303],[11.86183355,55.80345848],[11.86140653,55.80295073],[11.86256245,55.802665],[11.86249165,55.80321581]]],[[[12.55226901,55.64430609],[12.55211312,55.64442804],[12.55109284,55.64477016],[12.55036088,55.64414234],[12.55132689,55.64380324],[12.5515048,55.64393134],[12.55170511,55.6440311],[12.55215143,55.64426832],[12.55259139,55.64415801]]],[[[12.81710099,55.61315202],[12.81757405,55.61430067],[12.81677161,55.61318459],[12.8164932,55.61286233],[12.81598568,55.61247958],[12.81525726,55.61220075],[12.81476821,55.61194557],[12.81504857,55.61165572]]],[[[11.68039108,56.20346178],[11.67973242,56.20372837],[11.67846116,56.20421046],[11.67681244,56.20471897],[11.67591556,56.20519868],[11.67605215,56.20468725],[11.6772478,56.20435297],[11.67860833,56.20400845],[11.67965655,56.20360022]]],[[[12.81405762,55.61707395],[12.8145193,55.6173477],[12.81478697,55.61842866],[12.81505282,55.61923098],[12.8152213,55.62043229],[12.81504684,55.62058125],[12.8148203,55.61934659],[12.8144262,55.61824017],[12.81407138,55.61726777],[12.81405762,55.61707395]]],[[[12.55067244,55.64593724],[12.55020976,55.64573205],[12.55000995,55.64555531],[12.55124426,55.64516914],[12.55148669,55.64538287],[12.55149711,55.64550314],[12.55124063,55.64564689],[12.55094816,55.64580049],[12.550751,55.64589882]]],[[[11.68338161,56.20262038],[11.68209001,56.20319788],[11.68174653,56.20319778],[11.68236211,56.20280413],[11.68265001,56.20236634],[11.68325987,56.20218421],[11.68442499,56.20253175],[11.68551272,56.20254462],[11.68428729,56.20262867],[11.68338161,56.20262038]]],[[[12.79484083,55.6109191],[12.79452562,55.61121483],[12.79385423,55.61111306],[12.79399731,55.6108018],[12.79427602,55.61029291],[12.79475999,55.6103066],[12.79547198,55.610608],[12.79520434,55.61082879],[12.79492859,55.61085236]]],[[[12.06298472,55.79475891],[12.06208799,55.79438219],[12.06118682,55.79422314],[12.06135773,55.79396914],[12.06219947,55.79379821],[12.06264083,55.79385688],[12.06289031,55.7939937],[12.06274634,55.79441388],[12.06285404,55.79460466]]],[[[12.74053329,55.62682346],[12.74011157,55.6269411],[12.73983085,55.626654],[12.73963988,55.62636308],[12.74012292,55.62615014],[12.73978757,55.62581507],[12.74024166,55.62582198],[12.74073167,55.62620223],[12.74060598,55.62662242]]],[[[12.7922808,55.61316553],[12.79166842,55.61315185],[12.79196826,55.61287099],[12.79187563,55.61262269],[12.79108419,55.61235906],[12.7920997,55.61258545],[12.79282592,55.61257204],[12.7929802,55.61285152],[12.79233182,55.61303742]]],[[[12.76127613,55.66984603],[12.76141951,55.66996717],[12.75933937,55.66989186],[12.75722204,55.66948521],[12.7567061,55.66930004],[12.75696112,55.66911723],[12.75861326,55.66952799],[12.76002614,55.66988069],[12.76102651,55.6697519]]],[[[11.85861516,55.8030103],[11.85823948,55.80322175],[11.85737543,55.80324633],[11.85706747,55.80301429],[11.85724775,55.8029611],[11.85754021,55.80294891],[11.85811096,55.80276412],[11.85871038,55.80269822]]],[[[12.77144318,55.60559885],[12.77082136,55.60563607],[12.77070138,55.60549004],[12.77072882,55.60525817],[12.7708067,55.60486181],[12.77132709,55.60491971],[12.77135015,55.60518778],[12.7715881,55.60538612],[12.77150291,55.6055873]]],[[[12.55204654,55.645169],[12.55180979,55.64531811],[12.55167644,55.64528349],[12.55152692,55.64515124],[12.55130501,55.64495518],[12.55266377,55.64465675],[12.55239738,55.64493134],[12.55220766,55.64506255],[12.55207249,55.6451518]]],[[[11.99709361,55.72698729],[11.99761301,55.72779241],[11.99776045,55.72850197],[11.99792973,55.72873166],[11.99797972,55.72890781],[11.99776803,55.72891658],[11.99749891,55.72858756],[11.9973201,55.72807771],[11.9970382,55.7272266],[11.99709361,55.72698729]]],[[[12.78969802,55.62037915],[12.79001967,55.6206539],[12.79000734,55.620972],[12.78994338,55.62129861],[12.78940928,55.62159813],[12.78928825,55.62136186],[12.78957585,55.62100783],[12.78947135,55.62065324],[12.78969802,55.62037915]]],[[[12.0617667,55.86223679],[12.05997118,55.86277295],[12.05857877,55.86327642],[12.05684051,55.86398498],[12.05645236,55.86409477],[12.05818083,55.8633327],[12.0600856,55.86261809],[12.06145084,55.86225535],[12.06212448,55.86218428]]],[[[12.73741147,55.6452444],[12.7368526,55.64527826],[12.73718942,55.64486171],[12.73646288,55.64484304],[12.73614929,55.64465099],[12.73677025,55.64458467],[12.73762903,55.64482628],[12.73813924,55.6447974],[12.73776082,55.64514778]]],[[[11.99757668,55.723922],[11.99785394,55.72476872],[11.99788322,55.72553907],[11.99756734,55.72650717],[11.99733181,55.72648523],[11.99756925,55.72586516],[11.99763536,55.72537701],[11.99769868,55.72444528],[11.99757668,55.723922]]],[[[12.73812651,55.62551586],[12.73829023,55.62507419],[12.73847253,55.62469581],[12.73850736,55.62454763],[12.73907568,55.62464269],[12.73891254,55.6250053],[12.73876933,55.6252486],[12.73857273,55.62536691],[12.73886645,55.6254271]]],[[[12.06014235,55.79918987],[12.05972885,55.79931002],[12.05897942,55.79924139],[12.05860955,55.79881926],[12.05900382,55.79868592],[12.05945997,55.79856633],[12.05947886,55.79866672],[12.05946543,55.79900391],[12.06014235,55.79918987]]],[[[12.80737463,55.61076538],[12.8078968,55.61103827],[12.80847433,55.61112525],[12.80828402,55.61125311],[12.80791837,55.61147662],[12.8075027,55.61147614],[12.8072391,55.61137283],[12.80715888,55.61097658],[12.80729389,55.61076663]]],[[[12.79991497,55.60714709],[12.799819,55.60708784],[12.79919755,55.60717159],[12.7991736,55.60692917],[12.79862374,55.60683994],[12.79911381,55.60669218],[12.799647,55.60659282],[12.79979238,55.60646835],[12.79994653,55.6065034]]],[[[12.54735219,55.6508319],[12.54690927,55.65043605],[12.54634558,55.64993201],[12.54659378,55.64970327],[12.54688076,55.64995761],[12.54716335,55.65020903],[12.54744602,55.65046134],[12.54781051,55.65065301],[12.54735219,55.6508319]]],[[[12.50709367,55.63413856],[12.50730126,55.63423099],[12.50736143,55.63453947],[12.50731219,55.63482951],[12.50707044,55.63491502],[12.50674637,55.63477683],[12.506587,55.63436499],[12.5066454,55.6342253],[12.50709367,55.63413856]]],[[[15.1748682,55.33065534],[15.17463051,55.33067676],[15.17460339,55.33053838],[15.17404072,55.33041664],[15.1739745,55.33008746],[15.17455444,55.32995764],[15.17476299,55.33017857],[15.17466411,55.33040222],[15.17488162,55.33057532]]],[[[12.01710567,55.7181445],[12.01865062,55.71772695],[12.02168333,55.71637962],[12.02306571,55.71470716],[12.02340551,55.71423689],[12.02312872,55.71475379],[12.02202646,55.71582224],[12.02042841,55.71733449],[12.01717122,55.71811888]]],[[[12.77747463,55.60555128],[12.77709748,55.60559052],[12.77674555,55.60554013],[12.77687635,55.6054468],[12.77694415,55.60525829],[12.77690469,55.60508092],[12.77719053,55.60497111],[12.77759826,55.6050169],[12.77765737,55.60529106],[12.77747463,55.60555128]]],[[[11.85426984,55.80416989],[11.8549611,55.80433353],[11.85493261,55.80443478],[11.8546554,55.8045659],[11.85463694,55.80471933],[11.85415294,55.8047445],[11.85380983,55.8046384],[11.8539627,55.80450702],[11.85419029,55.80422792]]],[[[12.79098381,55.62157324],[12.79054567,55.62150407],[12.79027494,55.62147846],[12.79051051,55.62124554],[12.7907557,55.62121574],[12.79116931,55.62123828],[12.79177983,55.62097488],[12.79159202,55.62119382],[12.79098381,55.62157324]]],[[[12.79513718,55.61001605],[12.7948292,55.6101219],[12.79460124,55.60994965],[12.79460201,55.60962409],[12.79497973,55.60956095],[12.79523205,55.60970088],[12.7955946,55.60971582],[12.79544094,55.60984522],[12.79516677,55.60999184]]],[[[12.73487378,55.64373704],[12.73439646,55.64380221],[12.73407929,55.6437108],[12.73442145,55.64347035],[12.73450222,55.6432117],[12.73472628,55.64320694],[12.73485763,55.64341398],[12.73521425,55.6435389],[12.73487282,55.64371863]]],[[[12.74052256,55.62497953],[12.74060048,55.62524162],[12.74005956,55.62533403],[12.7395717,55.62538462],[12.73945219,55.6253246],[12.73982297,55.62517291],[12.7396953,55.62507906],[12.73993436,55.62500612],[12.74017089,55.62497327]]],[[[15.15303493,55.07718741],[15.15288508,55.07732512],[15.15277387,55.07721244],[15.15243073,55.07677188],[15.15279296,55.07662016],[15.15280609,55.07685721],[15.15327038,55.07681583],[15.1530946,55.07694415],[15.15303492,55.07717003]]],[[[12.79381493,55.61315516],[12.79384508,55.61327968],[12.79343266,55.61314371],[12.79297519,55.61324673],[12.79262861,55.61321492],[12.79255,55.61307725],[12.79301208,55.6129035],[12.79326555,55.61301418],[12.79376763,55.61306526],[12.79381493,55.61315516]]],[[[12.74226809,55.62669045],[12.7419793,55.62678371],[12.74157244,55.6266689],[12.74171711,55.62649101],[12.74205572,55.62652186],[12.74255126,55.62647012],[12.74292965,55.62653635],[12.74275159,55.62671561],[12.74241464,55.62666898]]],[[[12.73616114,55.6306006],[12.73605531,55.63064601],[12.7359379,55.63041803],[12.73612306,55.63041616],[12.73642052,55.63034342],[12.7366084,55.63017493],[12.73715111,55.6301939],[12.73687457,55.63049117],[12.7361989,55.63057823]]],[[[12.73830387,55.62611106],[12.73806968,55.62605355],[12.73775148,55.62602162],[12.73821878,55.62583363],[12.73871803,55.62565077],[12.73867131,55.62588753],[12.73907771,55.62600435],[12.7386979,55.62609481],[12.73852943,55.62603313],[12.73831314,55.62609162]]],[[[12.79583263,55.61427402],[12.79527732,55.61439069],[12.79436183,55.6141856],[12.79401302,55.61400432],[12.79471333,55.61417948],[12.79560834,55.61423196],[12.79612673,55.61416068],[12.79631755,55.61416556],[12.79589248,55.61425049]]],[[[12.78403713,55.60528296],[12.78433404,55.60549231],[12.78430119,55.60567884],[12.7841397,55.60584759],[12.78392924,55.60589222],[12.7836785,55.60573828],[12.78375172,55.60564591],[12.78370473,55.60544683],[12.78391894,55.60529768]]],[[[11.86792431,55.80049652],[11.86766483,55.8004836],[11.86749217,55.80035378],[11.86752798,55.80022431],[11.86770172,55.80011733],[11.86800006,55.80002928],[11.8684452,55.80007103],[11.86839746,55.80015314],[11.86819408,55.80024346],[11.86802717,55.80049115]]],[[[15.09972038,55.14916039],[15.09979336,55.14926739],[15.09994567,55.14937904],[15.09975002,55.14957363],[15.0992169,55.149774],[15.09896501,55.14974307],[15.09913468,55.14952043],[15.09948996,55.14937645],[15.09959159,55.14920126]]],[[[12.79753405,55.60738586],[12.79722752,55.60733071],[12.79745096,55.60713619],[12.79777535,55.60707218],[12.7981831,55.60711933],[12.79841806,55.60707023],[12.79841058,55.60723908],[12.79805491,55.60734273],[12.79788133,55.60721682],[12.79763429,55.60728896]]],[[[12.72601949,55.63356984],[12.7262181,55.63365246],[12.72608974,55.63367003],[12.72570497,55.63357886],[12.72522114,55.63353917],[12.72456534,55.63364876],[12.72373857,55.63368549],[12.72407785,55.63357392],[12.72526561,55.63340994],[12.72601949,55.63356984]]],[[[14.9715888,55.21366211],[14.97146725,55.21386444],[14.9712713,55.21373929],[14.97119417,55.21351097],[14.97129352,55.21335061],[14.97161411,55.21346063],[14.97196889,55.21354143],[14.97194223,55.21372659]]],[[[12.73390793,55.63276147],[12.7335007,55.63274492],[12.7333989,55.63261071],[12.73363465,55.63260586],[12.73402726,55.63244714],[12.73426124,55.63236529],[12.7343941,55.63249846],[12.73468547,55.63248346],[12.73465735,55.63257712]]],[[[15.1818852,55.3214859],[15.18155374,55.32148391],[15.18167823,55.32125374],[15.18164495,55.32112054],[15.18186097,55.32089913],[15.18216307,55.32091638],[15.18212108,55.32109942],[15.18199162,55.32119766],[15.1819222,55.32145791]]],[[[12.82258035,55.60083991],[12.82207151,55.60091406],[12.82114755,55.60140827],[12.82091422,55.60158785],[12.82083505,55.60153655],[12.82100212,55.60123925],[12.82146077,55.60104931],[12.82230766,55.60079617],[12.82259336,55.60077781]]],[[[12.7380005,55.65586123],[12.73776009,55.65594707],[12.73770128,55.65576074],[12.73835221,55.65557992],[12.73901682,55.65535426],[12.73952512,55.65528237],[12.7393638,55.65540024],[12.73888606,55.6557157],[12.73871122,55.6556419],[12.73804353,55.65577206]]],[[[15.1230468,55.0245615],[15.12345518,55.02502611],[15.12323369,55.02543158],[15.12283389,55.02579231],[15.12287925,55.02561552],[15.12319415,55.0251875],[15.12319608,55.0248918],[15.12295275,55.02463828]]],[[[12.76092997,55.60982795],[12.76070081,55.60991016],[12.76041692,55.60989361],[12.76027722,55.60989637],[12.76006218,55.6095555],[12.76045504,55.60956529],[12.76066814,55.60959409],[12.7608733,55.60969911],[12.76091117,55.6098109]]],[[[12.741991,55.62521219],[12.74195068,55.62530263],[12.74168887,55.62529543],[12.74136852,55.62523264],[12.74096079,55.62526011],[12.74082024,55.62527457],[12.74084513,55.62505889],[12.74107437,55.62502968],[12.74149317,55.62505825],[12.74174459,55.62512809],[12.741991,55.62521219]]],[[[15.15618767,55.12360635],[15.15593308,55.1236162],[15.15568729,55.12346532],[15.155739,55.12327406],[15.15584504,55.12315289],[15.15617636,55.1232553],[15.15621885,55.1234562],[15.15646528,55.12354914],[15.15618767,55.12360635]]],[[[12.73600972,55.63114845],[12.73623749,55.63142702],[12.73586911,55.63168302],[12.73580441,55.63157286],[12.73566969,55.63132671],[12.73584031,55.63121558],[12.73567428,55.63113629],[12.73540189,55.6311936],[12.73557498,55.63104166]]],[[[12.79395662,55.60967763],[12.79374122,55.60968286],[12.79338764,55.60955362],[12.79308934,55.6094803],[12.79347503,55.60950613],[12.79371362,55.60945647],[12.79386557,55.60931589],[12.79429682,55.60938085],[12.7942012,55.60951088],[12.79405139,55.60963576]]],[[[12.09677788,55.72193732],[12.09670714,55.72202766],[12.09651176,55.72187553],[12.09614601,55.72190723],[12.09641176,55.72177943],[12.09675761,55.72154469],[12.09713259,55.7214224],[12.09700529,55.72165927],[12.09677788,55.72193732]]],[[[12.7889104,55.60659325],[12.78925916,55.60669432],[12.78938471,55.60679359],[12.78930033,55.60692164],[12.78917758,55.60695997],[12.78899545,55.60699043],[12.78889941,55.60692532],[12.78867267,55.60686229],[12.78859995,55.60679682],[12.78852195,55.60666848],[12.78888241,55.60658961]]],[[[11.88663355,55.9417819],[11.88624306,55.94178844],[11.88570109,55.94176348],[11.88511266,55.94169088],[11.88535524,55.9416123],[11.88591694,55.9416163],[11.88613485,55.94166675],[11.8863637,55.94163181],[11.88663653,55.94173149]]],[[[12.77272567,55.60551546],[12.77255392,55.60548038],[12.77257793,55.60540293],[12.77241525,55.60532845],[12.77246129,55.60510995],[12.77248724,55.60498334],[12.77297059,55.6051037],[12.77285345,55.60524013]]],[[[12.5894768,55.72738611],[12.58901367,55.72735722],[12.58929012,55.72732431],[12.5902092,55.72711498],[12.59063713,55.72668101],[12.59064361,55.72657112],[12.59077037,55.72658953],[12.59068701,55.72688744],[12.5897575,55.72733707]]],[[[12.7408932,55.61934065],[12.74120033,55.61941526],[12.74126183,55.61962524],[12.74109028,55.61972265],[12.74090518,55.61973793],[12.74091801,55.61964249],[12.74060738,55.61946619],[12.74046519,55.61929482],[12.74068881,55.61934527]]],[[[12.73574467,55.63039686],[12.73556486,55.63040477],[12.73548772,55.63032412],[12.73561198,55.6301269],[12.73569449,55.62996684],[12.73581131,55.63016704],[12.73629752,55.63013019],[12.73643181,55.63023337],[12.73584841,55.63034127]]],[[[12.78497611,55.6051035],[12.78482129,55.6052046],[12.7845863,55.60511186],[12.78437173,55.60506445],[12.78425213,55.60497723],[12.7843463,55.60489293],[12.78450345,55.60491155],[12.7845408,55.60481291],[12.78488037,55.604791],[12.78499753,55.60489403]]],[[[12.54502336,55.64078818],[12.54558588,55.64128624],[12.54568768,55.64139227],[12.54580579,55.64156266],[12.54571053,55.64161326],[12.54527301,55.64126166],[12.54486888,55.64087133],[12.54488343,55.6408353],[12.54502336,55.64078818]]],[[[12.77695097,55.60650617],[12.77652644,55.60643607],[12.776401,55.60632601],[12.77671093,55.60612302],[12.77692487,55.60621345],[12.77708333,55.60613348],[12.77715026,55.60622646],[12.77699345,55.60625423],[12.77709007,55.60641645]]],[[[11.87458626,55.79944371],[11.87431387,55.79974494],[11.87405357,55.79994825],[11.87386019,55.80003332],[11.87373492,55.79995112],[11.87380056,55.79980243],[11.87412936,55.79965576],[11.8744342,55.79944835],[11.87458626,55.79944371]]],[[[12.77456648,55.6705713],[12.77360482,55.67048581],[12.77366328,55.67045181],[12.77413011,55.67042189],[12.77488065,55.67039545],[12.7758196,55.67017616],[12.77596658,55.67021704],[12.77525719,55.67039464],[12.77464586,55.67054305]]],[[[12.78944113,55.6161602],[12.78930402,55.61623269],[12.78923362,55.61609117],[12.78871334,55.61623702],[12.78884034,55.61611898],[12.78922269,55.61596813],[12.789465,55.61599435],[12.78983229,55.61611869]]],[[[14.78106442,55.0508462],[14.78115457,55.05101969],[14.78092224,55.05086269],[14.78031763,55.05116984],[14.78020507,55.05101704],[14.78014898,55.05087522],[14.78036973,55.05077631],[14.78083189,55.05075942],[14.78106442,55.0508462]]],[[[12.05348193,55.78347043],[12.05311542,55.78328607],[12.05298216,55.78308981],[12.05292595,55.78303807],[12.05309787,55.78304558],[12.05330482,55.78311946],[12.05355506,55.78322669],[12.05383326,55.78336496],[12.05365823,55.7834237]]],[[[12.80157271,55.60862692],[12.80173165,55.60866866],[12.80129801,55.60879723],[12.80110567,55.60889285],[12.80090986,55.60883625],[12.80080012,55.60861349],[12.80087525,55.60853625],[12.80104651,55.60861834],[12.80136329,55.60857245],[12.80157271,55.60862692]]],[[[12.80175093,55.60848389],[12.80153469,55.60836228],[12.80064873,55.60842332],[12.80054207,55.60831107],[12.80129905,55.60829621],[12.80155625,55.60819461],[12.80202004,55.60829362],[12.80201845,55.6083969]]],[[[12.78709689,55.60954505],[12.78706181,55.60974128],[12.78687651,55.60997776],[12.78675942,55.61002382],[12.78658661,55.60998636],[12.78654822,55.60983377],[12.78687829,55.60956647],[12.78690595,55.60948756],[12.7869906,55.60944618],[12.78709689,55.60954505]]],[[[15.15117586,55.1200531],[15.15079721,55.12017115],[15.15055718,55.12015099],[15.15087576,55.12003256],[15.1512208,55.1200022],[15.15108623,55.1198754],[15.15146434,55.11975791],[15.15158534,55.11986091],[15.15130497,55.1200019]]],[[[15.12264305,55.02542909],[15.12224144,55.02537544],[15.12176642,55.02535215],[15.12210378,55.02520303],[15.12156803,55.02512599],[15.12221753,55.02519873],[15.12227072,55.02507304],[15.12226868,55.02498392],[15.12274971,55.02525955]]],[[[12.79415684,55.6097833],[12.79415252,55.60990951],[12.79410833,55.61007517],[12.7940364,55.61012164],[12.79388538,55.61011238],[12.79379587,55.61005419],[12.79351208,55.6097744],[12.79351073,55.60974728],[12.79368925,55.60972701]]],[[[12.7406889,55.62532723],[12.74076089,55.62547044],[12.74069999,55.6255901],[12.74046251,55.62567135],[12.74012234,55.62560072],[12.74010233,55.62548254],[12.74030921,55.62539043],[12.74058084,55.62533727]]],[[[12.59044457,56.00807532],[12.59068711,56.00853716],[12.59059856,56.00897133],[12.59035769,56.00922059],[12.59029014,56.00918794],[12.59047673,56.00892453],[12.59050455,56.00839628],[12.5903515,56.00809619],[12.59039929,56.00807502]]],[[[12.00626428,55.88001548],[12.0061363,55.87997573],[12.00600707,55.87984126],[12.00607728,55.87974614],[12.00647446,55.87964393],[12.00658645,55.87971473],[12.00659917,55.87992055],[12.00646007,55.87997681],[12.00626428,55.88001548]]],[[[12.77332256,55.6715888],[12.77271316,55.67158085],[12.77242664,55.67152519],[12.77194011,55.67154232],[12.77209357,55.67149182],[12.77261176,55.67144827],[12.77304403,55.67152858],[12.7743019,55.67139193],[12.77380736,55.671529]]],[[[15.05621092,55.16440418],[15.05612848,55.16461079],[15.05602395,55.16477969],[15.05599675,55.16485316],[15.05563906,55.16503387],[15.05566637,55.16485667],[15.05577886,55.16474004],[15.05578605,55.16461462],[15.05603555,55.16447028]]],[[[12.78232763,55.6063665],[12.78232583,55.6064599],[12.78204411,55.60649378],[12.7815965,55.6063228],[12.78136102,55.60631227],[12.78142237,55.60626478],[12.78161546,55.60618319],[12.7819206,55.60618465],[12.78196753,55.60628104],[12.78232763,55.6063665]]],[[[12.73789275,55.65545536],[12.73793147,55.65549105],[12.73751133,55.65555359],[12.73662514,55.65588752],[12.73562973,55.65616722],[12.73548883,55.65614409],[12.7357282,55.65602556],[12.73673475,55.65579938],[12.73768609,55.6554515]]],[[[12.73618304,55.63342302],[12.7358089,55.63349701],[12.73562201,55.63335901],[12.73599497,55.63331275],[12.73610533,55.63331811],[12.73645074,55.63321792],[12.73680107,55.63322936],[12.73659239,55.63327646]]],[[[12.77535593,55.60609357],[12.77514815,55.60610339],[12.77525796,55.60575047],[12.7756147,55.60567401],[12.77566195,55.60576229],[12.77540422,55.60585072],[12.77563652,55.60591406],[12.7756255,55.60605712]]],[[[12.79503115,55.60839067],[12.79488349,55.60856728],[12.79490289,55.60865948],[12.79489451,55.60874202],[12.79473342,55.60877004],[12.79429235,55.60867075],[12.79428987,55.60858432],[12.79486538,55.60851145],[12.79487883,55.60838109]]],[[[12.73664534,55.64503064],[12.73651549,55.64521642],[12.73614965,55.64526696],[12.73597123,55.64517511],[12.73599711,55.64513799],[12.73621562,55.64503484],[12.73632827,55.64498725],[12.73653291,55.64496222],[12.73679093,55.64491325],[12.73681674,55.64496723]]],[[[15.19687122,55.31848525],[15.19668442,55.31855681],[15.19675006,55.31836995],[15.19690558,55.31829117],[15.19733672,55.31822302],[15.19729551,55.31836622],[15.19717707,55.31847004],[15.19703525,55.31852634]]],[[[12.73896934,55.6267748],[12.7389711,55.62686836],[12.73884855,55.62689989],[12.73869873,55.6268738],[12.7386427,55.6267845],[12.73848173,55.62677817],[12.73840296,55.62676889],[12.73838665,55.62671948],[12.73844498,55.62665781],[12.73877228,55.62658334],[12.73901688,55.62663001],[12.73896934,55.6267748]]],[[[15.1118641,55.1468905],[15.11144265,55.14688047],[15.11129905,55.14679909],[15.11123801,55.14673635],[15.11160087,55.14673744],[15.11169741,55.14658789],[15.11180899,55.14665836],[15.1119514,55.14680066]]],[[[12.78958665,55.60749974],[12.7896194,55.60758064],[12.78969923,55.60761109],[12.7897249,55.60770418],[12.78963097,55.60779755],[12.78948288,55.60782353],[12.78918378,55.60766759],[12.78916643,55.60759978],[12.78927765,55.60753582],[12.78958665,55.60749974]]],[[[12.7610014,55.60828569],[12.76121805,55.60835988],[12.76116389,55.6084628],[12.76074143,55.60836777],[12.76054402,55.60828211],[12.7602019,55.6081651],[12.76019267,55.60807878],[12.76046289,55.60815502],[12.76086319,55.60823256]]],[[[12.75002478,55.66788579],[12.74918568,55.66779617],[12.74923842,55.66760257],[12.74960798,55.66773515],[12.74939215,55.66774589],[12.74973861,55.66779671],[12.75002335,55.66780283],[12.75017015,55.66777568],[12.75050353,55.66771315]]],[[[12.06134505,55.79353533],[12.06138414,55.79361455],[12.06142073,55.79376755],[12.06130026,55.7937941],[12.06098409,55.79382392],[12.06093266,55.79371354],[12.06092509,55.79357852],[12.06102435,55.793548],[12.06123125,55.79352891]]],[[[12.04894198,55.79952396],[12.04887701,55.79963399],[12.04864427,55.79958646],[12.04851634,55.79948328],[12.04833726,55.79945455],[12.04847283,55.79939213],[12.04873918,55.79934093],[12.04897649,55.79933675],[12.04896995,55.79944497]]],[[[12.06866979,55.72885518],[12.0689922,55.72895204],[12.06936848,55.72908179],[12.06963611,55.72918109],[12.06944187,55.72921103],[12.06915049,55.72910343],[12.06882893,55.72905186],[12.06859888,55.72891584]]],[[[12.76449749,55.60599867],[12.76461508,55.60616475],[12.76504582,55.60631967],[12.76513438,55.60646128],[12.76524796,55.60664339],[12.76487195,55.60649767],[12.76483431,55.60631889],[12.76449984,55.60616892],[12.76436301,55.60596953]]],[[[12.79334837,55.60858363],[12.79343708,55.60868295],[12.7932879,55.60882578],[12.79322444,55.60883827],[12.79303937,55.60879886],[12.79301255,55.60872523],[12.79296072,55.60866398],[12.79282424,55.60858493],[12.79284545,55.60854794],[12.79292454,55.60852634],[12.79319183,55.60856662],[12.79334837,55.60858363]]],[[[12.73734794,55.64119804],[12.73738599,55.64130857],[12.73687413,55.64130296],[12.73661035,55.64125453],[12.73657834,55.64119894],[12.73678969,55.64118602],[12.73685728,55.64108783],[12.7370905,55.64116264]]],[[[12.6054909,55.76044188],[12.60554771,55.76063731],[12.60558493,55.76088655],[12.60555292,55.76137898],[12.60547407,55.7616078],[12.60542365,55.7615868],[12.6054528,55.76136547],[12.60549432,55.76093453],[12.60541429,55.7604774],[12.60546013,55.76044017]]],[[[12.73680608,55.640901],[12.73666025,55.64083891],[12.73663403,55.64076237],[12.73668359,55.64069512],[12.736825,55.64069252],[12.73694691,55.64067217],[12.7372282,55.64074254],[12.73723947,55.64080236],[12.73704062,55.64091795],[12.73686604,55.64093955]]],[[[15.1903125,55.32343397],[15.1904866,55.32347482],[15.19052888,55.32358253],[15.19041079,55.3236322],[15.19035328,55.32370275],[15.19026738,55.32376133],[15.1901024,55.32374955],[15.190061,55.32364342],[15.19014999,55.32348843]]],[[[12.78455826,55.60472056],[12.78451308,55.60471656],[12.78448258,55.60468855],[12.78447464,55.6046325],[12.78449467,55.6045371],[12.78468049,55.60448243],[12.78506085,55.604475],[12.78505543,55.60460331],[12.7850276,55.60464913],[12.78500433,55.60465821],[12.78488453,55.60465292],[12.78473924,55.60469959],[12.78455826,55.60472056]]],[[[12.73749576,55.65207409],[12.73732709,55.65219488],[12.7375013,55.65234558],[12.73780603,55.65256749],[12.73819541,55.65261298],[12.73776723,55.65261255],[12.73716528,55.65232256],[12.7371814,55.65210976]]],[[[12.01204214,55.89021025],[12.01191375,55.89027102],[12.0118519,55.89019954],[12.01155644,55.89014582],[12.01142779,55.89002976],[12.01123121,55.88992274],[12.0115044,55.88992442],[12.0116858,55.89002345],[12.01191996,55.89010555]]],[[[12.78117921,55.64166195],[12.78125048,55.64176452],[12.78119968,55.64192525],[12.78099125,55.64209193],[12.78087249,55.64210198],[12.78090557,55.64199818],[12.78102215,55.64190133],[12.78082384,55.64181347],[12.78079815,55.64175491],[12.78101597,55.64172679],[12.78110087,55.64165583]]],[[[12.60587312,55.56102396],[12.60565121,55.56110072],[12.6054831,55.56100802],[12.60531119,55.5610504],[12.60524346,55.56110599],[12.60519924,55.56103544],[12.60534018,55.56092357],[12.60568585,55.56087634],[12.60590869,55.56093083]]],[[[12.78307217,55.63024722],[12.78312691,55.63036972],[12.78298703,55.63043402],[12.78288011,55.63035711],[12.78281122,55.6302444],[12.78260059,55.63025081],[12.78244278,55.63020991],[12.78270445,55.63011964],[12.78297214,55.63020553]]],[[[14.76157374,55.29280989],[14.76176968,55.29288263],[14.76191896,55.29295127],[14.76206821,55.29304142],[14.76202625,55.29310003],[14.76186964,55.29309925],[14.76169472,55.29303543],[14.76149705,55.29296494],[14.76138361,55.2928639],[14.76150999,55.29281192]]],[[[12.73355535,55.63702338],[12.73261365,55.63742156],[12.73343955,55.637026],[12.73368005,55.63684036],[12.7338086,55.63689318],[12.73403257,55.63703977],[12.73408543,55.63712242],[12.73392806,55.63702074],[12.73364824,55.63698377]]],[[[12.06765463,55.79304685],[12.06750461,55.79304457],[12.06746895,55.79296851],[12.06741866,55.79282826],[12.06761233,55.79279717],[12.06782315,55.79278741],[12.06787331,55.79287327],[12.06791883,55.79299341],[12.06785875,55.79301883]]],[[[12.74225233,55.62551086],[12.74226389,55.62556545],[12.74204029,55.62560717],[12.74170831,55.6256325],[12.74161536,55.62550108],[12.74150481,55.62543846],[12.74162255,55.62538154],[12.74177666,55.62546594],[12.74202747,55.62546782],[12.74225233,55.62551086]]],[[[12.74022943,55.62463876],[12.74016297,55.62472352],[12.74006117,55.62469588],[12.73997266,55.62455776],[12.73970274,55.62456699],[12.73938402,55.62459632],[12.73941814,55.62453242],[12.73971389,55.62444066],[12.73996693,55.6244993],[12.74021653,55.62451021]]],[[[12.74457144,55.66457701],[12.74482296,55.66471006],[12.74501583,55.66491189],[12.74516673,55.66510745],[12.74500478,55.66510422],[12.74488392,55.66503147],[12.74480794,55.66483749],[12.74460335,55.66474267],[12.74438887,55.66461091],[12.74457144,55.66457701]]],[[[12.78938206,55.62105483],[12.78930082,55.62111202],[12.7891251,55.62118642],[12.78906511,55.62117083],[12.78897033,55.62102044],[12.7887876,55.6209466],[12.78881936,55.62089867],[12.78892291,55.62086184],[12.78904038,55.62087044],[12.78913551,55.62093728],[12.78925294,55.62092888],[12.78938206,55.62105483]]],[[[12.79782742,55.61076718],[12.79768744,55.6107342],[12.79752593,55.61075459],[12.79718621,55.61066701],[12.79713401,55.61073014],[12.79692525,55.6107581],[12.79685474,55.61066641],[12.79724661,55.61059185],[12.79754745,55.610647],[12.79782742,55.61076718]]],[[[12.7615273,55.60841234],[12.76174251,55.608498],[12.76177246,55.60855364],[12.76170729,55.60874053],[12.76162002,55.60876479],[12.7615666,55.60873783],[12.76139692,55.60863657],[12.76135439,55.60859229],[12.76138897,55.60845418],[12.76146671,55.60841169]]],[[[15.1818899,55.32086795],[15.1817589,55.3207471],[15.18193861,55.3207603],[15.18188753,55.32072445],[15.18195125,55.32066025],[15.18209363,55.32049211],[15.18228952,55.32059471],[15.18210789,55.32078655],[15.18191228,55.32086267]]],[[[12.78690555,55.61622836],[12.78698403,55.6163155],[12.7872058,55.61641862],[12.78720106,55.61645519],[12.78699717,55.61649279],[12.78675266,55.61643056],[12.78668925,55.61639089],[12.78662755,55.61627841],[12.78666102,55.61621362],[12.78690555,55.61622836]]],[[[12.64845642,55.64807696],[12.6484003,55.64808214],[12.64830411,55.64809085],[12.64826073,55.64795114],[12.6483576,55.64794125],[12.64841374,55.64793616],[12.64892079,55.64788608],[12.64896275,55.64802592],[12.64845642,55.64807696]]],[[[14.96113661,55.21449586],[14.96115398,55.21461907],[14.96099638,55.21459609],[14.96088321,55.21450405],[14.96069888,55.21445195],[14.96092388,55.21440041],[14.96116444,55.21433919],[14.96132552,55.21442204]]],[[[12.78378671,55.60597261],[12.7839198,55.60606625],[12.7839065,55.60613258],[12.78374945,55.60618752],[12.78349427,55.60614414],[12.78342469,55.60608964],[12.783438,55.60601351],[12.78351288,55.60596147],[12.78366456,55.60594464]]],[[[15.12879154,55.05513238],[15.12974744,55.05528505],[15.12980889,55.05530634],[15.12981124,55.055339],[15.12979709,55.05536232],[15.12975418,55.0553689],[15.12944218,55.05532073],[15.12882173,55.05522495],[15.12872804,55.05520618],[15.12871187,55.05517341],[15.1287247,55.05513738],[15.12879154,55.05513238]]],[[[15.0726515,55.15691437],[15.0728033,55.15696216],[15.07292848,55.15701685],[15.07300991,55.15710534],[15.07305929,55.1572518],[15.07290421,55.15735265],[15.0728087,55.15717798],[15.07276062,55.15705658],[15.07259947,55.15694128]]],[[[12.74198369,55.62137561],[12.74203086,55.6214453],[12.74214576,55.62148207],[12.74217709,55.62156726],[12.74211857,55.62168182],[12.74196646,55.62168979],[12.74184301,55.62155849],[12.74174313,55.62145435],[12.74178229,55.62139839],[12.74198369,55.62137561]]],[[[15.07723558,55.15575077],[15.07712789,55.15573032],[15.07692417,55.15574825],[15.07699295,55.15566315],[15.07708114,55.15558571],[15.0772311,55.15550195],[15.07741461,55.15558857],[15.07734362,55.15573852]]],[[[12.07374606,55.740301],[12.07372973,55.74050053],[12.07359665,55.74046584],[12.07350992,55.74035806],[12.07329589,55.74023432],[12.07361077,55.74020181],[12.07392604,55.74017422],[12.07398352,55.74020605],[12.0737696,55.74027407]]],[[[12.79977095,55.60928579],[12.80004328,55.60935828],[12.79997772,55.60948522],[12.79989976,55.60955787],[12.7998348,55.60957607],[12.79973056,55.60955125],[12.79968373,55.60947608],[12.79959456,55.60935583],[12.79964626,55.60929748],[12.79977095,55.60928579]]],[[[15.11496138,55.14665004],[15.11470599,55.14667919],[15.11468674,55.14656815],[15.1147738,55.14653207],[15.1150581,55.14650479],[15.11532763,55.14646736],[15.11544169,55.14650069],[15.11520609,55.14655947],[15.11501278,55.14664484]]],[[[12.74108415,55.65800248],[12.74124806,55.65806322],[12.74152879,55.65820626],[12.74134232,55.65824243],[12.74105781,55.65812307],[12.74101549,55.65799963],[12.74093435,55.6579495],[12.74086153,55.65804309],[12.74070974,55.65786437],[12.74109556,55.65794207]]],[[[12.78232654,55.63010568],[12.78213985,55.63000425],[12.78214837,55.62989149],[12.78222581,55.62990007],[12.78238738,55.62988115],[12.78265999,55.62997183],[12.78269861,55.63002783],[12.78266505,55.63007536],[12.7825244,55.63009373],[12.78238796,55.6300733]]],[[[15.00747788,55.18629762],[15.00735758,55.18628042],[15.00730091,55.18622191],[15.00711931,55.18610619],[15.00694831,55.18605855],[15.00695371,55.1859922],[15.00717307,55.18597451],[15.00735836,55.18605845],[15.0075002,55.18620684],[15.00757814,55.18627384],[15.00747788,55.18629762]]],[[[12.74144935,55.61979703],[12.74146123,55.61985323],[12.7414434,55.61996456],[12.74143204,55.62001373],[12.74168153,55.6200821],[12.74168862,55.62014645],[12.74153691,55.62016187],[12.7412198,55.62006599],[12.74119409,55.61999636],[12.74130118,55.6198279],[12.74144935,55.61979703]]],[[[12.74014943,55.62373648],[12.74025291,55.62386838],[12.74036297,55.62393256],[12.74054889,55.62399243],[12.74033003,55.62407717],[12.74009791,55.62395953],[12.74010196,55.62386697],[12.74001988,55.62375958]]],[[[12.7905838,55.62371427],[12.79048423,55.62373965],[12.79073812,55.62356462],[12.79083194,55.62328232],[12.79088223,55.62334389],[12.79089269,55.62346362],[12.790916,55.62356011],[12.79107711,55.62365018],[12.79103032,55.62370864],[12.79071231,55.62368404]]],[[[12.7611546,55.61012131],[12.76091314,55.61008007],[12.76071556,55.61009226],[12.76076938,55.61002388],[12.76115753,55.60996286],[12.76131832,55.60988023],[12.7614468,55.60994436],[12.76128185,55.6100317],[12.7611546,55.61012131]]],[[[15.11293021,55.14659679],[15.11266968,55.14665295],[15.11247638,55.14673435],[15.11251804,55.14681527],[15.11227602,55.14679026],[15.1123615,55.14665162],[15.11259446,55.14658587],[15.11285711,55.14652511],[15.1130168,55.14657713]]],[[[15.14970103,55.13443349],[15.14957681,55.13452272],[15.14946698,55.13444958],[15.14949694,55.13431984],[15.14965979,55.13426603],[15.14980363,55.13427847],[15.1499352,55.1343397],[15.14995689,55.13445889],[15.14976587,55.13442895]]],[[[12.76542867,55.60557635],[12.76550537,55.60562409],[12.7655895,55.60573436],[12.76571624,55.60578378],[12.76566496,55.60585038],[12.76555331,55.60588043],[12.76544767,55.60583566],[12.76526371,55.60571631],[12.76515726,55.60567633],[12.76519051,55.60561722],[12.76537705,55.60557138]]],[[[12.58780778,55.71860992],[12.58810881,55.71866325],[12.58837862,55.71869052],[12.58869615,55.71869624],[12.58872284,55.71873017],[12.58867616,55.7187613],[12.58843916,55.71876005],[12.58801141,55.71871978],[12.5877081,55.71866067],[12.58752469,55.71860795],[12.5874492,55.71858219],[12.58745846,55.71855108],[12.58753048,55.71853566],[12.58780778,55.71860992]]],[[[12.76192681,55.67008865],[12.76211334,55.67017689],[12.76220654,55.6703421],[12.76223759,55.67048305],[12.76218913,55.67059308],[12.76205153,55.67054712],[12.76203534,55.67023612],[12.76185014,55.67012364],[12.7618629,55.67007757]]],[[[12.05195233,55.79848452],[12.05191556,55.7986183],[12.05190085,55.79872592],[12.05185325,55.79886401],[12.05162962,55.79887173],[12.05158669,55.79878613],[12.05171843,55.79865448],[12.05186192,55.79852218]]],[[[12.75989877,55.61393871],[12.75993547,55.61401654],[12.75999724,55.61406266],[12.75994671,55.61410234],[12.75966147,55.61415174],[12.75956432,55.61412613],[12.75950372,55.6140475],[12.75954331,55.61396652],[12.75983783,55.61391459]]],[[[12.75071812,55.66683899],[12.75055231,55.66677563],[12.750393,55.66683653],[12.75011914,55.66673799],[12.75001666,55.6666065],[12.75013646,55.66653998],[12.75038932,55.66671506],[12.75073456,55.66674658],[12.75071812,55.66683899]]],[[[15.14585555,55.11005941],[15.14558709,55.10999403],[15.14571476,55.10993471],[15.14561829,55.109803],[15.14543097,55.10981158],[15.14550385,55.10965662],[15.14570585,55.10983711],[15.14596392,55.1100288]]],[[[12.81318178,55.61708072],[12.8132802,55.61719573],[12.8135061,55.61727206],[12.81358972,55.617328],[12.81355268,55.6173948],[12.81348467,55.61740951],[12.8133915,55.61740413],[12.81315823,55.61725699],[12.81307374,55.61718057],[12.81305234,55.61707809],[12.81311088,55.61695613],[12.81318178,55.61708072]]],[[[12.74802588,55.61672496],[12.74810078,55.61687536],[12.748107,55.61698038],[12.7479971,55.61698761],[12.74782135,55.61695414],[12.74775204,55.61689233],[12.74774857,55.61677949],[12.74781943,55.61669459],[12.74800354,55.61671072]]],[[[12.784059,55.60454093],[12.78412813,55.60459887],[12.78415847,55.60468957],[12.78411983,55.60482592],[12.78405859,55.60485299],[12.78397203,55.60485315],[12.783896,55.60482744],[12.78386226,55.60479053],[12.78383512,55.60465235],[12.78384664,55.60460703],[12.78387917,55.60457203],[12.78392975,55.60454637],[12.78398507,55.60453369],[12.784059,55.60454093]]],[[[15.1919146,55.32246886],[15.19199817,55.32252962],[15.19187641,55.3225034],[15.19159539,55.32245844],[15.19144733,55.32237007],[15.1916248,55.32224876],[15.19170093,55.32229729],[15.19190734,55.32233668],[15.19191554,55.32243954]]],[[[12.75309807,55.66832805],[12.75297067,55.66838159],[12.75240985,55.66820587],[12.75221621,55.66804804],[12.75231095,55.66795746],[12.75238255,55.66804223],[12.75267352,55.66823781],[12.75317658,55.66818608],[12.75309807,55.66832805]]],[[[12.0688271,55.72827166],[12.06868622,55.72827293],[12.06831367,55.7283023],[12.06778747,55.72826978],[12.06793761,55.72821379],[12.06829757,55.72823923],[12.06840949,55.72818555],[12.06851438,55.72812755],[12.06875826,55.72824506]]],[[[12.79169565,55.6123485],[12.79148576,55.61227271],[12.79146187,55.6122212],[12.79152167,55.61217736],[12.7918531,55.61213149],[12.79193619,55.61216758],[12.79199979,55.61222892],[12.79192562,55.61229003],[12.79183762,55.61228367],[12.79169565,55.6123485]]],[[[12.79487353,55.61400734],[12.7945071,55.614007],[12.79457738,55.61395491],[12.79479902,55.6138547],[12.79490602,55.6139129],[12.79516012,55.61383938],[12.79512593,55.6139015],[12.79493973,55.61393946]]],[[[12.75578642,55.61504964],[12.755615,55.61508142],[12.7555129,55.6150207],[12.7551665,55.61506693],[12.75518213,55.61494793],[12.75534809,55.6149638],[12.75555921,55.61489366],[12.75574573,55.61494324]]],[[[12.79562509,55.60951362],[12.79547952,55.60953611],[12.79536158,55.60945506],[12.79541896,55.6093781],[12.7956889,55.60937837],[12.79580704,55.60929728],[12.79595918,55.60927377],[12.79583425,55.60944886],[12.79571708,55.60942174]]],[[[12.78257646,55.63692964],[12.78273312,55.6369731],[12.78288457,55.6369972],[12.78289195,55.63705398],[12.7827282,55.63717747],[12.78248266,55.63706635],[12.78243966,55.63696831],[12.78250097,55.63692001]]],[[[12.79024898,55.60693105],[12.79040741,55.60708451],[12.79052961,55.60717865],[12.79053923,55.60724211],[12.79036424,55.60726587],[12.79014182,55.60723283],[12.79022938,55.60716735],[12.79014511,55.60703003],[12.79013899,55.60694353]]],[[[12.68679323,55.63585774],[12.68688903,55.63590108],[12.68688518,55.63599876],[12.68678378,55.63609363],[12.68664429,55.6361301],[12.68654849,55.63608677],[12.68655233,55.635989],[12.68665374,55.63589413],[12.68679323,55.63585774]]],[[[12.73476923,55.63037552],[12.73470628,55.63050396],[12.7345975,55.63054333],[12.73452288,55.63062105],[12.73440383,55.63069123],[12.73430942,55.63066623],[12.7343079,55.63060854],[12.73437115,55.630555],[12.73456551,55.63042111],[12.73470908,55.63033302],[12.73490112,55.630325]]],[[[15.00652502,55.18623893],[15.0067531,55.18631228],[15.00685227,55.18640633],[15.00682052,55.18649929],[15.00664192,55.18648056],[15.00661889,55.18640409],[15.00650372,55.18637089],[15.00638442,55.18628423]]],[[[12.59185154,55.74966493],[12.59158726,55.74969667],[12.59130601,55.74965995],[12.59154191,55.74961267],[12.59200521,55.74948797],[12.59210712,55.7494555],[12.59213939,55.74951336],[12.59205845,55.74960052]]],[[[12.81087927,55.61281716],[12.81079246,55.61285745],[12.81053673,55.6128271],[12.81038511,55.61270385],[12.81026219,55.61266685],[12.81018129,55.61258141],[12.81025243,55.61254827],[12.81068918,55.61272649],[12.81087927,55.61281716]]],[[[11.99914666,55.86282626],[11.99918344,55.86300048],[11.99915564,55.8631458],[11.99906445,55.8632631],[11.99892674,55.8632144],[11.99904045,55.86311769],[11.99898691,55.86299961],[11.99904484,55.86291136]]],[[[15.13178585,55.1449924],[15.1315577,55.14498907],[15.13145737,55.1448959],[15.13132037,55.14489543],[15.13124354,55.14480485],[15.13145262,55.14481195],[15.13169145,55.14487138],[15.13185243,55.1449388]]],[[[12.80037305,55.60846379],[12.80040602,55.60849416],[12.8004324,55.60859432],[12.80050057,55.60867],[12.8003014,55.60873778],[12.80022054,55.60871645],[12.80014693,55.60857809],[12.80023394,55.60848241],[12.80032747,55.60845568]]],[[[14.77816709,55.29216271],[14.77807499,55.29218023],[14.77789401,55.29210105],[14.77794592,55.29202638],[14.77809019,55.29199775],[14.77825014,55.29197278],[14.77829363,55.29202329],[14.77830307,55.2920837],[14.77819436,55.29215503]]],[[[14.80577894,55.27767853],[14.80570934,55.27762108],[14.80557878,55.27761255],[14.80554308,55.27757338],[14.80561275,55.27750209],[14.80585064,55.2773981],[14.80586213,55.27749163],[14.80583353,55.27762272],[14.80582439,55.27767123]]],[[[14.84889979,55.2468518],[14.84879226,55.24688992],[14.8486703,55.24685896],[14.8485679,55.24678961],[14.84857447,55.246708],[14.84864348,55.24662231],[14.84880238,55.24670722],[14.84888285,55.24678599],[14.84889866,55.24684303]]],[[[12.73671777,55.64033987],[12.73663745,55.6403996],[12.73656014,55.6402874],[12.73639702,55.6402341],[12.73624974,55.64031691],[12.73616175,55.64023947],[12.73632207,55.64021507],[12.73658024,55.64015639],[12.73672049,55.64030004]]],[[[15.15652292,55.08120441],[15.15657762,55.08132301],[15.15648871,55.0813205],[15.15632086,55.08123051],[15.15618102,55.08119295],[15.15621737,55.0811151],[15.15629366,55.08101948],[15.15642895,55.08107439],[15.15652292,55.08120441]]],[[[12.75160512,55.66791216],[12.75159594,55.66804212],[12.75210258,55.66824036],[12.75207224,55.66829398],[12.75195318,55.66821211],[12.75143334,55.66800735],[12.7511807,55.66788621],[12.75134116,55.66784893],[12.75145765,55.66791065],[12.75160512,55.66791216]]],[[[15.15689589,55.08415575],[15.1569597,55.08417763],[15.15697805,55.08423757],[15.15696305,55.08437339],[15.1569119,55.08442957],[15.15679882,55.08443935],[15.15673933,55.08438232],[15.15670887,55.08429166],[15.15670192,55.08423744],[15.15673338,55.0842155],[15.15681068,55.08416808],[15.15689589,55.08415575]]],[[[12.78808696,55.61540902],[12.78812616,55.61551887],[12.78807248,55.61554706],[12.7877276,55.61549684],[12.78762845,55.61546717],[12.7876908,55.61540041],[12.78779973,55.6153733],[12.78800891,55.61536917],[12.78808696,55.61540902]]],[[[15.09633973,55.15013563],[15.09622396,55.15006239],[15.09623125,55.15001547],[15.09637898,55.14996781],[15.09662274,55.14998367],[15.09675575,55.15004938],[15.09648909,55.15005547],[15.09648006,55.15009509],[15.09633973,55.15013563]]],[[[12.79614482,55.61013851],[12.79604586,55.6101271],[12.79596386,55.61003495],[12.79575496,55.61004169],[12.79575534,55.6099799],[12.79588663,55.60996738],[12.79607217,55.61000821],[12.79638565,55.60996252],[12.79642368,55.61000424],[12.79614482,55.61013851]]],[[[14.85801973,55.24188003],[14.85805072,55.24195443],[14.85793192,55.24187967],[14.85784673,55.24170381],[14.85796032,55.24167169],[14.85802098,55.2417443],[14.85815036,55.24174977],[14.85820068,55.24185268],[14.85801973,55.24188003]]],[[[12.55174323,55.64291646],[12.55179308,55.64294721],[12.55185127,55.64300163],[12.55183277,55.64303606],[12.55172222,55.64308288],[12.55151804,55.64314742],[12.55140688,55.64305937],[12.55142221,55.64301802],[12.5517032,55.64291861]]],[[[12.74272053,55.62711636],[12.74286003,55.62724078],[12.74283752,55.62729965],[12.74272817,55.62732799],[12.74263168,55.62731781],[12.74244477,55.62720788],[12.74248398,55.62716738],[12.74262469,55.62711462],[12.74272053,55.62711636]]],[[[12.74370842,55.6221254],[12.74391316,55.62224261],[12.74390308,55.62232016],[12.74382279,55.62235634],[12.74371689,55.62235571],[12.74363766,55.62230813],[12.74358097,55.62213046],[12.74362067,55.62210848]]],[[[14.86913325,55.23983335],[14.86905318,55.23987259],[14.86898469,55.23981855],[14.86901934,55.23975557],[14.86902037,55.23962606],[14.86917986,55.239637],[14.86927202,55.23972006],[14.86923608,55.23977113],[14.86922522,55.2398416]]],[[[12.0044919,55.96165676],[12.00462164,55.96185622],[12.0046811,55.96195752],[12.00463178,55.96203252],[12.00459075,55.96207173],[12.00450772,55.96197856],[12.0044111,55.96175761],[12.00444307,55.96164914]]],[[[12.78937332,55.61973543],[12.7894443,55.61975958],[12.78945676,55.61978159],[12.78944051,55.6198454],[12.78942194,55.61986369],[12.78919761,55.61991847],[12.78914705,55.61991823],[12.78910774,55.61990776],[12.78907281,55.61986532],[12.78906249,55.619816],[12.789068,55.61978255],[12.78908622,55.61976068],[12.78912353,55.61974711],[12.78918732,55.61973956],[12.78937332,55.61973543]]],[[[15.17596618,55.33007089],[15.17580593,55.33003895],[15.17569204,55.3299337],[15.17561858,55.32975248],[15.17574781,55.32978302],[15.17582693,55.32984366],[15.17592774,55.3299248],[15.17581236,55.32997091],[15.17590694,55.33001014]]],[[[15.14938322,55.10725761],[15.14916294,55.10724589],[15.14903954,55.10720749],[15.14916017,55.10714438],[15.14927204,55.1070845],[15.14940175,55.10706911],[15.14948972,55.10715685],[15.14957715,55.10718403],[15.14941905,55.10722923]]],[[[12.55279099,55.6445956],[12.55258211,55.64444691],[12.55280327,55.64434689],[12.55301579,55.64449539],[12.55279099,55.6445956]]],[[[12.71149839,55.53632719],[12.71162101,55.53636636],[12.71171559,55.53645459],[12.71172684,55.53654021],[12.71164811,55.536573],[12.71152565,55.53653382],[12.7114309,55.53644551],[12.71141966,55.53635997],[12.71149839,55.53632719]]],[[[15.14668802,55.11574803],[15.14659457,55.11579607],[15.14643639,55.11576248],[15.1462562,55.11578898],[15.14617493,55.11570908],[15.146308,55.1156368],[15.14646059,55.11562088],[15.14647715,55.11572935],[15.14665046,55.11572345]]],[[[14.7771473,55.29750799],[14.77707105,55.29744382],[14.7772257,55.2973163],[14.77729399,55.29722088],[14.7774388,55.29716116],[14.77742604,55.29723811],[14.77735416,55.29731327],[14.77730144,55.29739967],[14.77721746,55.29747081]]],[[[15.12432499,55.04973481],[15.12439188,55.04976402],[15.12435778,55.04984444],[15.12422919,55.04987831],[15.12408883,55.04986504],[15.12398753,55.04980776],[15.12402578,55.04973803],[15.12416715,55.04972927],[15.12430916,55.04973389]]],[[[12.58967339,55.72626879],[12.58973871,55.72632254],[12.58972287,55.72651264],[12.58975008,55.72657461],[12.58969854,55.72660327],[12.58963037,55.72660356],[12.58957733,55.72657427],[12.58958624,55.72652905],[12.58955669,55.72634783],[12.58958174,55.72627714],[12.58967339,55.72626879]]],[[[12.73560189,55.64117979],[12.73545214,55.64124173],[12.73547385,55.64115429],[12.73567858,55.64108367],[12.7359079,55.64103576],[12.73619733,55.6409898],[12.73619294,55.64106376],[12.73602224,55.64107777],[12.73580229,55.64113879],[12.73560189,55.64117979]]],[[[15.10043919,55.14940467],[15.10040439,55.14943721],[15.10028248,55.14941525],[15.10013877,55.14941823],[15.10004944,55.14938211],[15.09999719,55.14929244],[15.10026809,55.14924426],[15.1003306,55.14926129],[15.10030597,55.1493017],[15.1003223,55.14934364],[15.10043919,55.14940467]]],[[[11.84893384,55.97121734],[11.84909667,55.97135857],[11.84916151,55.97144472],[11.84913432,55.97147384],[11.84903746,55.97148417],[11.84890437,55.97139197],[11.84881066,55.97126649],[11.84885431,55.97121909],[11.84893384,55.97121734]]],[[[14.80628704,55.27456991],[14.80624842,55.27467123],[14.80617201,55.27457477],[14.8059949,55.27463813],[14.80588945,55.2745824],[14.80612666,55.27454398],[14.80612128,55.27452551],[14.80625616,55.27447632],[14.80631777,55.27452343]]],[[[12.7391415,55.62428458],[12.73917863,55.62431393],[12.73914423,55.62437487],[12.73917395,55.62444986],[12.73914161,55.62448906],[12.73892438,55.62449102],[12.73883139,55.62445744],[12.73885687,55.62442294],[12.73896379,55.62433092],[12.73905442,55.62427797],[12.7391415,55.62428458]]],[[[12.74041139,55.6270752],[12.74027044,55.62711547],[12.74009655,55.62719029],[12.74001979,55.6271787],[12.73996207,55.62703505],[12.74023975,55.62703862],[12.74038636,55.62702102],[12.74043142,55.62705022]]],[[[12.790638,55.62103539],[12.79058096,55.62103221],[12.79046955,55.62100913],[12.790403,55.62101605],[12.79038049,55.62099849],[12.7903922,55.62094534],[12.79044213,55.6209161],[12.79048109,55.62090491],[12.79068455,55.62087739],[12.79071575,55.62087957],[12.79074304,55.62089069],[12.79082856,55.62096655],[12.79074145,55.62101888],[12.790638,55.62103539]]],[[[15.12476546,55.04854275],[15.12479532,55.04860769],[15.12473008,55.04865888],[15.12462073,55.0486627],[15.12448694,55.04863082],[15.12438481,55.04857736],[15.1244132,55.04850777],[15.12455733,55.04850679],[15.12465909,55.04854145],[15.12476546,55.04854275]]],[[[14.80741019,55.27384357],[14.80735398,55.27394321],[14.80733475,55.27402614],[14.80723697,55.27395176],[14.80723214,55.27383154],[14.80715665,55.2737435],[14.80730845,55.27371519],[14.80730581,55.27380588],[14.80741566,55.2738163]]],[[[12.79815277,55.61025809],[12.79830621,55.61032177],[12.79824969,55.61050436],[12.79815616,55.61053442],[12.79799791,55.61049481],[12.79806151,55.6104593],[12.79819625,55.61042661],[12.79819321,55.61034434],[12.79812093,55.61029514],[12.79813025,55.61025681]]],[[[15.14584969,55.11528668],[15.14592719,55.11534723],[15.14592971,55.11542166],[15.14581917,55.11543527],[15.14568414,55.11541329],[15.14555973,55.11538375],[15.14558753,55.1153195],[15.14571124,55.1152864],[15.14584969,55.11528668]]],[[[12.73505779,55.64303002],[12.73492559,55.64308603],[12.73481914,55.64312353],[12.73481028,55.64305726],[12.73493477,55.64300041],[12.73495208,55.64297021],[12.73494576,55.64288884],[12.73513157,55.64285314],[12.73517528,55.64288301]]],[[[12.73637886,55.62692496],[12.73644647,55.62701903],[12.73641488,55.6270628],[12.73631283,55.62706933],[12.73618331,55.62699612],[12.73600103,55.6269863],[12.73601812,55.62694208],[12.73631692,55.62689376]]],[[[12.8110289,55.61429064],[12.81092019,55.6142969],[12.81068765,55.61425018],[12.81057452,55.61424525],[12.81052845,55.61420936],[12.81056707,55.61417677],[12.81072848,55.61417652],[12.81083474,55.61420235],[12.81094354,55.61419375],[12.81102259,55.61416512],[12.81108011,55.61418482],[12.81109796,55.61421646],[12.8110289,55.61429064]]],[[[12.7442918,55.61727214],[12.74447369,55.61740489],[12.74464576,55.61747795],[12.74463803,55.61750013],[12.74439622,55.61750545],[12.74434997,55.61743708],[12.74420016,55.61733753],[12.74418502,55.61730211],[12.74426341,55.617266]]],[[[12.74813475,55.61747205],[12.74792156,55.61746428],[12.74786334,55.61742874],[12.74784982,55.61736369],[12.74800545,55.6173378],[12.74812397,55.61731933],[12.74820606,55.61735531],[12.74822214,55.61742046],[12.74813475,55.61747205]]],[[[12.79378152,55.61181045],[12.79376158,55.61178004],[12.79377072,55.61174963],[12.79380008,55.61173128],[12.79396096,55.61167315],[12.79401989,55.61167456],[12.79405332,55.61168674],[12.79415167,55.61174763],[12.79416547,55.61177373],[12.79415249,55.61180381],[12.79407521,55.61182446],[12.79394521,55.61181095],[12.79385233,55.6118346],[12.79378152,55.61181045]]],[[[15.14862928,55.10831707],[15.14850692,55.10833227],[15.14845081,55.1082882],[15.14852747,55.10823632],[15.14862839,55.10820222],[15.1487996,55.10821047],[15.14889148,55.10825327],[15.14886441,55.10830489],[15.14873761,55.10831167]]],[[[15.15699095,55.08364938],[15.1568417,55.0836394],[15.15693778,55.0835723],[15.15696572,55.0834685],[15.1570601,55.08346876],[15.15709611,55.08354248],[15.15724766,55.08352362],[15.15719315,55.08362003],[15.15701135,55.08364222]]],[[[12.78518786,55.61746326],[12.78524552,55.61747452],[12.78529145,55.61749603],[12.785324,55.61753369],[12.78524289,55.61756758],[12.7852141,55.6176084],[12.78513074,55.61760414],[12.78500833,55.61757393],[12.78495304,55.61755091],[12.78492011,55.61752585],[12.78490844,55.61748394],[12.78494781,55.61746708],[12.78504424,55.61746185],[12.78518786,55.61746326]]],[[[12.80677145,55.61162918],[12.80649576,55.61168603],[12.80632264,55.61169321],[12.80624346,55.61172868],[12.80603874,55.61175239],[12.80597258,55.61172378],[12.80652849,55.61161236],[12.80673669,55.61157711],[12.80678917,55.61158087],[12.80677145,55.61162918]]],[[[11.94754522,55.82838668],[11.94761758,55.82843106],[11.94768642,55.82845018],[11.94768332,55.82849358],[11.94770527,55.82852829],[11.94771292,55.82856605],[11.94763387,55.82860408],[11.94758317,55.82861168],[11.94747201,55.8285863],[11.94746848,55.8285186],[11.94746513,55.82843202],[11.94748269,55.82836652],[11.94754522,55.82838668]]],[[[12.79447245,55.60983359],[12.79451108,55.60984534],[12.79452745,55.60986174],[12.7945506,55.60995167],[12.79452865,55.61002043],[12.79442788,55.61003641],[12.79436651,55.61002437],[12.79431828,55.60999718],[12.79430045,55.6099721],[12.7942895,55.60989834],[12.79430052,55.60987588],[12.79432969,55.60985888],[12.79443369,55.60983353],[12.79447245,55.60983359]]],[[[15.15197885,55.0758923],[15.15198841,55.07595637],[15.15194892,55.07602807],[15.15192035,55.07610344],[15.15182045,55.07606925],[15.15175852,55.07601359],[15.15174609,55.07593084],[15.15181207,55.0758895],[15.15197885,55.0758923]]],[[[14.69704178,55.09581966],[14.69708606,55.09588141],[14.69707112,55.09596699],[14.69706573,55.09614818],[14.69708153,55.0962677],[14.69701316,55.096299],[14.69697489,55.09617162],[14.69698844,55.09605864],[14.69697432,55.09594759]]],[[[12.8020389,55.61071188],[12.80209524,55.61077524],[12.8020722,55.61090635],[12.80202277,55.61093406],[12.80183628,55.61089011],[12.80183431,55.61085169],[12.80192134,55.61078253],[12.80195915,55.61070869]]],[[[12.74026747,55.62439103],[12.74022298,55.62443447],[12.74015813,55.62444446],[12.74007633,55.6244599],[12.74001919,55.62446237],[12.73996677,55.62445264],[12.73984853,55.62439591],[12.73983894,55.62437039],[12.7398907,55.6243448],[12.74004751,55.62435764],[12.74013141,55.62433251],[12.74018061,55.62432687],[12.74022463,55.62433344],[12.74026787,55.62436863],[12.74026747,55.62439103]]],[[[14.80481055,55.2777511],[14.80487932,55.27779643],[14.80490211,55.277867],[14.80484137,55.2779024],[14.80469938,55.27791925],[14.8046204,55.2778645],[14.80462705,55.27780216],[14.80470763,55.27776231],[14.80481055,55.2777511]]],[[[15.19694257,55.31873114],[15.19688231,55.31878499],[15.196786,55.31875685],[15.19672986,55.31869578],[15.19674561,55.31862492],[15.1968452,55.31864173],[15.19694788,55.31861678],[15.19705241,55.31865009],[15.19703598,55.31871459],[15.19694257,55.31873114]]],[[[11.99853612,55.86341442],[11.99851174,55.86347552],[11.99842471,55.86349121],[11.99844973,55.86340107],[11.99850889,55.86330586],[11.99861218,55.86326262],[11.9987118,55.86330028],[11.99863973,55.86339185],[11.99853612,55.86341442]]],[[[12.7792757,55.60631854],[12.77931191,55.60635303],[12.77932221,55.60638914],[12.77927242,55.60646927],[12.77923216,55.6064867],[12.77912537,55.60647794],[12.77907181,55.60646449],[12.7790471,55.60644879],[12.77904448,55.60642981],[12.77909511,55.60636503],[12.77907037,55.60633081],[12.7790999,55.60631083],[12.779182,55.60630228],[12.7792757,55.60631854]]],[[[14.79683452,55.28249279],[14.79677096,55.28246476],[14.79681199,55.28240123],[14.79688659,55.28236779],[14.79699616,55.28234916],[14.79712806,55.28236457],[14.79707996,55.28243042],[14.79699732,55.28247792],[14.79688665,55.28249769]]],[[[12.77384874,55.66941763],[12.77379959,55.66939468],[12.77390865,55.66935742],[12.77425678,55.66932602],[12.77461974,55.66926026],[12.77458999,55.66932143],[12.77443342,55.66936258],[12.77401965,55.66940634]]],[[[11.84961483,55.97179335],[11.84978594,55.97196432],[11.8498082,55.97199455],[11.84978766,55.97202693],[11.84974767,55.9720346],[11.84969367,55.97202407],[11.84958065,55.97192358],[11.84947402,55.97181647],[11.84947763,55.97179364],[11.84951022,55.97177464],[11.84956242,55.97176957],[11.84961483,55.97179335]]],[[[12.02083602,55.90891371],[12.02088658,55.90901018],[12.02085469,55.90910842],[12.02080797,55.90911064],[12.02068418,55.90906433],[12.02060976,55.90901293],[12.02072394,55.90895215],[12.02080645,55.90888944]]],[[[15.09606488,55.15013754],[15.09623031,55.15015724],[15.09626625,55.15018767],[15.09614633,55.15021467],[15.09601445,55.1502303],[15.09584345,55.15022654],[15.09575338,55.15019172],[15.09580175,55.1501657],[15.09594012,55.15014318],[15.09606488,55.15013754]]],[[[12.77353795,55.60519234],[12.77357517,55.60521268],[12.7735808,55.60522995],[12.77354783,55.6052968],[12.77350574,55.6053266],[12.77338858,55.60535548],[12.77331177,55.60530991],[12.77329919,55.60528314],[12.77330314,55.60525317],[12.77333499,55.60521442],[12.77338858,55.60518858],[12.77342656,55.6051821],[12.77353795,55.60519234]]],[[[14.79306089,55.28554752],[14.79294694,55.28558481],[14.79281302,55.28557939],[14.79272825,55.28555624],[14.79267758,55.28552903],[14.79276901,55.28549407],[14.79286692,55.28546358],[14.7930144,55.28548302],[14.79308335,55.28552529]]],[[[15.12410322,55.14387513],[15.1239841,55.14387843],[15.12389816,55.14383684],[15.12380898,55.14379353],[15.12377722,55.14372805],[15.1238516,55.14371593],[15.12395546,55.1437504],[15.12406402,55.14377554],[15.12410637,55.14383832]]],[[[12.74372966,55.61794523],[12.7438455,55.6180202],[12.7438742,55.61808119],[12.74395368,55.61815313],[12.74396046,55.61818925],[12.74393832,55.61819029],[12.74381219,55.61815403],[12.74373669,55.6180639],[12.74359894,55.61798915],[12.74361171,55.61796143],[12.74367598,55.61793887],[12.74372966,55.61794523]]],[[[14.85658118,55.2422454],[14.85646183,55.24226312],[14.85645598,55.24221704],[14.85638039,55.24215001],[14.85631578,55.24209226],[14.85636466,55.24204336],[14.85648486,55.24211266],[14.85662178,55.2421906]]],[[[12.81218848,55.6166816],[12.81225389,55.61669081],[12.81230488,55.61672987],[12.81245612,55.6167721],[12.81247405,55.61680446],[12.81239308,55.61681831],[12.8122966,55.61681799],[12.8121886,55.61675804],[12.81206561,55.61671879],[12.81204628,55.61667839],[12.81205524,55.61663656],[12.81214198,55.61663314],[12.81218848,55.6166816]]],[[[14.80580059,55.27479621],[14.8058787,55.27485478],[14.80571242,55.27485101],[14.80552851,55.27483458],[14.80566706,55.27477602],[14.80587327,55.27473369],[14.80604307,55.27474746],[14.80597284,55.27478799],[14.80580059,55.27479621]]],[[[12.74142616,55.62312449],[12.74145584,55.62316405],[12.74145705,55.62323173],[12.74142353,55.62325685],[12.74139155,55.62326143],[12.74122835,55.62323494],[12.74118975,55.62320176],[12.74119211,55.62313317],[12.74122103,55.62312149],[12.74137979,55.62311314],[12.74142616,55.62312449]]],[[[11.86504723,55.80386102],[11.86509429,55.80392366],[11.86511845,55.80401128],[11.8652331,55.8040425],[11.86520454,55.80408595],[11.86510062,55.80407274],[11.8650379,55.8040359],[11.86494439,55.80397974],[11.86490909,55.80390766],[11.86498204,55.80385787],[11.86504723,55.80386102]]],[[[15.11259911,55.14640511],[15.11256555,55.14645893],[15.11250127,55.14650827],[15.11241696,55.14647208],[15.11238518,55.14640534],[15.11247375,55.14636369],[15.11259671,55.1463485],[15.11271626,55.14633663],[15.11269471,55.14638985]]],[[[12.73614153,55.63276217],[12.73618426,55.63277346],[12.73621371,55.63279234],[12.73622282,55.63281617],[12.73621418,55.63285231],[12.73598418,55.63289745],[12.73593633,55.63289082],[12.73590265,55.63287431],[12.73588917,55.63284459],[12.73590513,55.63281353],[12.73594027,55.63279538],[12.73608993,55.63276276],[12.73614153,55.63276217]]],[[[12.79700693,55.61087158],[12.79709282,55.61087422],[12.79712042,55.61088362],[12.79712524,55.61091368],[12.79710406,55.61096083],[12.79697626,55.61099959],[12.7969453,55.61100307],[12.79690247,55.61099226],[12.79686078,55.6109637],[12.79683918,55.61093577],[12.79683312,55.61090601],[12.79685713,55.6108603],[12.79689495,55.61085544],[12.79700693,55.61087158]]],[[[12.74246269,55.62693099],[12.74262673,55.62697283],[12.74265503,55.62698627],[12.74266016,55.62703665],[12.74254226,55.62706866],[12.74242359,55.62707085],[12.74239804,55.62706291],[12.74237157,55.62703872],[12.74236505,55.62700205],[12.74238557,55.62695223],[12.74242602,55.62692816],[12.74246269,55.62693099]]],[[[12.53251157,56.08206067],[12.53243553,56.08208361],[12.53231582,56.08211438],[12.53218899,56.08215514],[12.53211401,56.08217914],[12.53203454,56.08220686],[12.53195995,56.08220882],[12.53194869,56.08219305],[12.53197145,56.08217109],[12.53215325,56.08210204],[12.53221729,56.0820744],[12.53238835,56.08203731],[12.5324809,56.08202603],[12.5325115,56.08204233],[12.53251157,56.08206067]]],[[[12.73371551,55.63072057],[12.73368724,55.63071918],[12.73358472,55.63069083],[12.73349833,55.63071334],[12.73345463,55.63071512],[12.73337374,55.63068359],[12.73335442,55.63065756],[12.73336317,55.63064102],[12.73342885,55.63061132],[12.73347478,55.63060282],[12.73354039,55.63060244],[12.73360686,55.63061615],[12.73367501,55.63064411],[12.73375688,55.6306926],[12.73371551,55.63072057]]],[[[15.14895673,55.10845544],[15.14889965,55.10850696],[15.14881362,55.10854904],[15.14866298,55.10854794],[15.1487095,55.10848391],[15.14880521,55.10844151],[15.14890975,55.10840641],[15.14902479,55.10841301],[15.14902201,55.10845097]]],[[[11.87395258,55.98310751],[11.87402087,55.98313971],[11.87415038,55.98316276],[11.87416845,55.98318589],[11.87409436,55.98320524],[11.87388068,55.98318227],[11.87369291,55.98312813],[11.87368346,55.98308942],[11.87373285,55.98307218],[11.87381087,55.98310146],[11.87389059,55.98310841],[11.87395258,55.98310751]]],[[[15.14836904,55.11823605],[15.14844895,55.1182591],[15.14847176,55.1182991],[15.14836942,55.11833733],[15.14820699,55.11835888],[15.14813711,55.1183183],[15.14813864,55.11828644],[15.14829558,55.11824256],[15.14836904,55.11823605]]],[[[12.78293761,55.62939115],[12.78301715,55.6294314],[12.7830784,55.62950118],[12.78308103,55.62953006],[12.78305416,55.62955805],[12.78300711,55.62957452],[12.78296842,55.62957544],[12.78291293,55.62955719],[12.78288165,55.62950807],[12.78284465,55.62946722],[12.78283911,55.62943447],[12.78287791,55.62939344],[12.78289693,55.629388],[12.78293761,55.62939115]]],[[[15.0194608,55.17950137],[15.01934261,55.17948247],[15.01929762,55.1794513],[15.01937165,55.17942062],[15.0194804,55.17938345],[15.01956995,55.1793836],[15.0196572,55.17940188],[15.01959304,55.17947592],[15.01949229,55.17949531]]],[[[12.53411587,56.08166988],[12.53413575,56.08168685],[12.53411706,56.08171804],[12.5340207,56.08174913],[12.53376986,56.08180352],[12.53371358,56.08181224],[12.53366623,56.08180262],[12.53364547,56.08178137],[12.53366722,56.08175548],[12.53374332,56.08174548],[12.53384184,56.08172215],[12.53389888,56.08170595],[12.53400799,56.08168233],[12.53407119,56.08166667],[12.53411587,56.08166988]]],[[[12.73709269,55.62792959],[12.7371568,55.62794526],[12.73723905,55.62801784],[12.73723014,55.62804607],[12.73716835,55.62805812],[12.73702953,55.62805408],[12.73695111,55.62802338],[12.73694154,55.62800308],[12.73696251,55.62794957],[12.73698718,55.62793326],[12.73703065,55.62792573],[12.73709269,55.62792959]]],[[[15.1457198,55.13585299],[15.14569206,55.13587997],[15.14555651,55.13583983],[15.14549485,55.13579874],[15.14549642,55.1357549],[15.1455879,55.13571821],[15.14575126,55.13567177],[15.14565849,55.13578154],[15.1457198,55.13585299]]],[[[15.14972898,55.13362664],[15.14981829,55.13365544],[15.14986194,55.1336969],[15.1498026,55.13373808],[15.14970441,55.13374855],[15.14961297,55.13373346],[15.14952539,55.13370467],[15.14958188,55.13366948],[15.14966291,55.13363539]]],[[[14.87506047,55.23824278],[14.87499946,55.23829254],[14.87492668,55.23827985],[14.87486174,55.23823384],[14.87474515,55.23824874],[14.87470506,55.23821953],[14.87477863,55.23816727],[14.87489509,55.23816326],[14.87506305,55.23820268]]],[[[12.78126871,55.64083439],[12.78129477,55.64084906],[12.7812323,55.64093992],[12.78118412,55.64099096],[12.78113503,55.64100623],[12.78109023,55.64100491],[12.7810555,55.64098117],[12.78104903,55.64095034],[12.78106998,55.64090374],[12.78109995,55.64085516],[12.7811342,55.64083279],[12.78120233,55.640827],[12.78126871,55.64083439]]],[[[12.54030889,56.079807],[12.54033391,56.07982562],[12.54034862,56.07984929],[12.54016012,56.07993617],[12.54000355,56.08000666],[12.53995983,56.07999802],[12.5399295,56.07996886],[12.53996576,56.07994004],[12.53999822,56.07993101],[12.54024142,56.07982522],[12.54028457,56.07980662]]],[[[12.74303642,55.62475734],[12.74305126,55.62479133],[12.74293428,55.62487116],[12.74278845,55.62489018],[12.74272208,55.6248575],[12.74275536,55.62480154],[12.74291494,55.62477508],[12.74300859,55.62475055]]],[[[12.53327455,56.08186069],[12.533277,56.0818786],[12.53324924,56.08190385],[12.53300634,56.08197465],[12.53291011,56.08198964],[12.53284612,56.08199678],[12.53280014,56.08193713],[12.5328603,56.08193388],[12.53295627,56.08191081],[12.53303251,56.08188831],[12.53311415,56.08188255],[12.53323464,56.08185329],[12.53327455,56.08186069]]],[[[15.19739964,55.31874082],[15.19731214,55.31878805],[15.19727599,55.31874172],[15.19721234,55.31873865],[15.19714262,55.31875526],[15.19715458,55.3186773],[15.19726036,55.31863788],[15.19736446,55.31863312],[15.19738848,55.31869979]]],[[[12.74139013,55.66682999],[12.74111827,55.66692192],[12.74102687,55.66695277],[12.74098242,55.66699378],[12.74095321,55.66696949],[12.74096336,55.66694248],[12.7411689,55.66686408],[12.74174417,55.66673052],[12.74180353,55.66673734],[12.74178829,55.66676443],[12.74164914,55.66677668]]],[[[12.53153433,56.08230193],[12.53155739,56.08232024],[12.53153475,56.08233635],[12.53147897,56.08234532],[12.53141994,56.08236446],[12.53134302,56.08238491],[12.53120731,56.08242701],[12.53111905,56.08245004],[12.53108075,56.08244619],[12.53105563,56.0824283],[12.53104813,56.08241134],[12.53111916,56.08238278],[12.53136828,56.08231837],[12.53147878,56.08229938],[12.53153433,56.08230193]]],[[[12.53515711,56.08144124],[12.53519367,56.08145953],[12.53519227,56.08147755],[12.53515215,56.08148886],[12.53484102,56.08157142],[12.53472235,56.08160638],[12.53468299,56.08160508],[12.53467054,56.08158853],[12.53467637,56.08156966],[12.53473751,56.08155775],[12.53480613,56.08154337],[12.53493847,56.08147853],[12.53501244,56.08145222],[12.53509024,56.08144154],[12.53515711,56.08144124]]],[[[15.12664222,55.14374237],[15.12655451,55.14373527],[15.12648514,55.14369717],[15.12652999,55.14365457],[15.12657751,55.14361292],[15.12667112,55.14362773],[15.12671203,55.14364638],[15.12673549,55.14368445],[15.12673907,55.1437292],[15.12664222,55.14374237]]],[[[15.15143693,55.0755243],[15.1514779,55.07557841],[15.15149572,55.07563298],[15.15152374,55.07569567],[15.15148404,55.07572118],[15.15141917,55.07569944],[15.15135046,55.07565988],[15.15133376,55.07561562],[15.15133075,55.07556345],[15.15139384,55.07551658]]],[[[15.13109985,55.14461177],[15.13116563,55.14462033],[15.13124804,55.14465021],[15.13122152,55.14469648],[15.13114517,55.14471726],[15.1310543,55.14473049],[15.13095181,55.14467642],[15.1310178,55.14461798],[15.13109985,55.14461177]]],[[[12.74307834,55.62459708],[12.74309297,55.62461057],[12.74309355,55.62462665],[12.74307983,55.62463768],[12.74293678,55.62467424],[12.74287668,55.62467895],[12.74276407,55.62469633],[12.74270884,55.62467374],[12.74269823,55.62465257],[12.74273627,55.62461985],[12.74279864,55.62460391],[12.74305471,55.62459267],[12.74307834,55.62459708]]],[[[15.15712065,55.08387259],[15.15719157,55.08391419],[15.15711216,55.08396315],[15.15697508,55.08398317],[15.15695536,55.08395607],[15.15695477,55.08392072],[15.15695078,55.08385816],[15.15704659,55.08384123]]],[[[12.53602836,56.08117727],[12.53608089,56.08121362],[12.53597461,56.08125569],[12.53581451,56.0812913],[12.53571042,56.08132054],[12.53564122,56.08130229],[12.53568899,56.08126388],[12.53587008,56.08121346],[12.53599563,56.08117812]]],[[[14.98864507,55.19784491],[14.98866477,55.19793082],[14.98860305,55.19796834],[14.9885351,55.1979174],[14.98839216,55.19786502],[14.98840176,55.19779081],[14.98847457,55.1977956],[14.98855547,55.19784779]]],[[[15.11224564,55.14636374],[15.11214392,55.14637192],[15.11203801,55.14636609],[15.11193421,55.14637194],[15.11196617,55.14633333],[15.11204981,55.14630363],[15.11213974,55.14627912],[15.11223869,55.1462754],[15.11228308,55.14631368],[15.11224564,55.14636374]]],[[[15.15731268,55.08327549],[15.15726532,55.0833104],[15.15715902,55.08336415],[15.15704655,55.08339822],[15.15703745,55.0833524],[15.1571102,55.08328469],[15.15723534,55.08324223],[15.15735903,55.08323406],[15.15736841,55.08326537],[15.15731268,55.08327549]]],[[[15.117348,55.14397573],[15.11745538,55.14398914],[15.11738228,55.1440383],[15.11729134,55.14407772],[15.11720624,55.14412244],[15.11709116,55.14411005],[15.1171381,55.1440687],[15.11722166,55.1440201],[15.11731483,55.14397885]]],[[[15.19167046,55.31860525],[15.19159968,55.31857976],[15.19164089,55.31854444],[15.19158796,55.3185049],[15.19164005,55.31848154],[15.19167846,55.31845356],[15.19175981,55.31846482],[15.19180819,55.31854295],[15.19177292,55.31859508],[15.19167046,55.31860525]]],[[[12.53694511,56.08093978],[12.53695036,56.08097595],[12.53683981,56.08101185],[12.53674705,56.08104877],[12.53658662,56.0810861],[12.53651952,56.08105574],[12.53658904,56.081023],[12.53674173,56.08098032],[12.53688945,56.0809412]]],[[[12.78157637,55.62850594],[12.78155011,55.62853697],[12.78150875,55.62856127],[12.78146312,55.62857436],[12.78141539,55.62857719],[12.78137084,55.62857011],[12.78133894,55.62855581],[12.78132008,55.62849038],[12.78131936,55.62846145],[12.78132943,55.62845547],[12.7814143,55.62845213],[12.78158719,55.62846982],[12.78157637,55.62850594]]],[[[14.76923571,55.29777355],[14.769135,55.29775806],[14.76913642,55.29769624],[14.76907333,55.29764873],[14.76912595,55.29759834],[14.76920159,55.2975619],[14.7692222,55.29762115],[14.76924696,55.29768389],[14.76926628,55.29775922]]],[[[12.54112426,56.07945361],[12.54113658,56.07949498],[12.54097765,56.07955547],[12.54083498,56.07962313],[12.54076384,56.07962589],[12.54075104,56.07959848],[12.54091705,56.07951009],[12.54107655,56.07945058]]],[[[12.54188672,56.0791002],[12.54191974,56.07912012],[12.54189739,56.07914638],[12.54157525,56.07928367],[12.54152613,56.07928275],[12.54150678,56.07926469],[12.54168283,56.07916828],[12.54183835,56.07910052],[12.54188672,56.0791002]]],[[[14.86680069,55.24036703],[14.86672177,55.24042899],[14.86665555,55.24048098],[14.8665784,55.24045896],[14.86657025,55.24039948],[14.8666285,55.2403459],[14.86669449,55.24030301],[14.86670116,55.24033114],[14.86675725,55.24033644]]],[[[12.74529414,55.62319955],[12.74529847,55.62322658],[12.7452844,55.62325237],[12.74525871,55.62326619],[12.74516685,55.62328114],[12.74509776,55.62328154],[12.74502774,55.62326057],[12.74502353,55.62323984],[12.7450408,55.62321098],[12.74509013,55.62317665],[12.74514449,55.62316015],[12.74519357,55.6231582],[12.74529414,55.62319955]]],[[[15.15005268,55.13373424],[15.150117,55.13376096],[15.15015471,55.13379957],[15.15017166,55.13384833],[15.15013944,55.13388904],[15.1500547,55.13389909],[15.14999066,55.13387415],[15.14997675,55.13382579],[15.15000222,55.13378001],[15.1500361,55.13373373]]],[[[12.79230066,55.60915581],[12.79242048,55.60918241],[12.79243963,55.60919647],[12.79242719,55.60923211],[12.792452,55.60927513],[12.79244777,55.60930377],[12.79242638,55.60932242],[12.79238654,55.60932932],[12.79233545,55.60931031],[12.79230394,55.60928511],[12.79225227,55.60923698],[12.79224413,55.60920046],[12.79225466,55.60917126],[12.79227497,55.60915625],[12.79230066,55.60915581]]],[[[12.53781225,56.08067861],[12.53784198,56.08070294],[12.53768901,56.08076891],[12.53747131,56.08083207],[12.53742277,56.08082708],[12.5374143,56.08080485],[12.53751963,56.08075588],[12.53770752,56.08070248],[12.53778547,56.08067758]]],[[[12.06775983,55.79342459],[12.06770813,55.79330299],[12.06790749,55.79327922],[12.06795693,55.79339863],[12.06775983,55.79342459]]],[[[12.53957903,56.08011999],[12.5396019,56.08015377],[12.53944094,56.08021144],[12.53924639,56.08027979],[12.53920027,56.08028534],[12.53915062,56.08026815],[12.53923087,56.0802333],[12.53932803,56.08018996],[12.53955576,56.08011698]]],[[[12.5386848,56.08041693],[12.53870735,56.08044361],[12.5385564,56.08050531],[12.5384552,56.08053438],[12.5383768,56.08056657],[12.53831172,56.08055306],[12.53831508,56.08051781],[12.53855774,56.08043927],[12.53867061,56.08041473]]],[[[15.11733796,55.14431786],[15.11742586,55.14433441],[15.11746183,55.14437924],[15.1174364,55.14442248],[15.11735384,55.14444582],[15.11727215,55.14442265],[15.11722433,55.14439381],[15.11722177,55.14434433],[15.1173182,55.14431813]]],[[[12.78163634,55.62830374],[12.78168022,55.62833844],[12.78168041,55.62836847],[12.7816564,55.62839142],[12.78157656,55.62841889],[12.78149155,55.62841423],[12.78142537,55.62839712],[12.78139425,55.6283711],[12.78140118,55.62834247],[12.78142784,55.6283305],[12.78159021,55.62830165],[12.78163634,55.62830374]]],[[[15.17388276,55.32983765],[15.17397682,55.32985944],[15.17403449,55.32990613],[15.1740628,55.32994782],[15.17402801,55.32998606],[15.17393091,55.32997315],[15.17386301,55.32993275],[15.17383187,55.32989615],[15.17382732,55.32985487]]],[[[15.11211596,55.14638638],[15.11219365,55.14640093],[15.11221647,55.14646767],[15.11214408,55.14649077],[15.11206888,55.14648123],[15.11199772,55.14647544],[15.11193365,55.14645337],[15.11194426,55.1464088],[15.11201951,55.14638899],[15.11209256,55.14638657]]],[[[11.87814815,55.98384502],[11.8783536,55.98386512],[11.8784737,55.98388452],[11.8786638,55.98392664],[11.87861263,55.98395013],[11.87839025,55.98391155],[11.87807247,55.9838796],[11.878035,55.9838544],[11.87814815,55.98384502]]],[[[15.12677533,55.14382084],[15.12663274,55.14385144],[15.12647759,55.14385972],[15.12640707,55.14383455],[15.12655499,55.14380692],[15.12669755,55.14377407],[15.12684773,55.14378153],[15.12699925,55.14377731],[15.12685561,55.1438103]]],[[[15.15033419,55.13299198],[15.15042088,55.13302316],[15.15046226,55.13306212],[15.15044967,55.13311192],[15.150385,55.13313897],[15.15030257,55.13312009],[15.15028161,55.13307082],[15.15022432,55.1330296],[15.15033419,55.13299198]]],[[[14.9620649,55.21432501],[14.96216011,55.21433619],[14.96219828,55.21437753],[14.96218652,55.21442195],[14.96216151,55.21447144],[14.96209856,55.21449271],[14.96204534,55.21445598],[14.96206725,55.21440466],[14.9620211,55.2143584]]],[[[12.76134598,55.67027337],[12.76142664,55.67037926],[12.76151019,55.67045897],[12.76160314,55.67047087],[12.76161849,55.67053622],[12.76155606,55.67055379],[12.7614232,55.67045607],[12.76131037,55.67026871]]],[[[14.75275662,55.27182855],[14.75284274,55.27185481],[14.75290807,55.27188458],[14.75287954,55.27191726],[14.75278493,55.27192479],[14.75264724,55.27190168],[14.7525963,55.27185593],[14.75263372,55.27183022],[14.75274345,55.27182359]]],[[[14.87026526,55.23918616],[14.87024973,55.23922922],[14.87024577,55.23926642],[14.87017748,55.23924567],[14.87018407,55.2391709],[14.87021885,55.23910882],[14.87029437,55.23907078],[14.87037869,55.23917862],[14.87029414,55.23917685]]],[[[15.19309711,55.31951434],[15.19316739,55.31954669],[15.19324525,55.31957605],[15.19319105,55.31960906],[15.19314418,55.31964963],[15.19306698,55.31963257],[15.19300109,55.31959703],[15.19298507,55.31956426],[15.19304097,55.31952287]]],[[[14.88057187,55.23376611],[14.88051625,55.23379905],[14.88041171,55.23376431],[14.88029533,55.2337784],[14.88027251,55.23372855],[14.88035293,55.23373231],[14.88032218,55.23369374],[14.88047094,55.23369942],[14.88057779,55.23374863]]],[[[15.07799698,55.15512139],[15.07809153,55.15513718],[15.0780227,55.15517457],[15.07784263,55.15520114],[15.07775266,55.15518142],[15.07774888,55.15513704],[15.07782813,55.15512984],[15.07789389,55.15511457],[15.07796326,55.15511785]]],[[[15.0053143,55.18758464],[15.00517455,55.18759181],[15.00506504,55.18760236],[15.00498663,55.18757598],[15.00513734,55.18756214],[15.00512544,55.18751357],[15.0051227,55.18747562],[15.00525536,55.18752254],[15.00535472,55.18755635]]],[[[15.18374153,55.3225078],[15.18371125,55.32254644],[15.18364923,55.32251438],[15.18356678,55.32251128],[15.18356724,55.32247073],[15.1836409,55.32241963],[15.18374679,55.32242019],[15.18380637,55.32245687],[15.18378315,55.32249218]]],[[[14.7842362,55.28898584],[14.78413113,55.28898354],[14.7840346,55.28896742],[14.78393066,55.2889783],[14.78391322,55.28891935],[14.78401886,55.28890821],[14.78410897,55.28890627],[14.78413854,55.28890568],[14.78421549,55.2889509]]],[[[12.52165921,56.08522083],[12.52168444,56.0852505],[12.52156664,56.08527598],[12.5214374,56.08530817],[12.52131839,56.0853327],[12.52123986,56.08533036],[12.52130375,56.08527989],[12.52159158,56.0852233]]],[[[14.85351984,55.24306625],[14.85358973,55.24309466],[14.85364899,55.24312251],[14.8536255,55.24316523],[14.8536471,55.24320912],[14.85356604,55.24319474],[14.85346852,55.24317774],[14.85345041,55.24312009],[14.85347275,55.24307175]]],[[[15.14517232,55.10958346],[15.14516916,55.1096272],[15.14517554,55.1096655],[15.14511604,55.10969021],[15.14501903,55.10966712],[15.14495471,55.10964517],[15.14496054,55.10959841],[15.14504891,55.1095807],[15.14514693,55.10956241]]],[[[12.74055152,55.62858273],[12.74062625,55.6286014],[12.74068175,55.62861832],[12.74069908,55.62863335],[12.74063285,55.6286922],[12.74060668,55.62870109],[12.74045295,55.62865408],[12.74042906,55.62864033],[12.74041988,55.62862236],[12.74042487,55.62860467],[12.74045022,55.62858888],[12.74049357,55.62858009],[12.74055152,55.62858273]]],[[[12.53067323,56.08253338],[12.53068261,56.08255497],[12.53062448,56.08259098],[12.53054833,56.08262508],[12.53043501,56.08266069],[12.53037488,56.08267482],[12.5303015,56.08268654],[12.53026024,56.08267315],[12.53025597,56.08265637],[12.5303188,56.08262958],[12.53042127,56.08260722],[12.53050534,56.08258764],[12.53059492,56.08254741],[12.53063324,56.0825321],[12.53067323,56.08253338]]],[[[14.76574408,55.29609264],[14.76561666,55.29609741],[14.76552091,55.29608124],[14.76551187,55.29603864],[14.76558954,55.29601507],[14.76568503,55.2960056],[14.76577165,55.29602517],[14.76576132,55.296055],[14.76575934,55.29609237]]],[[[14.87578947,55.23689902],[14.87574656,55.23687201],[14.87579605,55.23681894],[14.87582386,55.23678861],[14.8759439,55.2367747],[14.87604476,55.23678126],[14.87601393,55.23683695],[14.87590014,55.23684416],[14.87586558,55.23687995]]],[[[12.78280826,55.62837646],[12.78283741,55.62839363],[12.78284749,55.62841077],[12.78283867,55.6284578],[12.78281779,55.62847364],[12.78279012,55.62848007],[12.78271453,55.62846928],[12.78259446,55.62839277],[12.78260499,55.62838004],[12.78264357,55.62836635],[12.78275148,55.6283596],[12.78280826,55.62837646]]],[[[14.85319258,55.24316041],[14.85323301,55.24318241],[14.85329668,55.24320275],[14.8532853,55.24323463],[14.85322106,55.24324987],[14.85313716,55.24324941],[14.85300913,55.24319966],[14.85304477,55.24316671],[14.85312132,55.24316015],[14.85319258,55.24316041]]],[[[14.8083404,55.27249663],[14.80845325,55.27252428],[14.80839174,55.27256619],[14.80831522,55.27253465],[14.80823892,55.27249166],[14.80816958,55.27253071],[14.8081381,55.27247297],[14.80824674,55.27244708],[14.8083404,55.27249663]]],[[[15.12812851,55.05556404],[15.12808433,55.05557357],[15.12807147,55.05555008],[15.12809557,55.05553536],[15.12813774,55.05551783],[15.12820909,55.05539798],[15.12826409,55.05535568],[15.12830188,55.0553761],[15.12824242,55.05550183],[15.12812851,55.05556404]]],[[[14.81611571,55.26554019],[14.81614159,55.26558225],[14.81611147,55.2656306],[14.81606712,55.26567548],[14.81598085,55.26570967],[14.81593609,55.26567427],[14.81596506,55.26563417],[14.81603112,55.2655869],[14.8160819,55.26554289]]],[[[14.87209445,55.23874703],[14.87210729,55.23881897],[14.87211239,55.23889714],[14.87207021,55.23892402],[14.87202136,55.23892719],[14.87200832,55.2388955],[14.87199833,55.23886096],[14.87198735,55.23880801],[14.87204984,55.23874684]]],[[[14.85669461,55.24214703],[14.85678373,55.24216047],[14.85687415,55.24220203],[14.85688967,55.24223244],[14.85681861,55.2422517],[14.85678288,55.24229465],[14.85672886,55.24224783],[14.85667468,55.24217644],[14.85666356,55.24214267]]],[[[14.85396514,55.24322235],[14.85383556,55.24322624],[14.85370741,55.24315967],[14.85378434,55.24309583],[14.85377184,55.24317881],[14.85386776,55.24320102],[14.85385437,55.24312937],[14.85393354,55.24314375]]],[[[14.79785141,55.2813909],[14.79775382,55.28140303],[14.79777815,55.28135695],[14.79785325,55.28133986],[14.79792724,55.28132059],[14.79804219,55.28131502],[14.79805134,55.28135815],[14.79798846,55.2813833],[14.79789677,55.28138829]]],[[[15.14796858,55.12018028],[15.14801542,55.12020789],[15.14804345,55.12023889],[15.14808229,55.12026357],[15.14813793,55.12028921],[15.14815442,55.12032583],[15.14811825,55.12033171],[15.14808065,55.12032425],[15.1479128,55.12023218],[15.14789119,55.1202041],[15.14794103,55.12017582]]],[[[14.79643506,55.28414699],[14.79641701,55.2842069],[14.79635645,55.28423391],[14.79632393,55.28417983],[14.79633703,55.28413671],[14.79627416,55.28418787],[14.79621201,55.28414465],[14.79629826,55.28410453],[14.79643559,55.28413337]]],[[[12.80847751,55.61225149],[12.80852851,55.61230548],[12.80846228,55.6123499],[12.80834479,55.61234258],[12.80833294,55.61226966],[12.80837132,55.612228],[12.80847751,55.61225149]]],[[[14.85773297,55.24170812],[14.8576893,55.24174956],[14.85755865,55.24170346],[14.85745253,55.24166977],[14.85740016,55.24164267],[14.85746338,55.24160875],[14.85750272,55.24165114],[14.85757772,55.24167355],[14.85767094,55.24170201]]],[[[15.15337917,55.07706559],[15.15341132,55.07710313],[15.15344984,55.07713719],[15.15342838,55.07716601],[15.15335984,55.07719272],[15.15331314,55.07717078],[15.15329048,55.0771378],[15.15327611,55.07708324],[15.15334274,55.07706239]]],[[[15.18238912,55.32128579],[15.18238993,55.32132231],[15.18231614,55.32127149],[15.18235109,55.32122334],[15.18242414,55.32119964],[15.18247894,55.32122396],[15.18249518,55.32128239],[15.18246057,55.32130243],[15.18238912,55.32128579]]],[[[12.52075057,56.08553872],[12.52070159,56.08557114],[12.52036824,56.08564161],[12.52029008,56.08563449],[12.52033069,56.08561077],[12.52041435,56.08559183],[12.5204955,56.0855683],[12.52066473,56.08554611],[12.52075057,56.08553872]]],[[[14.76589514,55.29618316],[14.76584024,55.29618864],[14.7657865,55.29619334],[14.76569809,55.29620383],[14.76561571,55.29619171],[14.76562252,55.2961507],[14.76572423,55.29614273],[14.7658144,55.29613135],[14.76586738,55.296168]]],[[[15.12800118,55.05564098],[15.12800032,55.05567424],[15.12789317,55.05578771],[15.1278749,55.05581483],[15.1278162,55.0558187],[15.12780414,55.05579527],[15.12783424,55.05575323],[15.12792489,55.05566005],[15.12798268,55.05563903]]],[[[11.85762535,55.80340503],[11.85766121,55.80347179],[11.85767456,55.80350151],[11.85764383,55.80353728],[11.857572,55.80352637],[11.85754293,55.80349333],[11.85755044,55.8034456],[11.8575505,55.80338546],[11.85759771,55.80336315],[11.85762535,55.80340503]]],[[[15.15326529,55.07838914],[15.1533102,55.0784372],[15.15330347,55.07849229],[15.15324173,55.0785001],[15.15319173,55.07849237],[15.1531609,55.07847665],[15.15316751,55.07845335],[15.15318045,55.07842325],[15.15321858,55.07838449]]],[[[12.81417736,55.61778254],[12.81420092,55.61784835],[12.81419498,55.61789188],[12.81413028,55.61788841],[12.81408001,55.61785023],[12.81404928,55.61780056],[12.81408352,55.61775884],[12.81417736,55.61778254]]],[[[15.15350665,55.07838492],[15.1535326,55.07840566],[15.15352013,55.07843475],[15.15348972,55.07844719],[15.15341082,55.07847802],[15.15336613,55.0784793],[15.15334181,55.07844577],[15.15335677,55.07840125],[15.15341057,55.07839087],[15.15350665,55.07838492]]],[[[12.46655497,55.59977421],[12.46660553,55.59978572],[12.46663132,55.59979893],[12.46663563,55.59982264],[12.46662476,55.59985423],[12.46658323,55.59986944],[12.46654841,55.59987078],[12.46649078,55.59985299],[12.4664548,55.59982856],[12.4664756,55.59979623],[12.46653358,55.59977472],[12.46655497,55.59977421]]],[[[15.15066288,55.09592145],[15.15068425,55.09594198],[15.15066749,55.09599622],[15.15061021,55.0960392],[15.15056539,55.09604381],[15.1505612,55.0960126],[15.15055666,55.09595763],[15.15058042,55.09592842],[15.15064285,55.09592193]]],[[[15.19076623,55.32357739],[15.1906973,55.32361529],[15.19066487,55.32365431],[15.19061965,55.32362671],[15.19061963,55.32356296],[15.19067851,55.32352143],[15.19075744,55.32352426],[15.19068905,55.32354944],[15.19072874,55.32356084],[15.19077618,55.32356932]]],[[[11.85548033,55.80378911],[11.8555241,55.80380931],[11.855553,55.80383992],[11.85546795,55.80386194],[11.85541596,55.8038494],[11.85536307,55.80382681],[11.85531395,55.803823],[11.85531622,55.80379293],[11.85541056,55.80377572],[11.85548033,55.80378911]]],[[[15.153231,55.07744237],[15.15326653,55.07748046],[15.15326014,55.07753166],[15.15317768,55.07755979],[15.153124,55.07754955],[15.15314049,55.07751701],[15.15316584,55.07746458],[15.15321693,55.07744173]]],[[[14.77090639,55.29846998],[14.77084213,55.29847186],[14.77080869,55.29841124],[14.77083397,55.29835621],[14.77084372,55.29839499],[14.77092673,55.29842329],[14.77096717,55.29845396],[14.77095385,55.2984806],[14.77090551,55.2984585]]],[[[15.14957796,55.0976154],[15.14962444,55.09762358],[15.14965225,55.0976481],[15.14964603,55.09766993],[15.14962465,55.09769317],[15.14959619,55.09771433],[15.14955157,55.09772028],[15.14952354,55.0977045],[15.1495176,55.09767815],[15.1495459,55.09762134],[15.14957796,55.0976154]]],[[[15.00159669,55.18897457],[15.00157614,55.18900521],[15.00146743,55.18903156],[15.00137892,55.18904358],[15.00128993,55.18905662],[15.00125066,55.18904874],[15.00127101,55.18903342],[15.0013648,55.18901781],[15.00144244,55.18900254],[15.00153798,55.18897864],[15.00159669,55.18897457]]],[[[12.60666048,55.68955609],[12.60528307,55.689378],[12.60526691,55.68937532],[12.60521461,55.68934674],[12.60524147,55.68933588],[12.6052755,55.68937013],[12.60647424,55.68953018],[12.6073308,55.6894612],[12.6078946,55.68922611],[12.60666154,55.68955893]]],[[[12.59198201,55.7491145],[12.5920085,55.74912515],[12.59203488,55.74914155],[12.59203763,55.74915064],[12.59203172,55.74915927],[12.5920195,55.74916853],[12.5920071,55.74917581],[12.59199271,55.74917704],[12.5919795,55.74917734],[12.59195957,55.74917379],[12.591918,55.74916385],[12.59184298,55.74914384],[12.59187801,55.74911386],[12.59190467,55.74908997],[12.59198201,55.7491145]]],[[[14.78422603,55.28926206],[14.78428604,55.2892971],[14.7842404,55.28932808],[14.78417288,55.2893032],[14.78415587,55.28926449],[14.78409649,55.28926506],[14.78405923,55.2892346],[14.78413552,55.28923314],[14.78422603,55.28926206]]],[[[12.81420399,55.61807451],[12.81412702,55.61806891],[12.81409322,55.61803507],[12.81411991,55.61800726],[12.81420451,55.61800139],[12.8142503,55.61803269],[12.81420399,55.61807451]]],[[[12.58701386,55.67414906],[12.58705713,55.67416811],[12.58708162,55.67419401],[12.58706911,55.67423979],[12.58702442,55.67426609],[12.58697799,55.6741501],[12.58701386,55.67414906]]],[[[12.60506201,55.68928855],[12.60437147,55.688998],[12.60383632,55.68899637],[12.60383095,55.68898475],[12.6038311,55.68897081],[12.60384001,55.68896389],[12.60385922,55.68896854],[12.60436934,55.68899222],[12.60438368,55.68899063],[12.60506201,55.68928855]]],[[[12.68078376,55.5934536],[12.68082146,55.59346101],[12.68084217,55.59348035],[12.68083633,55.59350274],[12.68080678,55.59351792],[12.68076685,55.59351885],[12.68073493,55.59350525],[12.68072791,55.59347273],[12.68077077,55.5934539]]],[[[12.60417293,55.56121448],[12.60421328,55.56122714],[12.60424544,55.56123357],[12.60425345,55.56125167],[12.60422509,55.56125898],[12.60420146,55.56127128],[12.6041247,55.56128721],[12.60410026,55.56128541],[12.60412967,55.56125658],[12.60415461,55.56121538]]],[[[15.14905807,55.10572588],[15.14907501,55.10575122],[15.14907198,55.10578145],[15.14912063,55.10580672],[15.14910716,55.10582019],[15.14905379,55.10580615],[15.14903302,55.10577631],[15.14899546,55.10575066],[15.14902144,55.10572359]]],[[[15.14988733,55.09800995],[15.14990331,55.09801887],[15.14990774,55.09803539],[15.14990612,55.0980524],[15.14988779,55.09806189],[15.14983449,55.0980563],[15.14981235,55.09804815],[15.1498063,55.09803945],[15.14980524,55.09803059],[15.14980933,55.0980194],[15.14981645,55.09801265],[15.1498383,55.09800767],[15.14986068,55.09800617],[15.14988733,55.09800995]]],[[[11.87747338,55.80854039],[11.87749414,55.80855132],[11.8775015,55.8085667],[11.87747833,55.80859025],[11.87745122,55.80859493],[11.87742378,55.80859081],[11.87739925,55.80856774],[11.87740545,55.80855223],[11.87742552,55.80854088],[11.87747338,55.80854039]]],[[[15.1489263,55.10511243],[15.14893063,55.10512014],[15.14893067,55.10512752],[15.14891842,55.1051357],[15.14889749,55.10514153],[15.14887723,55.10514049],[15.14885938,55.10513473],[15.14884799,55.10512297],[15.14884627,55.10511486],[15.14884709,55.10510699],[15.14885501,55.10510028],[15.14886655,55.10509565],[15.14888676,55.10509435],[15.1489263,55.10511243]]],[[[12.0652434,55.81742805],[12.0652798,55.81744017],[12.06533874,55.81745264],[12.06533982,55.81746627],[12.06531573,55.81747263],[12.06529262,55.81746709],[12.06527508,55.81745926],[12.06521184,55.81744492],[12.06521569,55.81742892],[12.0652434,55.81742805]]],[[[12.60206167,55.68899681],[12.60233161,55.68899823],[12.60276079,55.68899515],[12.60308228,55.68899281],[12.60279855,55.68899728],[12.60254564,55.68899932],[12.60228285,55.6890011],[12.60219529,55.68900107],[12.60204536,55.68899945],[12.60199498,55.68899517]]],[[[15.14627018,55.10289055],[15.14628235,55.1029074],[15.14629292,55.10292397],[15.14627207,55.10293547],[15.14625311,55.10292554],[15.14623239,55.1029093],[15.14622532,55.10289498],[15.14624508,55.10288768],[15.14627018,55.10289055]]],[[[12.60168942,55.6870467],[12.60170114,55.68705292],[12.60170575,55.6870616],[12.60170211,55.68707043],[12.6016911,55.68707705],[12.6016759,55.68707965],[12.60166027,55.68707759],[12.60164856,55.68707137],[12.60164394,55.68706269],[12.60164758,55.68705387],[12.60165843,55.68704725],[12.60167379,55.68704464],[12.60168942,55.6870467]]]]}},{"type":"Feature","properties":{"region":"Sjaelland","name":"Region Sj\u00e6lland"},"geometry":{"type":"MultiPolygon","coordinates":[[[[11.27753095,56.01062469],[11.30054799,55.97178044],[11.51839901,55.93079022],[11.52576889,55.87507098],[11.49626834,55.84868936],[11.35758172,55.84377054],[11.38005699,55.77739132],[11.30327467,55.74294918],[11.28552683,55.75506687],[11.26546778,55.730293],[11.22338236,55.74750105],[11.19661102,55.73220797],[11.17815366,55.75429584],[11.04481198,55.73170388],[10.86837095,55.74326759],[10.98565253,55.72678367],[11.10291167,55.66924901],[10.93185113,55.66832608],[11.08869675,55.63190473],[11.14685949,55.59088671],[11.14150079,55.53632642],[11.15669439,55.53817685],[11.09189071,55.53469216],[11.08067789,55.51540845],[11.11198603,55.51196884],[11.12235324,55.53261455],[11.17258479,55.49839218],[11.21449496,55.39552501],[11.09292,55.34736623],[11.20575525,55.34439223],[11.18420122,55.32558442],[11.12548617,55.33252731],[11.2345748,55.28656677],[11.23868791,55.24987741],[11.26622468,55.23889355],[11.30144946,55.27924545],[11.27936739,55.2349374],[11.23610205,55.24603337],[11.24530665,55.20441144],[11.46939911,55.19180517],[11.41747928,55.20304916],[11.43230226,55.21941291],[11.63698229,55.17527556],[11.71415279,55.20854638],[11.74555451,55.19719149],[11.71684895,55.15605409],[11.81813571,55.13470259],[11.72323662,55.12802435],[11.72155996,55.11129954],[11.83224762,55.04463144],[11.61835273,55.08114452],[12.05198034,54.96256731],[12.16918151,54.9933449],[12.09920323,55.08990178],[12.15246165,55.07582566],[12.18351079,55.11173334],[12.13416499,55.13076458],[12.03517398,55.12298526],[12.02192726,55.16106048],[12.09284869,55.17672296],[12.07767542,55.13823774],[12.09925565,55.13504083],[12.10998025,55.17825952],[12.1602956,55.2141494],[12.35068604,55.23590431],[12.45307955,55.28548081],[12.44677448,55.3441579],[12.41534238,55.37043793],[12.18631079,55.45290694],[12.20852955,55.45813424],[12.20406656,55.50705541],[12.24542201,55.54708685],[12.35943224,55.59289329],[12.27779652,55.6217703],[12.16020032,55.61373245],[12.1514493,55.66666023],[12.25081465,55.7085614],[12.20909832,55.7301759],[12.22456501,55.74415603],[12.08757795,55.78055977],[12.12008215,55.7287766],[12.06952885,55.67801147],[12.09063121,55.66969498],[12.08017382,55.64996546],[12.05782851,55.67352503],[12.0072483,55.6680449],[11.99978341,55.68962287],[12.05279681,55.68183573],[11.99122607,55.70696612],[11.99763631,55.67911528],[11.92990959,55.64935439],[11.98114451,55.7206362],[11.93395607,55.74535364],[11.858744,55.7316424],[11.83678473,55.68342116],[11.76966675,55.65907194],[11.81178501,55.68630548],[11.77197022,55.73097193],[11.65248139,55.72156446],[11.76968407,55.74427052],[11.7439799,55.78804502],[11.6095185,55.78038222],[11.66380842,55.81822348],[11.71401118,55.80657833],[11.73744537,55.82417269],[11.66860114,55.88080118],[11.66909632,55.91242047],[11.75093232,55.90458897],[11.7546831,55.94043658],[11.7913558,55.94837711],[11.77943357,55.97382986],[11.63468024,55.93882059],[11.59142837,55.96182912],[11.37879489,55.96836374],[11.27753095,56.01062469]],[[11.94214649,55.37541188],[11.94214653,55.37541191],[11.94214819,55.37541175],[11.94214649,55.37541188]],[[11.96243828,55.40180962],[11.96243892,55.40180851],[11.96243886,55.4018085],[11.96243828,55.40180962]],[[12.12890201,55.55162049],[12.12890232,55.55162048],[12.12890207,55.55162046],[12.12889274,55.55161956],[12.12890201,55.55162049]],[[11.93594511,55.43249099],[11.93596602,55.43247366],[11.93596596,55.43247368],[11.93594511,55.43249099]],[[11.9648786,55.3972258],[11.96493591,55.39717035],[11.96493587,55.39717037],[11.9648786,55.3972258]],[[11.93504895,55.43745543],[11.9350985,55.43740577],[11.9350985,55.43740574],[11.93504895,55.43745543]],[[11.95423861,55.4096073],[11.95423877,55.40959379],[11.95424019,55.40958191],[11.95423871,55.40959381],[11.95423861,55.4096073]],[[11.9337738,55.43848036],[11.93377386,55.43848034],[11.93384093,55.43841775],[11.9337738,55.43848036]],[[12.18411178,55.55951101],[12.18418521,55.5595116],[12.18411171,55.55951099],[12.18403171,55.55951037],[12.18411178,55.55951101]],[[11.94365089,55.42991823],[11.9438499,55.42989306],[11.94384995,55.42989303],[11.94365089,55.42991823]],[[11.93260742,55.37012695],[11.932631,55.37014476],[11.93260748,55.37012698],[11.93243005,55.36999987],[11.93260742,55.37012695]],[[11.93381017,55.4487935],[11.9338102,55.44879354],[11.93392185,55.44877222],[11.93381017,55.4487935]],[[11.91246323,55.53150329],[11.91252835,55.5314407],[11.91256622,55.5314042],[11.91252829,55.53144071],[11.91246323,55.53150329]],[[11.93719018,55.43222466],[11.9374769,55.43219272],[11.93747697,55.43219269],[11.93719018,55.43222466]],[[12.18552843,55.56426083],[12.18561938,55.56425936],[12.18552836,55.56426078],[12.18544603,55.56426207],[12.18552843,55.56426083]],[[11.88326904,55.5447704],[11.88327266,55.54477698],[11.8832691,55.54477044],[11.88314974,55.54455071],[11.88326904,55.5447704]],[[11.94328487,55.42992697],[11.94336413,55.42992827],[11.94328491,55.42992695],[11.94300141,55.42990285],[11.94328487,55.42992697]],[[11.96528034,55.39701461],[11.96540025,55.39696765],[11.96553676,55.39691996],[11.96540026,55.39696761],[11.96528034,55.39701461]],[[12.06501206,55.37550789],[12.06501232,55.37550786],[12.06523353,55.37544684],[12.06501225,55.37550784],[12.06501206,55.37550789]],[[12.15356156,55.56305759],[12.15363876,55.56325403],[12.15356161,55.5630576],[12.15356083,55.56305573],[12.15356156,55.56305759]],[[12.18047385,55.55415651],[12.18089444,55.55412869],[12.18092962,55.55412633],[12.18089449,55.55412866],[12.18047385,55.55415651]],[[11.9483959,55.37739391],[11.9485601,55.37764253],[11.9483959,55.37739386],[11.94836098,55.37734104],[11.9483959,55.37739391]],[[12.06604502,55.38506818],[12.06606875,55.38508393],[12.0660451,55.38506816],[12.06604898,55.38494288],[12.06604502,55.38506818]],[[11.9427311,55.42990012],[11.94299171,55.42990275],[11.94273116,55.4299001],[11.94252164,55.42992862],[11.9427311,55.42990012]],[[11.93625343,55.45197916],[11.93630553,55.45202165],[11.93625349,55.45197914],[11.93603961,55.45190199],[11.93625343,55.45197916]],[[11.87525143,55.54481095],[11.87548825,55.54483838],[11.87560546,55.5448519],[11.87548822,55.54483834],[11.87525143,55.54481095]],[[11.93663589,55.45220434],[11.93674111,55.45231302],[11.93663592,55.45220432],[11.93645875,55.45210916],[11.93663589,55.45220434]],[[12.15062648,55.56493565],[12.15067834,55.56492146],[12.15106922,55.56481421],[12.15067828,55.56492144],[12.15062648,55.56493565]],[[12.13733164,55.55242367],[12.13727073,55.55233875],[12.13733158,55.55242368],[12.13744327,55.55257932],[12.13733164,55.55242367]],[[11.93765874,55.43194747],[11.9375722,55.4321574],[11.93765878,55.43194745],[11.93771729,55.43178209],[11.93765874,55.43194747]],[[11.93771729,55.43178209],[11.93773011,55.4317459],[11.93773008,55.43174591],[11.93771729,55.43178209]],[[11.93470235,55.44388898],[11.93475683,55.44352332],[11.9347568,55.44352287],[11.93475679,55.44352334],[11.93470235,55.44388898]],[[12.14839744,55.56431509],[12.14845379,55.5643987],[12.14839747,55.56431507],[12.14821793,55.56404847],[12.14839744,55.56431509]],[[12.14397762,55.55921147],[12.14410306,55.55934994],[12.14397763,55.55921143],[12.14378537,55.55899911],[12.14397762,55.55921147]],[[12.0610999,55.38025971],[12.0611075,55.38030708],[12.06109995,55.38025967],[12.0610723,55.37994378],[12.0610999,55.38025971]],[[11.89107608,55.54404945],[11.89172764,55.54395334],[11.89198644,55.54391513],[11.89172767,55.54395331],[11.89107608,55.54404945]],[[11.9095818,55.53694762],[11.90964893,55.53686925],[11.90976668,55.53673151],[11.90964887,55.53686922],[11.9095818,55.53694762]],[[11.90111099,55.54355793],[11.90103138,55.54363672],[11.90111104,55.54355797],[11.90114649,55.54352279],[11.90111099,55.54355793]],[[11.90114649,55.54352279],[11.90157327,55.54341684],[11.90158479,55.54341396],[11.90157332,55.54341681],[11.90114649,55.54352279]],[[12.12594472,55.55259686],[12.12636993,55.55247525],[12.12594464,55.55259687],[12.12529154,55.55278364],[12.12594472,55.55259686]],[[11.93378966,55.44706592],[11.93381933,55.44729816],[11.93381939,55.44729816],[11.93378966,55.44706592]],[[11.93381939,55.44729816],[11.93404037,55.44731748],[11.93404039,55.44731745],[11.93381939,55.44729816]],[[11.87100488,55.54592391],[11.87155756,55.54577089],[11.87194063,55.54566478],[11.87155759,55.54577085],[11.87100488,55.54592391]],[[12.13955501,55.55478548],[12.13981044,55.5550508],[12.13955505,55.55478549],[12.13929991,55.55452042],[12.13955501,55.55478548]],[[12.14875913,55.56489935],[12.14886194,55.56507175],[12.1487592,55.5648993],[12.14867096,55.5647512],[12.14875913,55.56489935]],[[11.96529819,55.39644228],[11.96546957,55.39648942],[11.96529822,55.39644223],[11.9649412,55.39630227],[11.96529819,55.39644228]],[[11.88744727,55.5456591],[11.88828572,55.54567637],[11.88744723,55.54565909],[11.88613958,55.54563213],[11.88744727,55.5456591]],[[11.94960818,55.37916523],[11.94992652,55.37961654],[11.94960822,55.37916519],[11.94958552,55.379162],[11.94960818,55.37916523]],[[11.93559509,55.45143884],[11.93578332,55.45171079],[11.93559514,55.45143882],[11.93522413,55.45131919],[11.93559509,55.45143884]],[[11.86824083,55.54926056],[11.86841493,55.54898841],[11.86853719,55.54879703],[11.86841485,55.54898838],[11.86824083,55.54926056]],[[12.13874159,55.55397139],[12.13878773,55.55401894],[12.13874166,55.55397137],[12.13832172,55.55353776],[12.13874159,55.55397139]],[[12.13211093,55.55095209],[12.13267816,55.55086979],[12.13333569,55.5507743],[12.13267815,55.55086975],[12.13211093,55.55095209]],[[11.88995908,55.54574252],[11.8900863,55.54574545],[11.88995901,55.54574247],[11.88870019,55.54571307],[11.88995908,55.54574252]],[[11.90986193,55.53659404],[11.91021043,55.53610157],[11.91043962,55.53577743],[11.91021035,55.53610153],[11.90986193,55.53659404]],[[12.05015846,55.39188948],[12.0508931,55.39146436],[12.05189325,55.39088486],[12.05089307,55.39146433],[12.05015846,55.39188948]],[[11.9337727,55.44667025],[11.93376895,55.44668149],[11.93376324,55.44669835],[11.93376901,55.44668147],[11.93377276,55.44667026],[11.9338284,55.44650378],[11.93458498,55.44424019],[11.93382834,55.44650377],[11.9337727,55.44667025]]],[[[11.18497188,54.96075649],[11.106587,54.94719632],[11.12001764,54.93166931],[11.07224198,54.93928263],[11.01594357,54.8895204],[11.08705994,54.82953631],[11.13936619,54.82840203],[11.06943877,54.82201524],[11.06936389,54.79933182],[10.98518028,54.82134689],[11.01349234,54.80775371],[10.97731811,54.79263222],[10.9575578,54.8228754],[10.98653589,54.8274954],[10.96297449,54.8369705],[10.96284423,54.80425839],[11.00737205,54.76182251],[11.25106936,54.70809485],[11.37497441,54.63318955],[11.50393819,54.594497],[11.53243585,54.59710487],[11.46045308,54.61089297],[11.56161279,54.65950629],[11.72665369,54.6658327],[11.80849808,54.64235112],[11.86053013,54.68661092],[11.80679649,54.71299477],[11.81271864,54.73694657],[11.86493174,54.73630977],[11.8623146,54.7608854],[11.78194692,54.8068446],[11.79400486,54.83373056],[11.74960072,54.83929727],[11.74303558,54.87483102],[11.63716538,54.90393706],[11.65114027,54.85834443],[11.56387619,54.85183376],[11.63720419,54.80146712],[11.46751643,54.83980462],[11.46504705,54.8623722],[11.38056462,54.88442542],[11.36128107,54.91652555],[11.28480792,54.9521657],[11.18497188,54.96075649]]],[[[11.8255191,54.96795888],[11.81407632,54.93801414],[11.75397546,54.96169634],[11.70479719,54.93227437],[11.74742371,54.9279636],[11.75514059,54.85551615],[11.80707165,54.84306042],[11.79448367,54.80992433],[11.86563343,54.77205198],[11.88429632,54.74738747],[11.86975212,54.72698971],[11.91088206,54.71779423],[11.86627218,54.65708772],[11.91802825,54.57457588],[11.96998978,54.55907837],[11.97426356,54.69617929],[12.1655305,54.83471939],[12.12071645,54.88684296],[12.00067318,54.89607213],[11.96616292,54.93900075],[11.90356985,54.91739694],[11.8255191,54.96795888]]],[[[12.26412587,55.05999684],[12.23233214,55.04250799],[12.28546796,55.02035688],[12.27868609,54.98463025],[12.35442924,54.9861242],[12.2737785,54.96119664],[12.27715773,54.98369077],[12.20650154,54.96667072],[12.16763859,54.98688777],[12.18240959,54.96804593],[12.12107111,54.9581712],[12.14697029,54.94297363],[12.09912295,54.90556609],[12.19474657,54.87984705],[12.34062788,54.96088658],[12.50883513,54.94345441],[12.55247917,54.95823228],[12.52161858,55.00784822],[12.31231946,55.02820753],[12.26412587,55.05999684]]],[[[11.41835642,54.9653358],[11.40429112,54.94762973],[11.34959577,54.9658546],[11.4013591,54.92104668],[11.46993269,54.94377504],[11.41835642,54.9653358]]],[[[11.82815215,55.80912219],[11.81616881,55.782559],[11.77512791,55.78271641],[11.79232595,55.75838229],[11.83684399,55.75691725],[11.84810728,55.78155655],[11.82815215,55.80912219]]],[[[11.99488165,54.9557513],[12.00326964,54.92176803],[12.09874027,54.9057519],[12.06916048,54.93830277],[12.00868763,54.93421709],[11.99488165,54.9557513]]],[[[11.08034863,55.91965116],[11.10347768,55.89940037],[11.13662547,55.88026615],[11.16867494,55.86906962],[11.19202175,55.86487313],[11.21393681,55.85930737],[11.1716749,55.88216868],[11.11877428,55.90618009],[11.08111682,55.91966838]]],[[[11.51887978,54.99164317],[11.49818182,54.97913748],[11.53839283,54.94678538],[11.56770841,54.97261105],[11.51887978,54.99164317]]],[[[11.17447197,55.25080434],[11.17441826,55.19872232],[11.21609217,55.18587028],[11.17447197,55.25080434]]],[[[11.70735576,55.20291665],[11.68967996,55.17228745],[11.73264009,55.19542926],[11.70735576,55.20291665]]],[[[12.23380254,55.06088166],[12.18025879,55.04678372],[12.21899122,55.03356913],[12.23380254,55.06088166]]],[[[11.17728746,55.17018327],[11.13313571,55.1597537],[11.15085351,55.14003105],[11.17728746,55.17018327]]],[[[11.50538306,54.91246961],[11.47281377,54.91308643],[11.49083362,54.90061917],[11.47836127,54.88681236],[11.51946251,54.88628157],[11.48490221,54.90747017],[11.50538306,54.91246961]]],[[[11.67963085,55.1794132],[11.63758745,55.17475932],[11.71266827,55.14109311],[11.67963085,55.1794132]]],[[[11.28504909,55.79578086],[11.2794983,55.78833197],[11.29198247,55.77404773],[11.30669636,55.76497363],[11.30293077,55.77351173],[11.29572249,55.78072244],[11.29015351,55.78522423],[11.29415861,55.79177019],[11.28504909,55.79578086]]],[[[11.87220234,54.99543767],[11.87170217,54.99534475],[11.87879718,54.98803351],[11.88532009,54.98156826],[11.89140856,54.97695159],[11.89800551,54.97827348],[11.89475077,54.98546089],[11.89081578,54.99398676],[11.87201939,54.9953306]]],[[[12.10414644,54.96102069],[12.09334542,54.96090075],[12.08258291,54.9562576],[12.06218992,54.9535153],[12.07624154,54.94730507],[12.08053855,54.9503127],[12.0984425,54.94979074],[12.09812752,54.95557475],[12.10418819,54.96031042]]],[[[11.37220526,55.0398698],[11.35929265,55.03732206],[11.34574485,55.03105148],[11.34449774,55.02332111],[11.3535922,55.02783045],[11.36488396,55.03141822],[11.37289564,55.03398723],[11.37602362,55.03568021],[11.37417312,55.03889089]]],[[[10.98771151,55.33961458],[10.95995162,55.33216796],[10.95707463,55.32808222],[10.96736269,55.329395],[10.9763399,55.33147115],[10.98062661,55.33267889],[10.97164999,55.33200576],[10.98311954,55.33568765],[10.98196044,55.33773699]]],[[[11.71944656,55.14729635],[11.71645387,55.14252351],[11.71390342,55.13795039],[11.7137156,55.13088669],[11.71949928,55.12664092],[11.72816022,55.13667656],[11.72251216,55.14105688],[11.72102883,55.14379853],[11.71978832,55.14729016]]],[[[12.13080562,54.98893425],[12.12583131,54.98634215],[12.1155501,54.9878923],[12.11477061,54.98000975],[12.10611494,54.96950147],[12.11302549,54.97224525],[12.12081785,54.97948219],[12.12821066,54.98522286],[12.13082575,54.9889278]]],[[[11.02237848,54.84664782],[11.01616443,54.85153353],[11.01587141,54.83457318],[11.02057518,54.82912431],[11.02050585,54.83549708],[11.02224308,54.83865747],[11.02324231,54.83965077],[11.02107143,54.8421924],[11.02165806,54.84663843]]],[[[12.24719336,55.08732832],[12.24881151,55.08654191],[12.25102545,55.08468281],[12.25807203,55.08316856],[12.26882151,55.06806169],[12.26651799,55.0778228],[12.26106768,55.08298842],[12.25303728,55.08618004],[12.24719336,55.08732832]]],[[[11.3181706,54.96626938],[11.31452901,54.97019738],[11.30237119,54.97070826],[11.30387338,54.96623503],[11.30310585,54.96357213],[11.30897144,54.96194666],[11.31233222,54.96262301],[11.31464901,54.964752],[11.31787765,54.96615011]]],[[[11.48562117,55.19999353],[11.47621044,55.19726557],[11.47134143,55.19377459],[11.47575173,55.19239661],[11.48560539,55.19605601],[11.49102626,55.19842356],[11.4888128,55.19902906],[11.48701774,55.19831312],[11.48582925,55.19998102]]],[[[12.11951777,55.13174778],[12.11153604,55.13142838],[12.103538,55.13128905],[12.09645913,55.12932696],[12.10204184,55.1284833],[12.10870131,55.12654982],[12.11011021,55.12892886],[12.11872868,55.13012762],[12.1197224,55.13173175]]],[[[11.05290308,54.8585519],[11.0515358,54.85617335],[11.05168802,54.84819809],[11.05991871,54.85254014],[11.05534442,54.85408425],[11.05378212,54.85572783],[11.05408983,54.85684952],[11.0532269,54.85767893],[11.05292251,54.85851741]]],[[[11.68747201,55.19091477],[11.68332853,55.19251002],[11.67860785,55.19147262],[11.67662803,55.18934972],[11.6789102,55.18821562],[11.68250238,55.18807827],[11.68709483,55.1893438],[11.69057374,55.19095071],[11.68788356,55.19091739]]],[[[11.07941945,55.48210747],[11.07739184,55.47933671],[11.0737441,55.47548752],[11.07598184,55.47483571],[11.08658988,55.47484343],[11.08569292,55.47718468],[11.07990762,55.47699669],[11.0785276,55.47925784],[11.07980911,55.48209563]]],[[[11.81502404,55.74637627],[11.81363543,55.74466965],[11.81056335,55.74438709],[11.81350326,55.74327674],[11.81316952,55.74229116],[11.8119997,55.73970009],[11.81494143,55.73675107],[11.81658283,55.73866348],[11.81464913,55.746123]]],[[[11.8311527,54.57695009],[11.82684668,54.58065705],[11.83938973,54.57185948],[11.86151479,54.56393623],[11.88404697,54.56327249],[11.87271265,54.56353836],[11.84498995,54.56975835],[11.835822,54.57411732],[11.83131639,54.57691155]]],[[[11.85677838,54.72622626],[11.85826028,54.72348677],[11.87046685,54.72061167],[11.86709188,54.72192474],[11.86552256,54.72390967],[11.86368439,54.72548342],[11.8621694,54.725124],[11.86020869,54.725572],[11.85704588,54.72621321]]],[[[11.29345857,54.97672815],[11.28985833,54.97387264],[11.29565528,54.96912773],[11.29429023,54.96997068],[11.29613935,54.97045578],[11.29726313,54.97129569],[11.29407278,54.97346258],[11.2913399,54.97634427],[11.29363378,54.97644349]]],[[[12.06546872,55.13575987],[12.0589141,55.13361184],[12.06167554,55.13288064],[12.06440226,55.13308564],[12.06698778,55.13284882],[12.06969801,55.13228901],[12.07004462,55.13292409],[12.0687739,55.1340039]]],[[[11.06208076,54.83968244],[11.05895975,54.84212954],[11.05790393,54.84256721],[11.05616879,54.83734772],[11.05784038,54.83712677],[11.05736659,54.83690217],[11.05742633,54.83806105],[11.0596505,54.83912129],[11.06207182,54.83922022]]],[[[11.51106014,54.62554882],[11.50781837,54.62516565],[11.50590554,54.62432417],[11.50283881,54.62347652],[11.50566441,54.62263531],[11.50943317,54.62241455],[11.51107288,54.62203974],[11.51278745,54.62304256]]],[[[11.6383387,54.90996404],[11.6321412,54.90299497],[11.63234806,54.90331511],[11.63203636,54.90556427],[11.63568816,54.90751299],[11.63866086,54.90899783],[11.64466307,54.90873917],[11.64803129,54.90584351],[11.63854617,54.90995602]]],[[[11.46179748,55.20506689],[11.45779927,55.20492363],[11.45493442,55.20475078],[11.4539551,55.20427673],[11.45377779,55.20259558],[11.45581939,55.2019595],[11.45735435,55.20217217],[11.46184233,55.20412816],[11.46189046,55.205058]]],[[[11.75100025,55.09210068],[11.74984467,55.09158434],[11.75018043,55.09083141],[11.75025285,55.08980906],[11.74991877,55.0890024],[11.75237127,55.08914456],[11.75520903,55.0893479],[11.75651112,55.09095413],[11.75106092,55.09210299]]],[[[12.09458226,55.75630371],[12.09211036,55.75609781],[12.0921083,55.75539933],[12.09300574,55.7540336],[12.09491017,55.75365631],[12.09236271,55.75304165],[12.09584872,55.75226192],[12.09778846,55.75423236],[12.09487012,55.75609166]]],[[[11.90112525,54.56372659],[11.89074145,54.56253712],[11.8840013,54.5623959],[11.88319457,54.56168077],[11.87942358,54.5616311],[11.88659138,54.56170051],[11.89000996,54.56189001],[11.89586834,54.56214876],[11.90124803,54.56280892]]],[[[11.65653963,54.64899622],[11.65818485,54.651938],[11.65913225,54.65392091],[11.65931674,54.65556259],[11.65846271,54.65578848],[11.65701564,54.65433149],[11.65525846,54.65126143],[11.65509748,54.64987014],[11.65653963,54.64899622]]],[[[11.69940595,55.15566899],[11.69723253,55.15562759],[11.69690401,55.15435896],[11.70123997,55.15307797],[11.70301591,55.15389422],[11.70398402,55.15449895],[11.70211845,55.1552641],[11.70038835,55.15537753],[11.69958198,55.15561843]]],[[[11.45136448,54.88361613],[11.44482705,54.88189154],[11.44382289,54.88172082],[11.44364602,54.88141335],[11.44773146,54.8810558],[11.44969761,54.8813395],[11.450431,54.88140309],[11.4522777,54.88226079],[11.45256082,54.88357399]]],[[[11.09463194,54.82843058],[11.09092819,54.82790057],[11.08794841,54.82726586],[11.08484649,54.8253379],[11.08540348,54.82516159],[11.08753753,54.82569388],[11.0910533,54.82600171],[11.09315481,54.82731405]]],[[[11.59180366,54.64839493],[11.59206857,54.64807057],[11.59607504,54.64658012],[11.59985671,54.64461052],[11.60156362,54.6440268],[11.60088465,54.64577116],[11.59716357,54.64725772],[11.59430859,54.6475872],[11.59180366,54.64839493]]],[[[12.23637053,55.03190541],[12.23399697,55.03229782],[12.23368426,55.03169644],[12.23312537,55.03083132],[12.23354971,55.03039412],[12.23404309,55.02941147],[12.23464975,55.02900718],[12.23594621,55.02917553],[12.23715308,55.03135868]]],[[[11.83997629,55.74627868],[11.84145568,55.74824809],[11.84095735,55.74690735],[11.83699559,55.74569441],[11.83482001,55.74601632],[11.83286162,55.74586788],[11.83312585,55.74398014],[11.83618434,55.74476037],[11.83958873,55.7461759]]],[[[11.83254714,54.71766067],[11.83160669,54.71760138],[11.83194804,54.71720502],[11.83137322,54.71657401],[11.83104358,54.71564608],[11.83330929,54.714455],[11.83501509,54.7145477],[11.83386419,54.71683871],[11.83295629,54.71767295]]],[[[12.22221441,55.00808712],[12.22144699,55.00665501],[12.22175645,55.00545628],[12.22568292,55.00452935],[12.22570709,55.00483405],[12.22457879,55.00688397],[12.22420567,55.00718582],[12.22410677,55.00743282],[12.22235886,55.00806828]]],[[[11.05584021,54.93219145],[11.04453992,54.92873243],[11.04229455,54.92534576],[11.04395399,54.92571686],[11.04292777,54.92591308],[11.04409209,54.92705184],[11.04652359,54.92954989],[11.05224093,54.93169546],[11.05664702,54.9316704]]],[[[11.70287443,54.94449355],[11.7002954,54.94444185],[11.69828192,54.94454484],[11.69629507,54.94442506],[11.69773697,54.94324324],[11.70169006,54.94396099],[11.70452622,54.94347959],[11.70758915,54.94336157],[11.70440083,54.94372385]]],[[[12.04411759,54.95560158],[12.04450149,54.9538161],[12.0476012,54.95165143],[12.05116921,54.95192438],[12.05386251,54.95218559],[12.0559506,54.95240901],[12.05201153,54.95215308],[12.04691177,54.95287421],[12.04464526,54.95558404]]],[[[11.60192748,54.65424376],[11.60154113,54.65520734],[11.59950062,54.65402737],[11.59825699,54.65427297],[11.59721357,54.65432979],[11.59623596,54.65504649],[11.59722288,54.65381725],[11.59940242,54.65229315],[11.60177074,54.65417359]]],[[[12.05217631,55.133667],[12.04983394,55.13252032],[12.05037911,55.13201883],[12.0513007,55.13202091],[12.05266971,55.13180373],[12.05370592,55.13156647],[12.05401448,55.13202525],[12.05335811,55.13268293],[12.0529153,55.13361189]]],[[[11.57375504,54.65235557],[11.57387552,54.65202479],[11.57673081,54.6506348],[11.58070515,54.65072805],[11.58152416,54.65093021],[11.57982246,54.65099094],[11.57730418,54.6514289],[11.57505222,54.65203132]]],[[[11.86506617,54.73128267],[11.86389544,54.73176742],[11.86235044,54.7309991],[11.86188486,54.72987594],[11.86277457,54.7291363],[11.86347628,54.72961861],[11.86458388,54.73062589],[11.86517531,54.73101315]]],[[[11.03653082,54.84381037],[11.03737126,54.84452389],[11.03758287,54.84560094],[11.03776322,54.84583216],[11.03697749,54.84560544],[11.03416195,54.84466185],[11.03345227,54.84387133],[11.03455478,54.84378922],[11.03625756,54.84375033]]],[[[11.71714799,55.20070128],[11.71652279,55.20062559],[11.71577257,55.20013124],[11.71599247,55.1992708],[11.71631057,55.19883221],[11.71756079,55.19891006],[11.71959712,55.19876369],[11.71921982,55.19949056],[11.71736957,55.20053003]]],[[[12.21292596,55.50881582],[12.21193902,55.50884371],[12.21077195,55.50864795],[12.20984982,55.50782602],[12.20959669,55.50668643],[12.21123139,55.50696038],[12.21181391,55.50715889],[12.21207452,55.50757111],[12.21270047,55.50833705]]],[[[11.80020235,55.74742099],[11.79993584,55.74669103],[11.80129096,55.74576201],[11.803426,55.74563813],[11.80337307,55.74659732],[11.80309346,55.74712257],[11.80204631,55.74677036],[11.80114112,55.74725305],[11.80026907,55.74740895]]],[[[12.16840057,55.06764616],[12.16791287,55.06781692],[12.16751102,55.06726428],[12.16849421,55.06656192],[12.17025256,55.06603985],[12.17124069,55.06620462],[12.17078827,55.06651977],[12.17084387,55.06698487],[12.16871306,55.06749875]]],[[[11.96714735,55.69059127],[11.96622929,55.68984448],[11.96331796,55.68933868],[11.96524816,55.68837994],[11.96642411,55.68514009],[11.9666908,55.68412148],[11.96667074,55.68770215],[11.96644937,55.68973713]]],[[[12.04132279,55.67982892],[12.04071971,55.67902488],[12.04407416,55.67891875],[12.04655905,55.67811278],[12.04647148,55.67844336],[12.04458397,55.67905435],[12.04270559,55.67881912],[12.04218209,55.67921175],[12.04170369,55.67972436]]],[[[11.82839915,54.71860305],[11.8272957,54.71784026],[11.82901174,54.71698817],[11.82982243,54.71742973],[11.83025754,54.71756728],[11.82948455,54.71779383],[11.82978478,54.7182643],[11.82896181,54.71829314],[11.82839915,54.71860305]]],[[[11.87861454,54.97728145],[11.88022228,54.97774808],[11.8812211,54.97829358],[11.8822955,54.9784712],[11.88215446,54.97864941],[11.88069749,54.97877394],[11.87855222,54.97826009],[11.87798767,54.97769511],[11.87861454,54.97728145]]],[[[12.08161255,55.75160659],[12.07992148,55.75228624],[12.07822441,55.75218271],[12.07742747,55.75161941],[12.07855629,55.75113712],[12.07970958,55.75161451],[12.08158921,55.75136535],[12.08261437,55.75118813],[12.08163303,55.75147024]]],[[[11.6595999,55.17857745],[11.65882846,55.17846186],[11.65864198,55.178089],[11.65864761,55.17760758],[11.65878687,55.1772811],[11.65965273,55.17697517],[11.66103607,55.17704062],[11.66038321,55.17797073],[11.65962141,55.1785679]]],[[[11.11731847,55.52552903],[11.11645668,55.52522477],[11.11590564,55.52490929],[11.11609556,55.52424459],[11.11762655,55.52414146],[11.11805786,55.52468172],[11.11833663,55.52485702],[11.11806468,55.525416],[11.11748182,55.52552297]]],[[[12.22252827,55.07424159],[12.22479254,55.07536188],[12.2271604,55.0763035],[12.22953446,55.07739849],[12.23116906,55.07812573],[12.23029628,55.07831596],[12.22970165,55.07780234],[12.22560723,55.07597254],[12.2224511,55.07422512]]],[[[11.90263474,54.56235414],[11.90563671,54.56297469],[11.90719652,54.56339142],[11.9048003,54.56328115],[11.90330869,54.56292228],[11.901608,54.56232277],[11.89958865,54.56210662],[11.89792445,54.56175182],[11.90169494,54.56228346]]],[[[11.0561338,54.81868353],[11.05429178,54.8193745],[11.05338426,54.82068709],[11.05227933,54.82191134],[11.0521549,54.82076263],[11.05313068,54.81987108],[11.05457569,54.81906444],[11.05607244,54.818591],[11.05730746,54.81875676]]],[[[12.22855177,55.04321064],[12.22888021,55.04356175],[12.22910352,55.04403461],[12.22862805,55.04435635],[12.22724619,55.04412293],[12.22690553,55.04365282],[12.22714623,55.04333228],[12.22768174,55.043128],[12.22832646,55.04310369]]],[[[11.65996013,55.17231755],[11.65873132,55.17236972],[11.65829503,55.17188885],[11.65982993,55.17150198],[11.66095205,55.17180291],[11.66153653,55.1718439],[11.66219631,55.17196613],[11.66110188,55.17210672],[11.66014487,55.17233464]]],[[[12.06182837,55.68664265],[12.06139416,55.68652556],[12.06132965,55.6851471],[12.06324728,55.68525809],[12.06660808,55.68527553],[12.06589985,55.6853496],[12.06392652,55.68538703],[12.06223449,55.68599566],[12.06191207,55.68663247]]],[[[11.14302729,55.53471732],[11.14191495,55.53498628],[11.14154447,55.53454992],[11.14183548,55.5341162],[11.14170863,55.53393714],[11.14190237,55.53358601],[11.1429441,55.53374458],[11.14357775,55.53424373],[11.14316348,55.53469211]]],[[[12.04510012,55.677882],[12.04340534,55.67785897],[12.04351202,55.6775468],[12.04497726,55.67652279],[12.04695043,55.67774049],[12.04598024,55.67715758],[12.04553051,55.67712937],[12.044745,55.67749516],[12.04513598,55.67785621]]],[[[11.70866772,55.15002601],[11.70836078,55.14992568],[11.70819582,55.14968042],[11.70820875,55.14918804],[11.70950741,55.14874195],[11.71050954,55.14860135],[11.71047235,55.14889776],[11.70972759,55.14950504],[11.70882302,55.14994345]]],[[[11.95716688,55.68560262],[11.95837835,55.68634851],[11.95926855,55.6872226],[11.95918229,55.68739306],[11.95904268,55.68732927],[11.95891884,55.68720667],[11.95813849,55.68704084],[11.9571863,55.68666456],[11.9567832,55.68576038],[11.95716688,55.68560262]]],[[[11.30749039,54.97610092],[11.30486289,54.97614169],[11.30418344,54.97510043],[11.30288784,54.97420613],[11.30383854,54.9747946],[11.30510191,54.97588385],[11.30647731,54.97545074],[11.30609718,54.97481452]]],[[[11.40222671,55.20058799],[11.40258734,55.20104641],[11.40266995,55.20151499],[11.40251946,55.20179805],[11.40237543,55.20202642],[11.40175611,55.20203278],[11.40114043,55.20174459],[11.40112371,55.20128945],[11.40182762,55.20065482]]],[[[11.06610759,54.80660891],[11.0673035,54.80724003],[11.06536905,54.80686193],[11.0647322,54.80657668],[11.06476253,54.8069669],[11.06426525,54.80707208],[11.06378326,54.80631103],[11.06466864,54.80612375],[11.06611073,54.80649659]]],[[[11.29750913,54.97474395],[11.29689559,54.97536482],[11.29707518,54.97428994],[11.29733441,54.97396675],[11.29851371,54.97440316],[11.30079611,54.97477339],[11.30067397,54.97491656],[11.29963992,54.97522547],[11.29786435,54.97466209]]],[[[11.29920846,55.27642196],[11.29929444,55.27673269],[11.29912098,55.2769897],[11.2984355,55.27735092],[11.29738546,55.27685574],[11.29789764,55.2765528],[11.2981574,55.27638584],[11.29852621,55.27641387],[11.29924621,55.27628246]]],[[[11.72165163,55.08353841],[11.72021807,55.08357378],[11.71896694,55.08357243],[11.71916008,55.08337727],[11.71983618,55.08332251],[11.72132424,55.08297074],[11.72312377,55.08274728],[11.72485201,55.08257286],[11.72258,55.08290661],[11.72165163,55.08353841]]],[[[11.05429301,54.82993566],[11.05413495,54.83025105],[11.05408982,54.83079409],[11.05466969,54.83209104],[11.05526269,54.83293762],[11.05462421,54.83266394],[11.05372292,54.83154726],[11.05362766,54.83070169],[11.05377573,54.83023546],[11.05410642,54.82992219]]],[[[12.02916261,55.67527441],[12.02809278,55.67440875],[12.02932941,55.6728482],[12.02951816,55.67438568],[12.02945838,55.67366823],[12.02921948,55.67333764],[12.02852277,55.67346191],[12.0285893,55.6751084],[12.0292164,55.67519855]]],[[[12.12021309,54.90029597],[12.11933238,54.9003284],[12.11889549,54.90024522],[12.11882229,54.89986165],[12.11960085,54.89946286],[12.12038877,54.89952182],[12.12089304,54.89970972],[12.12054275,54.90000158],[12.12021309,54.90029597]]],[[[11.72143793,55.73208807],[11.7212982,55.73212209],[11.72089523,55.73205227],[11.72043176,55.7317562],[11.72007341,55.73186499],[11.71915414,55.73192095],[11.719041,55.73156327],[11.72151531,55.73139195],[11.72141367,55.73179448]]],[[[11.8094122,55.74595267],[11.8085846,55.74651779],[11.80823419,55.74612371],[11.80789557,55.74578932],[11.80757805,55.74558444],[11.8084527,55.74547221],[11.80886817,55.74536373],[11.80944451,55.74518523],[11.80950507,55.74565731]]],[[[11.69782806,55.15213442],[11.69818686,55.15234267],[11.69851948,55.1528025],[11.69782245,55.15338788],[11.69707568,55.15344163],[11.69697933,55.15327251],[11.69711454,55.15302895],[11.69716424,55.15259554],[11.69771063,55.15213882]]],[[[12.07555108,55.74892041],[12.07679408,55.74929149],[12.0771131,55.74946239],[12.07635912,55.74969849],[12.07607514,55.75011213],[12.0757459,55.75046335],[12.07536476,55.75024042],[12.07519214,55.74906632]]],[[[11.495344,54.84007468],[11.49596694,54.84022961],[11.49636276,54.84061602],[11.49666707,54.84075908],[11.49711574,54.84123681],[11.49705244,54.84145278],[11.4959084,54.84104976],[11.49505723,54.84035449],[11.49513178,54.840091]]],[[[11.40313516,55.19303749],[11.40282424,55.19332263],[11.40267463,55.19368235],[11.40229586,55.19363139],[11.40200573,55.19321283],[11.40178539,55.19291964],[11.40231368,55.19257817],[11.40337304,55.19239036]]],[[[12.09197138,55.69145835],[12.09188059,55.69165501],[12.09191195,55.69146362],[12.09105917,55.69143738],[12.08972259,55.69115145],[12.08986415,55.69089022],[12.09033839,55.69087953],[12.09130801,55.6907733],[12.09197138,55.69145835]]],[[[12.25212113,55.08233854],[12.2509501,55.0818861],[12.25102219,55.08173924],[12.25201161,55.08208432],[12.25273755,55.08138517],[12.25365814,55.08058218],[12.2539281,55.08048469],[12.25334459,55.08133145],[12.25257949,55.08197473]]],[[[11.76904786,54.83760672],[11.76903302,54.83776071],[11.76955129,54.83808205],[11.77046942,54.83920788],[11.77066172,54.83954773],[11.7699127,54.83920549],[11.76887626,54.83831224],[11.76893143,54.83802859],[11.7688778,54.83771399]]],[[[11.7978508,55.6639258],[11.79764707,55.6639167],[11.79689837,55.66379893],[11.7968514,55.66338371],[11.79702912,55.66293468],[11.79796085,55.66302148],[11.79805211,55.66312584],[11.79804695,55.66351241]]],[[[12.07956965,55.65092469],[12.07896531,55.65085986],[12.07865982,55.65074769],[12.0782343,55.65082391],[12.07823541,55.65040881],[12.07851507,55.65011311],[12.07901456,55.650086],[12.07938883,55.6501853],[12.07968571,55.65052396],[12.07956965,55.65092469]]],[[[11.82468448,54.97014402],[11.82429008,54.97045615],[11.82329729,54.9710065],[11.82258487,54.97116095],[11.8220563,54.97156592],[11.82123088,54.97182503],[11.82106627,54.97161282],[11.82251843,54.97098692],[11.82439868,54.97016001],[11.82468448,54.97014402]]],[[[11.37935922,55.18865797],[11.37919092,55.18962702],[11.37902625,55.18878357],[11.37838104,55.18859202],[11.378708,55.18839185],[11.37889641,55.18764668],[11.37918835,55.18735999],[11.37945924,55.18766886],[11.37936843,55.18856467]]],[[[12.24731354,55.08351479],[12.2467029,55.08348019],[12.2457489,55.08335918],[12.24495034,55.0826574],[12.24528774,55.0829372],[12.24669673,55.08337318],[12.24685096,55.08293047],[12.24779488,55.08285772],[12.24748054,55.08341898]]],[[[11.12409446,55.52816315],[11.12335012,55.52811161],[11.12322916,55.52801646],[11.12325575,55.52791587],[11.12361557,55.5275832],[11.12415943,55.52763713],[11.12449077,55.52759911],[11.12509727,55.52785391],[11.12441061,55.52814023]]],[[[11.72549082,54.66373627],[11.72506439,54.66381609],[11.72494032,54.66329043],[11.72512886,54.66294707],[11.72552757,54.66291212],[11.72597652,54.66303893],[11.72595756,54.6632304],[11.72593309,54.66354804],[11.72551933,54.66371504]]],[[[12.09016232,55.75181811],[12.08983373,55.75194433],[12.08948231,55.75129034],[12.08929513,55.75106004],[12.08829795,55.75067959],[12.08769817,55.75050471],[12.08984427,55.75113055],[12.09106489,55.75212048],[12.09037287,55.75182189]]],[[[11.15198267,55.53634089],[11.15228687,55.53651899],[11.15236625,55.53684062],[11.1521062,55.53701236],[11.15140872,55.53674599],[11.15065705,55.53651167],[11.15099973,55.53628877],[11.15144129,55.53629764],[11.15181808,55.53633956]]],[[[11.6690457,55.17974041],[11.66854409,55.18009488],[11.66810331,55.17979907],[11.66810739,55.17958746],[11.66785928,55.17960997],[11.66806396,55.17932555],[11.66826844,55.17927307],[11.66865984,55.17925111],[11.6690217,55.17950145]]],[[[11.53070209,55.89479398],[11.53017581,55.89501513],[11.53006885,55.89446068],[11.52973463,55.89427799],[11.52921597,55.89401639],[11.52971248,55.89385905],[11.53046437,55.89396358],[11.53034792,55.89439589],[11.53065498,55.89456188]]],[[[10.97584482,54.79547952],[10.97610593,54.79568488],[10.97608979,54.79578132],[10.97676018,54.79605965],[10.97704119,54.79624554],[10.97617115,54.79629459],[10.97571463,54.79607938],[10.97544378,54.79573818],[10.97571955,54.79548516]]],[[[11.36619006,54.95650398],[11.36572653,54.95650806],[11.36569117,54.95630236],[11.3661356,54.95616489],[11.36634814,54.9559514],[11.36689256,54.95585675],[11.3672026,54.95613],[11.367121,54.95631488],[11.36644241,54.95646814],[11.36624996,54.95645472]]],[[[12.239039,55.08500697],[12.23831399,55.08532586],[12.23768694,55.08504017],[12.23798099,55.0849258],[12.2382116,55.08496884],[12.23916693,55.08447056],[12.23931676,55.08425726],[12.23960197,55.08464016],[12.23912318,55.08497991]]],[[[11.23957016,55.24872211],[11.23921645,55.24847576],[11.23919571,55.24816298],[11.23919208,55.24777942],[11.23979996,55.2476773],[11.23943206,55.24800674],[11.24044319,55.24833207],[11.23999312,55.24858258]]],[[[11.73208947,55.08211287],[11.72961727,55.08226507],[11.72683607,55.08247548],[11.72676899,55.08243158],[11.72835704,55.08228614],[11.73037935,55.08215484],[11.7338278,55.08189422],[11.73558944,55.08174865],[11.73549206,55.08183256],[11.73432291,55.08195035],[11.73208947,55.08211287]]],[[[11.08968102,55.48430783],[11.09075321,55.48456814],[11.09115438,55.48460578],[11.09092782,55.4848258],[11.09048475,55.48510561],[11.09005137,55.48512048],[11.08985302,55.48488083],[11.0897618,55.48447021],[11.08954872,55.48427216]]],[[[11.7986229,55.67064435],[11.79919658,55.67121808],[11.79834844,55.67084361],[11.79776078,55.67057718],[11.79771916,55.67055565],[11.79779964,55.67025501],[11.79780864,55.66986638],[11.79827602,55.66991208],[11.7986229,55.67064435]]],[[[11.78247405,55.76157258],[11.78171657,55.76187632],[11.78071652,55.76155027],[11.78059007,55.76136409],[11.78104567,55.7613322],[11.7818688,55.76146872],[11.78218052,55.76151172],[11.7843687,55.76136461],[11.7825602,55.76155769]]],[[[11.88992656,54.71442135],[11.88893754,54.71439567],[11.88785537,54.7132],[11.88808969,54.71233968],[11.8889006,54.71184671],[11.88889408,54.71206273],[11.88815988,54.71271956],[11.88836701,54.71401162],[11.88957813,54.71442426]]],[[[11.52971336,55.88569014],[11.53013051,55.88572794],[11.53028064,55.88606399],[11.53020958,55.88647595],[11.52996806,55.88641656],[11.52961176,55.88631117],[11.52933151,55.88611361],[11.52931854,55.88592413],[11.52959175,55.8857063]]],[[[11.5139486,54.62735631],[11.51317636,54.62733621],[11.51291042,54.62715447],[11.51346928,54.62705612],[11.51382013,54.62683874],[11.51391868,54.62667811],[11.51444129,54.62693156],[11.51446019,54.62703194],[11.51424386,54.627285]]],[[[12.07805911,55.74880101],[12.07799534,55.74905362],[12.07775718,55.74874988],[12.07751939,55.74865713],[12.07710078,55.74822153],[12.07632834,55.74784865],[12.07615315,55.74754684],[12.07755809,55.74827444],[12.07804947,55.74872322]]],[[[11.91658375,54.92367495],[11.91658837,54.92382938],[11.91619121,54.92409829],[11.91583791,54.92426591],[11.91557995,54.92419802],[11.91534148,54.92410386],[11.91537921,54.92392845],[11.9155321,54.92384314],[11.91616169,54.92361936]]],[[[11.54935546,54.59735436],[11.54945098,54.59758465],[11.55005016,54.59778742],[11.55000497,54.59815921],[11.54980926,54.59855296],[11.54963345,54.59876235],[11.54953655,54.59836398],[11.54951569,54.59783959],[11.54933676,54.59758544]]],[[[11.78969961,55.66591796],[11.78924606,55.66623337],[11.7885092,55.66687893],[11.78792175,55.66750122],[11.78822766,55.66716238],[11.78860057,55.66644869],[11.788836,55.66611199],[11.78952853,55.66586279],[11.7899887,55.66588828]]],[[[11.11952422,55.33236342],[11.11945704,55.33243694],[11.11928881,55.33243708],[11.11922536,55.33233544],[11.11936186,55.33227555],[11.12172476,55.33089009],[11.12193326,55.33090606],[11.12187436,55.33104307],[11.11952422,55.33236342]]],[[[11.4390523,55.21323473],[11.43935375,55.21338502],[11.43962839,55.21358771],[11.43969824,55.21372465],[11.4393351,55.21373012],[11.4389309,55.21368904],[11.43870689,55.21364048],[11.43838061,55.21362399],[11.43833989,55.21356998],[11.43844493,55.21340077],[11.43867457,55.21323555],[11.4390523,55.21323473]]],[[[11.93520438,55.65487126],[11.9349486,55.65489751],[11.93431294,55.65482993],[11.93356621,55.65453801],[11.93300287,55.65413841],[11.93305015,55.65399892],[11.93338563,55.65423902],[11.9339486,55.65453156],[11.93438282,55.65458248],[11.93484067,55.65463886]]],[[[11.66810595,55.88998842],[11.66843463,55.89081042],[11.66805151,55.89103589],[11.66773207,55.89095652],[11.66810012,55.89034612],[11.66765969,55.89003963],[11.66692612,55.8899296],[11.66702673,55.88983861],[11.66804877,55.88997798]]],[[[11.50984742,54.6356992],[11.50986552,54.63595782],[11.50897836,54.63597172],[11.50919815,54.63568785],[11.50871983,54.63593842],[11.50843216,54.63605361],[11.50855385,54.63591085],[11.50880445,54.63568945],[11.50925775,54.63562144]]],[[[11.46417228,55.19026649],[11.46403184,55.19036092],[11.46334486,55.19047225],[11.4629798,55.19040511],[11.46298169,55.19017603],[11.46322942,55.19009381],[11.46387199,55.19009296],[11.46418767,55.19014671],[11.4642761,55.19023535],[11.46417228,55.19026649]]],[[[11.81618375,55.13263932],[11.81600951,55.13281659],[11.81573528,55.13301774],[11.81543651,55.13292855],[11.81552796,55.13271418],[11.81607911,55.13239686],[11.81670133,55.13241573],[11.81659008,55.13255153],[11.81618375,55.13263932]]],[[[11.27771587,55.24019473],[11.27807894,55.24030193],[11.27757499,55.24036374],[11.27681484,55.24010198],[11.27653727,55.23969333],[11.27695976,55.23960455],[11.27690105,55.23976079],[11.27719047,55.24000787],[11.27752711,55.24017012]]],[[[11.93372312,55.6577266],[11.9335322,55.65766365],[11.93390304,55.65751742],[11.93417859,55.65743639],[11.93449829,55.65734406],[11.93455002,55.65721948],[11.93475678,55.6572816],[11.93489575,55.65740053],[11.93490877,55.65763171],[11.93456525,55.65767562],[11.93400839,55.65769272]]],[[[11.80587061,55.74722418],[11.80559258,55.74723395],[11.80521061,55.747037],[11.80546966,55.74704924],[11.80563173,55.74692697],[11.80554375,55.74664285],[11.80579689,55.74661262],[11.80602697,55.74675173],[11.80627211,55.74684977],[11.80619769,55.74702731]]],[[[11.3740563,55.18691622],[11.37491883,55.18695362],[11.37462775,55.18702024],[11.37381707,55.18695378],[11.37265818,55.18688645],[11.37167558,55.18694081],[11.37142545,55.18690082],[11.37245376,55.1867512]]],[[[11.66526234,55.17871669],[11.66518414,55.17875004],[11.66481896,55.17868719],[11.66472053,55.17851395],[11.66477226,55.17838535],[11.66504738,55.17825699],[11.6653349,55.17818957],[11.66553093,55.17848113],[11.66529981,55.17870148]]],[[[11.24838485,55.22469429],[11.24796306,55.22509496],[11.24728194,55.22593022],[11.24706784,55.22625227],[11.24713465,55.22593114],[11.24804894,55.22483316],[11.24883386,55.22430248],[11.24887778,55.22442885],[11.24861374,55.22461241]]],[[[11.93409377,55.65523899],[11.93424558,55.65538082],[11.93416887,55.65550734],[11.93429454,55.65556969],[11.93429423,55.65576306],[11.93395726,55.65579441],[11.93364571,55.65570873],[11.93351635,55.65549922],[11.93374048,55.65530723],[11.93378121,55.65526499],[11.93412945,55.65514851]]],[[[12.08553953,55.74629498],[12.08510477,55.74642457],[12.08458156,55.74664719],[12.08465919,55.74648377],[12.08453221,55.74631292],[12.08479113,55.74628762],[12.0849624,55.74601847],[12.08538776,55.74604024],[12.08563706,55.74618393]]],[[[11.35611935,55.76598876],[11.35775038,55.76633092],[11.35818735,55.76645475],[11.35812719,55.76652511],[11.35802781,55.76654518],[11.3574752,55.76642851],[11.3559834,55.76607136],[11.35595748,55.76603033],[11.35598714,55.76599866],[11.35611935,55.76598876]]],[[[11.80867927,54.63969255],[11.80909959,54.63997715],[11.80911791,54.64017766],[11.80887345,54.64030093],[11.80899181,54.64049769],[11.80872365,54.64040564],[11.80854001,54.64012526],[11.80860222,54.6398541],[11.80862528,54.63963123]]],[[[11.99070953,55.71043737],[11.99124835,55.71127225],[11.9917826,55.71230924],[11.99232755,55.71428505],[11.99222844,55.71442995],[11.99191627,55.71318869],[11.99156938,55.7120656],[11.9907576,55.71062669]]],[[[12.0097994,55.68027993],[12.0101157,55.68091746],[12.00991655,55.68122244],[12.00946812,55.6813254],[12.00957445,55.68118723],[12.00970967,55.68089291],[12.00988989,55.68061474],[12.00983691,55.68039327],[12.00957163,55.68014222]]],[[[11.67856409,55.18003383],[11.67878316,55.18014974],[11.67891346,55.18028882],[11.6788402,55.18036756],[11.67864078,55.18054437],[11.67826473,55.18050975],[11.67818576,55.18025061],[11.67830006,55.18006705]]],[[[11.6531815,55.1785852],[11.65301154,55.17861362],[11.65282247,55.17821267],[11.65298017,55.17829284],[11.65332044,55.17829335],[11.65351352,55.17833867],[11.65401828,55.17851188],[11.65371563,55.17856225],[11.65330226,55.17858221]]],[[[12.28274132,55.01409794],[12.28276301,55.01423492],[12.28293306,55.01438193],[12.28331001,55.01450635],[12.28323981,55.01478824],[12.2829363,55.01473341],[12.2827705,55.01458296],[12.28260204,55.01440193],[12.28250906,55.0141872],[12.28274132,55.01409794]]],[[[12.20431989,55.49935488],[12.20456662,55.4994947],[12.20447639,55.49962195],[12.20407185,55.49968217],[12.20371337,55.49955885],[12.20358976,55.49943137],[12.20362553,55.49930627],[12.20383956,55.49928151],[12.20409562,55.49932183]]],[[[12.25130658,55.08040641],[12.25205855,55.08059348],[12.25307752,55.08074885],[12.25312062,55.08085496],[12.25273418,55.08090764],[12.25236612,55.08088188],[12.25174584,55.08066244],[12.25135276,55.08051955],[12.25130658,55.08040641]]],[[[11.88916315,54.71028354],[11.88887301,54.71084995],[11.88900355,54.71131623],[11.88910453,54.71146325],[11.88869937,54.71115276],[11.88880621,54.71053732],[11.88899627,54.71015545],[11.88961477,54.71022143],[11.88942224,54.71028698]]],[[[11.48874621,55.20057123],[11.48866993,55.20073648],[11.48860134,55.20088405],[11.48838499,55.20091291],[11.48795268,55.20073476],[11.48805334,55.20059733],[11.48824563,55.2005054],[11.48875515,55.20046013],[11.48874621,55.20057123]]],[[[11.79196167,55.67103696],[11.79148301,55.67113676],[11.79143968,55.67103977],[11.79193674,55.67082556],[11.79220894,55.67079267],[11.79247403,55.67076956],[11.79282295,55.67087362],[11.79298795,55.67097036],[11.7927251,55.67105851],[11.79234217,55.6709883]]],[[[11.16470026,54.9560155],[11.16416827,54.95615513],[11.16385903,54.95604217],[11.16380441,54.95587173],[11.16409828,54.95584393],[11.16422606,54.95589945],[11.16437168,54.95579277],[11.16467412,54.95575889]]],[[[11.24693236,55.73502142],[11.24675972,55.73521054],[11.2466791,55.73506326],[11.24642321,55.73504565],[11.2461589,55.7348453],[11.24625406,55.73477714],[11.24655855,55.73467027],[11.2468811,55.73491945],[11.24693236,55.73502142]]],[[[12.19899962,55.47086343],[12.19900295,55.47099038],[12.19893542,55.47131321],[12.19911107,55.47160765],[12.19974719,55.47194353],[12.19990216,55.47208036],[12.19921339,55.47181355],[12.19877046,55.47132256],[12.19888751,55.47091159],[12.19899962,55.47086343]]],[[[11.80444278,55.74673749],[11.80455255,55.74681472],[11.80491042,55.74694255],[11.80492318,55.74706469],[11.8050634,55.74711767],[11.80479294,55.74722184],[11.80437645,55.7472255],[11.80434875,55.74707719],[11.80450502,55.7469119],[11.8043523,55.74677363]]],[[[11.91499455,54.92241784],[11.91501088,54.92251841],[11.91487846,54.92279823],[11.91480092,54.92287633],[11.91454915,54.92296931],[11.91445464,54.92286917],[11.91450159,54.9226895],[11.91469661,54.92245727],[11.91499455,54.92241784]]],[[[11.76173012,55.74272204],[11.76141758,55.74312486],[11.7613003,55.74313622],[11.76147938,55.74273433],[11.76126373,55.74267509],[11.761032,55.74263625],[11.76141937,55.74260228],[11.76191124,55.74258133],[11.7622422,55.7423941]]],[[[12.08473436,55.75076773],[12.0843329,55.75098863],[12.08412467,55.7510808],[12.08423453,55.75087531],[12.08439164,55.75070505],[12.08497495,55.75060094],[12.0853713,55.75064034],[12.08519281,55.75073356]]],[[[12.08664311,55.75102911],[12.08639893,55.75102131],[12.08625721,55.75086782],[12.08573782,55.75081866],[12.0857296,55.75073274],[12.08610564,55.75074703],[12.0865774,55.75078461],[12.08698256,55.75094749],[12.08679412,55.75103179]]],[[[11.04588367,54.82961552],[11.04609384,54.82978429],[11.04691849,54.83011464],[11.04681816,54.83012883],[11.04613505,54.82998646],[11.04568981,54.82978471],[11.04566523,54.82969273],[11.04579532,54.82959274],[11.04588367,54.82961552]]],[[[11.75301091,55.93286694],[11.75264281,55.93299392],[11.75256821,55.93292871],[11.75266971,55.9328494],[11.75280266,55.93276868],[11.75264694,55.9326278],[11.75272968,55.93239466],[11.75302068,55.93262555]]],[[[11.24726694,55.22174339],[11.24738891,55.22178455],[11.24749558,55.22186088],[11.24755669,55.22198811],[11.2475134,55.22206809],[11.24733121,55.22209689],[11.24709296,55.22204888],[11.24692875,55.22195033],[11.24694682,55.22183863],[11.24698566,55.22176322],[11.24717109,55.22173616]]],[[[11.74049031,55.19567041],[11.74068685,55.19575651],[11.74070882,55.19588871],[11.74028163,55.19598183],[11.74011272,55.19596405],[11.73997385,55.19587107],[11.74006877,55.19578641],[11.74014744,55.19571452],[11.7402654,55.19565649],[11.74049031,55.19567041]]],[[[11.93155633,55.65216784],[11.93169876,55.65236949],[11.93190124,55.65249185],[11.93187875,55.65251846],[11.93198395,55.65266877],[11.93187092,55.65281989],[11.93165561,55.65261099],[11.93147446,55.65240191],[11.93135825,55.65222561],[11.93155633,55.65216784]]],[[[12.20184318,55.49172151],[12.20176464,55.49180736],[12.2016238,55.4918222],[12.20146559,55.49176169],[12.20152474,55.49160856],[12.20167706,55.49152249],[12.20175665,55.4914866],[12.2017587,55.49140266],[12.2018721,55.49129172],[12.20200422,55.49138203],[12.20184511,55.49167309]]],[[[11.12412902,55.52902475],[11.12392331,55.52901529],[11.12388649,55.5289407],[11.12388456,55.52886964],[11.12399235,55.52879092],[11.12428906,55.52880726],[11.12458857,55.52891648],[11.12459029,55.52901289],[11.1241679,55.52900224]]],[[[11.55657614,54.59688716],[11.55632329,54.59689682],[11.55616001,54.59680138],[11.55624554,54.59675067],[11.55626518,54.59659958],[11.55650784,54.59657054],[11.55664551,54.59671435],[11.55672368,54.59679792],[11.55665035,54.5968508]]],[[[12.08928261,55.75295322],[12.08938487,55.7530953],[12.08924617,55.75317161],[12.08880199,55.7530741],[12.08873349,55.75293764],[12.08889592,55.75287917],[12.0891427,55.75292564],[12.08926146,55.75285918],[12.08929377,55.75289478]]],[[[11.6716199,55.17881094],[11.67178777,55.17891576],[11.67129666,55.17894064],[11.67109228,55.17879958],[11.67124468,55.17865214],[11.67143692,55.17858833],[11.67146558,55.17867624],[11.6714489,55.17880489],[11.6716199,55.17881094]]],[[[12.09597627,55.6975007],[12.09607007,55.69750921],[12.09578633,55.69763504],[12.09567536,55.69784407],[12.09553156,55.69803263],[12.09539943,55.69796404],[12.09542237,55.69776307],[12.09562412,55.69760488],[12.09585675,55.69751513],[12.09594079,55.69750087]]],[[[12.08408668,55.74840343],[12.08387919,55.74835344],[12.08394309,55.74815945],[12.08417164,55.74815523],[12.08445468,55.74809014],[12.08460828,55.74807738],[12.08451202,55.74822292],[12.08439658,55.74824659],[12.08412554,55.74837485]]],[[[11.18701842,55.73841065],[11.18713214,55.73849859],[11.1870945,55.73865161],[11.18687978,55.73868895],[11.18675059,55.73873476],[11.18675841,55.73865525],[11.18674038,55.73858358],[11.18664476,55.73848615],[11.18677731,55.73839517],[11.18701842,55.73841065]]],[[[11.80205833,55.67211559],[11.80217498,55.67221864],[11.8022233,55.67238052],[11.80234294,55.67258984],[11.80262376,55.6727242],[11.80239715,55.67268281],[11.80213373,55.67253143],[11.80196205,55.67232625],[11.80196637,55.67217091],[11.80205833,55.67211559]]],[[[11.52857007,55.88623865],[11.52889705,55.88631624],[11.5289361,55.88636335],[11.52878949,55.88640339],[11.52820514,55.88633981],[11.52815512,55.8863109],[11.52815845,55.88625637],[11.52821504,55.8862437],[11.52820896,55.88621668],[11.52822438,55.88619308],[11.52834853,55.88619871]]],[[[11.69930787,55.20159034],[11.69961045,55.2016881],[11.69976097,55.20177314],[11.70013518,55.20181222],[11.70017523,55.20186752],[11.69962334,55.20184603],[11.6992051,55.20166975],[11.6991801,55.20162769],[11.69926612,55.20158435]]],[[[11.53023113,55.88748993],[11.53038673,55.88753877],[11.53042489,55.88762383],[11.53031541,55.88771587],[11.53011069,55.88775262],[11.52995698,55.88768855],[11.52991854,55.88760179],[11.52998224,55.88752875],[11.53012488,55.88748169]]],[[[11.3766881,55.18691321],[11.37637107,55.18697144],[11.37583525,55.18698574],[11.37577897,55.18695862],[11.37577312,55.18692637],[11.37590968,55.18689539],[11.37625914,55.18684885],[11.37662254,55.1868228],[11.37676843,55.18681906],[11.37678629,55.18686051],[11.3766881,55.18691321]]],[[[11.93497756,55.65613803],[11.93482001,55.65610854],[11.9347534,55.65613423],[11.93462803,55.65599519],[11.93474049,55.65584507],[11.93499705,55.65593116],[11.93511692,55.65595625],[11.9350958,55.65608828]]],[[[12.20241227,55.4908044],[12.20246877,55.49090937],[12.20248418,55.49101524],[12.20241221,55.4910592],[12.20229426,55.49107505],[12.20218307,55.49108839],[12.20213987,55.49108098],[12.20208713,55.49106132],[12.20204808,55.49099779],[12.20221526,55.49082763],[12.20223204,55.49078853],[12.20229963,55.49074333],[12.20234044,55.49072132],[12.20241227,55.4908044]]],[[[12.01156319,55.67041746],[12.01162157,55.67046296],[12.01161652,55.67053185],[12.01166003,55.67063219],[12.01156176,55.67067614],[12.011312,55.67064901],[12.0111701,55.67059505],[12.01114936,55.67051761],[12.01137979,55.6704341],[12.0115115,55.67040516],[12.01156319,55.67041746]]],[[[11.52840825,55.89955606],[11.52855663,55.89961134],[11.52860899,55.89971282],[11.52848682,55.8998071],[11.52829613,55.89982199],[11.52818015,55.89974581],[11.52816231,55.89968569],[11.52821178,55.89959515],[11.52835166,55.89955174]]],[[[12.20312056,55.49709132],[12.20287854,55.49708534],[12.20255424,55.4970451],[12.2024384,55.49708913],[12.20240316,55.49701983],[12.20248696,55.49694598],[12.20266144,55.49696092],[12.20295418,55.49696162],[12.20314351,55.49694884],[12.20320423,55.49705299]]],[[[12.24800975,55.08252901],[12.248222,55.08257577],[12.24836722,55.08265794],[12.24835162,55.08275159],[12.24812575,55.08276293],[12.24800666,55.08270919],[12.2479042,55.0826364],[12.24778504,55.08256441],[12.24794955,55.08252882]]],[[[11.83166216,54.96623901],[11.83193296,54.9664366],[11.83193109,54.96648771],[11.83180647,54.96652873],[11.83170466,54.96659413],[11.83148118,54.96657155],[11.8314742,54.96652784],[11.83162041,54.96644065],[11.83162579,54.96630387],[11.83159769,54.96624438],[11.83166216,54.96623901]]],[[[12.45623783,55.32222258],[12.45624918,55.32226047],[12.45632241,55.32250738],[12.45617995,55.32252112],[12.45616134,55.32252291],[12.45615383,55.32252366],[12.45608357,55.32228728],[12.45607311,55.32225233],[12.45600302,55.32201612],[12.45600928,55.3220155],[12.45602523,55.32201397],[12.4561716,55.32199984],[12.45623783,55.32222258]]],[[[11.46444392,54.6087701],[11.46454673,54.60879785],[11.4645658,54.60888529],[11.464512,54.60895866],[11.46437678,54.6090123],[11.46430465,54.60907436],[11.46424057,54.60906991],[11.4641856,54.60899318],[11.46419903,54.60888224],[11.4642538,54.60881469],[11.46428541,54.60876892],[11.46444392,54.6087701]]],[[[11.48936429,55.19928127],[11.48946696,55.19935001],[11.48943333,55.19940292],[11.4893303,55.19945689],[11.48921473,55.19948864],[11.48903283,55.19946494],[11.4889511,55.19939182],[11.48908021,55.19930253],[11.48929085,55.19926802]]],[[[11.2331572,55.24430697],[11.23286434,55.24438136],[11.23256575,55.24431716],[11.23247634,55.24424042],[11.23263687,55.24425555],[11.23291649,55.24425654],[11.23321803,55.24424141],[11.23350425,55.2442199],[11.23326911,55.24426024]]],[[[12.0478176,54.89215306],[12.04679939,54.8922777],[12.04678719,54.89224204],[12.0471295,54.89220396],[12.047269,54.89218607],[12.04755935,54.89214974],[12.0480667,54.89208693],[12.04861386,54.8920205],[12.0491018,54.89195691],[12.04911979,54.89199053],[12.0478176,54.89215306]]],[[[11.71220048,55.14526801],[11.71229264,55.1454533],[11.71230356,55.14584312],[11.71218968,55.14635061],[11.71219501,55.14610075],[11.71226598,55.14580054],[11.71224474,55.1456703],[11.71220655,55.14548686],[11.71211853,55.14531622],[11.71220048,55.14526801]]],[[[11.71461107,55.85262007],[11.71463298,55.85267298],[11.71457573,55.8528098],[11.71444735,55.85294872],[11.71430623,55.85302635],[11.71426221,55.85301384],[11.71425403,55.8529538],[11.71439314,55.85278317],[11.7144505,55.85266622],[11.71440215,55.85261911],[11.71450193,55.85259722],[11.71461107,55.85262007]]],[[[12.08678499,55.75170079],[12.08677005,55.75183449],[12.08651206,55.7517811],[12.08625229,55.75176578],[12.08627865,55.75168169],[12.08658166,55.75167345],[12.08679071,55.75160382],[12.08688386,55.75158233],[12.08678499,55.75170079]]],[[[11.74549849,55.14211261],[11.74549972,55.14215556],[11.74538931,55.14230305],[11.74529974,55.14267599],[11.74521524,55.14266594],[11.74516042,55.14263112],[11.7453862,55.14215946],[11.74544732,55.14211485],[11.74549849,55.14211261]]],[[[11.5292867,55.89274147],[11.52942501,55.89276271],[11.52949669,55.89285885],[11.52943163,55.89294306],[11.52924097,55.89295795],[11.52913409,55.89290334],[11.52907293,55.89282882],[11.52912126,55.89277264],[11.52923432,55.89274021]]],[[[11.52956745,55.8943465],[11.52964552,55.89445222],[11.5295431,55.89459894],[11.52942029,55.89459464],[11.52932439,55.89452946],[11.52932187,55.89446138],[11.52932717,55.89437562],[11.5294879,55.89433339]]],[[[11.7161488,55.85037395],[11.71622126,55.85051698],[11.71602797,55.85057959],[11.71593059,55.85051909],[11.71584041,55.85040836],[11.71568765,55.85031438],[11.71574078,55.85031105],[11.71595305,55.85036919],[11.71609449,55.85033758]]],[[[11.48778995,55.20074384],[11.48784195,55.20081657],[11.48769731,55.2008838],[11.48754618,55.20089479],[11.48741374,55.2008352],[11.48738936,55.20076684],[11.48750944,55.2007367],[11.48764734,55.20071259],[11.48778995,55.20074384]]],[[[11.47216209,55.19498307],[11.47201458,55.19509546],[11.47189226,55.19492957],[11.4719819,55.19481647],[11.47203315,55.19495638],[11.47224823,55.19488973],[11.47231009,55.19477224],[11.47239241,55.19484042],[11.47216209,55.19498307]]],[[[12.08558601,55.74739186],[12.08572485,55.74745256],[12.08577456,55.74751487],[12.0855883,55.74753393],[12.08550324,55.74759514],[12.08545632,55.74764684],[12.08537013,55.74757466],[12.08535591,55.74745716],[12.08548702,55.74740388]]],[[[12.21830558,55.51841925],[12.21836061,55.51844694],[12.21839313,55.51853266],[12.21836029,55.51858261],[12.2182758,55.51860938],[12.21814907,55.51860993],[12.21808647,55.51859053],[12.21804781,55.51854786],[12.21803386,55.51849356],[12.21807282,55.51843886],[12.21813073,55.51840092],[12.21819555,55.51838744],[12.21830558,55.51841925]]],[[[11.39948465,55.19289798],[11.39961466,55.19294603],[11.39967111,55.19302518],[11.39967686,55.19306579],[11.39964573,55.19308906],[11.39955489,55.19308878],[11.39944621,55.19307141],[11.3993818,55.19305074],[11.3992968,55.19300639],[11.39927897,55.19293205],[11.39930162,55.19289061],[11.39934757,55.19287865],[11.39948465,55.19289798]]],[[[11.70010332,55.14978095],[11.70007996,55.14973032],[11.70012659,55.14966546],[11.70023479,55.14957091],[11.70032383,55.14951096],[11.70040815,55.14949983],[11.70048887,55.14954685],[11.70041157,55.1496177],[11.70025661,55.14973341],[11.70018167,55.14977894],[11.70010332,55.14978095]]],[[[11.64430017,55.1759487],[11.64541969,55.17615822],[11.64565018,55.17620176],[11.64545469,55.17618865],[11.64426724,55.17596622],[11.64345284,55.17584312],[11.64337225,55.17580504],[11.64348281,55.17578574]]],[[[11.81279757,54.70859213],[11.81292426,54.7086078],[11.81303569,54.70863838],[11.81311783,54.70873034],[11.81306225,54.70879771],[11.81291675,54.70877052],[11.81285139,54.70870344],[11.81278618,54.70863626],[11.81272169,54.70860845],[11.81275448,54.70859106]]],[[[11.13750016,55.36767941],[11.13757841,55.36773467],[11.13779264,55.3678004],[11.13790581,55.36782997],[11.13785952,55.36788183],[11.13771759,55.36787775],[11.13752397,55.36782838],[11.13743937,55.36776955],[11.1374082,55.36771536],[11.13744336,55.36767672]]],[[[11.14089705,55.53538921],[11.14091926,55.53544203],[11.14084897,55.53548721],[11.14076013,55.5355381],[11.14063044,55.53556634],[11.14052695,55.53557507],[11.14055,55.53551212],[11.14061372,55.53543074],[11.14076435,55.53539108]]],[[[11.49153993,54.63007001],[11.49173437,54.6301177],[11.49179718,54.63021233],[11.49153548,54.63016953],[11.49114891,54.6300688],[11.49124551,54.63004712],[11.49153993,54.63007001]]],[[[11.02699751,54.87614697],[11.02701768,54.87618232],[11.02702373,54.87622824],[11.02710266,54.87635672],[11.02726961,54.87659896],[11.02727488,54.87662925],[11.02725452,54.87663993],[11.02722142,54.87664183],[11.02720031,54.87662816],[11.02705265,54.8764131],[11.0269712,54.87629366],[11.02690621,54.87618203],[11.02691248,54.87615163],[11.02695931,54.87614051],[11.02699751,54.87614697]]],[[[11.17980394,55.23622386],[11.18017273,55.23634931],[11.18036523,55.23643782],[11.18024431,55.23642417],[11.17994679,55.23633933],[11.17977109,55.23628189],[11.17962124,55.23626551],[11.17961516,55.23622904],[11.17967237,55.23621669],[11.17978261,55.23621921]]],[[[11.7769095,55.77762614],[11.77701513,55.77765135],[11.77706688,55.77769054],[11.77705958,55.77772909],[11.77699853,55.77776103],[11.77692241,55.77778505],[11.77684595,55.77779316],[11.77679494,55.77777795],[11.77674612,55.77774633],[11.77673999,55.77767582],[11.77675585,55.77764328],[11.77680853,55.77762375],[11.7769095,55.77762614]]],[[[11.79410306,55.67927069],[11.79413745,55.6793491],[11.79420238,55.6794519],[11.79423056,55.67956596],[11.79424383,55.67965825],[11.79417862,55.67966072],[11.79410212,55.67954066],[11.79404854,55.67935382],[11.79403309,55.67927327],[11.79408238,55.67926172]]],[[[11.55633491,54.59638064],[11.55627584,54.59639906],[11.55628878,54.59632147],[11.55622868,54.59630377],[11.55616231,54.59635399],[11.55619634,54.59639786],[11.55606008,54.59632846],[11.55621183,54.5961905],[11.55633943,54.59623041],[11.55633491,54.59638064]]],[[[11.49217696,54.63032614],[11.49231304,54.63044317],[11.4923746,54.63048443],[11.49242538,54.63055719],[11.49240459,54.63059969],[11.49230628,54.63059865],[11.49227621,54.6305403],[11.49213127,54.6304177],[11.49210442,54.63035622],[11.49217696,54.63032614]]],[[[11.81818037,54.71697406],[11.81826863,54.71700833],[11.81829611,54.7170664],[11.81827237,54.71708907],[11.81821589,54.71709874],[11.81812613,54.71710991],[11.81808644,54.71707289],[11.81800302,54.71704112],[11.81798509,54.71699317],[11.81806732,54.71694055]]],[[[11.98356293,55.69776405],[11.98349924,55.69774079],[11.98351428,55.69770635],[11.98363581,55.69765935],[11.98378199,55.69761192],[11.98397891,55.69759544],[11.98407512,55.69762763],[11.98408812,55.69765617],[11.98392749,55.69764965],[11.98379544,55.69767983],[11.98356293,55.69776405]]],[[[11.80763778,55.74585904],[11.80764069,55.74598599],[11.80758506,55.74603014],[11.807459,55.74599689],[11.80748665,55.7459425],[11.80738397,55.74591752],[11.80743101,55.74587132],[11.80759576,55.74583088]]],[[[11.80934621,55.74488203],[11.80941953,55.74491109],[11.8094492,55.74492695],[11.8094697,55.74497053],[11.80949237,55.74501307],[11.80947846,55.74505906],[11.8094249,55.74507439],[11.80937981,55.74505017],[11.8093524,55.74501466],[11.80928594,55.7449857],[11.8092208,55.74495978],[11.80917095,55.74492244],[11.80918963,55.74489415],[11.80926095,55.74487535],[11.80934621,55.74488203]]],[[[11.55549205,54.59700608],[11.55554562,54.59703327],[11.55547208,54.59704075],[11.5554265,54.59699776],[11.55556911,54.59694359],[11.55558723,54.59684728],[11.55571283,54.596917],[11.55575192,54.59702693],[11.55560452,54.59700964],[11.55549205,54.59700608]]],[[[12.28500776,55.0181281],[12.28495401,55.01813872],[12.28480791,55.01817576],[12.28480851,55.01806641],[12.28495446,55.01804475],[12.28499629,55.0180358],[12.28511161,55.01803574],[12.28521599,55.01805863],[12.28519343,55.01807372],[12.2851214,55.01808268],[12.28504632,55.01810404]]],[[[12.13249897,54.89966543],[12.13262456,54.89973367],[12.13265761,54.89976347],[12.13267024,54.8998456],[12.13264839,54.89988374],[12.1326156,54.89988935],[12.1324971,54.89982804],[12.13245895,54.89973866],[12.13246851,54.89965093]]],[[[11.37672451,55.77914963],[11.37676321,55.77916183],[11.37676004,55.77919092],[11.37681686,55.77923872],[11.37686255,55.77927675],[11.37683684,55.77935473],[11.37680773,55.77937174],[11.37660107,55.7791993],[11.37660191,55.77917124],[11.37664236,55.77915194],[11.37672451,55.77914963]]],[[[11.27377311,55.23705767],[11.27383456,55.23709535],[11.27385398,55.23713508],[11.2738171,55.23717514],[11.27372955,55.23718738],[11.27366138,55.23718074],[11.2736225,55.23717211],[11.27356243,55.23711993],[11.27358078,55.23708319],[11.27366233,55.23705137],[11.27377311,55.23705767]]],[[[12.10249036,55.08570975],[12.10254309,55.08575516],[12.10259758,55.08580906],[12.10258102,55.08583808],[12.10254911,55.08587728],[12.10250996,55.08590813],[12.10245115,55.08590774],[12.10242184,55.08587127],[12.10240705,55.08580178],[12.10237174,55.08573849],[12.10241219,55.08570824],[12.10249036,55.08570975]]],[[[12.10262558,55.70431352],[12.1025515,55.70430083],[12.10241652,55.7043153],[12.10232504,55.70431213],[12.10224543,55.70427801],[12.10221024,55.70426379],[12.10219662,55.70423465],[12.10233239,55.70422007],[12.10236865,55.70423371],[12.10244667,55.70425979],[12.10254576,55.70423652],[12.10260682,55.70422751],[12.10264362,55.70423584],[12.10265086,55.70430704],[12.10262558,55.70431352]]],[[[11.39884274,55.19386685],[11.3989014,55.19390425],[11.39895178,55.19394776],[11.39895797,55.19397757],[11.3989401,55.19399644],[11.39886374,55.19401232],[11.39879195,55.19400475],[11.39875647,55.19399223],[11.39869677,55.19396114],[11.3986961,55.19393427],[11.39872829,55.19388681],[11.3987874,55.1938611],[11.39884274,55.19386685]]],[[[11.78494455,55.66791925],[11.78490082,55.66796851],[11.78479824,55.66801121],[11.78474115,55.66804702],[11.78467237,55.66806171],[11.78463529,55.66802111],[11.78466038,55.6679826],[11.78478155,55.66793751],[11.78485233,55.667895],[11.78495024,55.66786051],[11.78502238,55.66786849],[11.78494455,55.66791925]]],[[[11.3005313,55.74563668],[11.30054567,55.7457049],[11.3005015,55.74577466],[11.30041448,55.74582312],[11.30035071,55.74584957],[11.30036768,55.74581581],[11.30036074,55.74575474],[11.30037462,55.74568743],[11.30051704,55.74563541]]],[[[11.02851777,54.87637273],[11.02841781,54.87628802],[11.02845979,54.87624552],[11.02852839,54.876221],[11.02860885,54.8762184],[11.02870859,54.87629871],[11.02851777,54.87637273]]],[[[12.09391559,55.75337049],[12.09401041,55.75343859],[12.09404026,55.75349339],[12.09403121,55.75351394],[12.0939931,55.75353603],[12.09390888,55.7535172],[12.09388326,55.75347955],[12.09375648,55.75342871],[12.09377606,55.75339217],[12.09386158,55.75336286],[12.09391559,55.75337049]]],[[[12.20124413,55.49234586],[12.20125703,55.49238391],[12.20117066,55.49241629],[12.20096401,55.4923344],[12.20100095,55.49229792],[12.20107818,55.4923226],[12.20119149,55.49228269],[12.20129178,55.4922931],[12.20127786,55.49232448]]],[[[11.08640527,55.66429846],[11.08623196,55.66422672],[11.08628937,55.66418512],[11.086303,55.66417528],[11.08636209,55.66413248],[11.08652614,55.6642033],[11.08640527,55.66429846]]],[[[11.08539161,55.6650782],[11.08522084,55.66500957],[11.08527829,55.66496554],[11.08528853,55.66495773],[11.08534551,55.66491407],[11.0855149,55.66498363],[11.08539161,55.6650782]]],[[[11.83426608,54.65190413],[11.83429549,54.6519591],[11.83424162,54.65200486],[11.83420529,54.65202432],[11.83410517,54.65201381],[11.83400459,54.65198766],[11.83400751,54.65196278],[11.83411684,54.65193199],[11.83420462,54.65190332]]],[[[11.37334733,54.93575686],[11.37334168,54.93574313],[11.37325727,54.9356539],[11.37317325,54.93554749],[11.37324246,54.93553238],[11.37330075,54.93559965],[11.37324566,54.93561844],[11.3732661,54.93564482],[11.37337156,54.93560366],[11.37347453,54.93571374],[11.37334733,54.93575686]]],[[[11.20108694,55.19475306],[11.20114869,55.19478448],[11.20120969,55.19485915],[11.20125569,55.19489823],[11.20121785,55.19491015],[11.20117234,55.19490261],[11.20109469,55.19486231],[11.2010053,55.19483983],[11.20097402,55.1947968],[11.20102102,55.19474014]]],[[[11.75847809,55.11885708],[11.75837173,55.11890003],[11.75823188,55.11892594],[11.75820544,55.11890883],[11.75816622,55.11890415],[11.75815093,55.1188848],[11.75822295,55.11883517],[11.7583448,55.11883708],[11.75847443,55.11882444]]],[[[11.81625682,54.71647226],[11.81620961,54.7164543],[11.81614324,54.71644002],[11.81614059,54.71635485],[11.81622583,54.71634559],[11.8163241,54.71638772],[11.81634639,54.71640455],[11.81634454,54.71643606],[11.81625682,54.71647226]]],[[[11.80977339,55.74488556],[11.80980798,55.74489223],[11.80986324,55.74495604],[11.8099367,55.7450003],[11.80992175,55.74503606],[11.80985427,55.74503077],[11.80972064,55.74496308],[11.80968243,55.74491928],[11.80970753,55.74488706],[11.80977339,55.74488556]]],[[[11.08996592,55.6667819],[11.09002716,55.66680315],[11.09005052,55.66684166],[11.09002488,55.66687976],[11.08996218,55.6668997],[11.08989135,55.66689246],[11.0898503,55.66686817],[11.08984083,55.6668278],[11.08987923,55.66679335],[11.08994772,55.66678068]]],[[[11.39995863,55.19426799],[11.39986619,55.194309],[11.39980705,55.19431592],[11.39976944,55.19426012],[11.39987324,55.19417277],[11.39993794,55.1941617],[11.39997503,55.19423234],[11.39995863,55.19426799]]],[[[11.93403064,55.65672804],[11.93402095,55.65681106],[11.93405381,55.65687401],[11.93399979,55.65688313],[11.93394206,55.65682563],[11.93393637,55.65673694],[11.93399289,55.65665504],[11.93403301,55.65663233],[11.93406867,55.65665413],[11.93403064,55.65672804]]],[[[11.56351603,54.65833346],[11.56344943,54.65832237],[11.56339425,54.65831284],[11.56335052,54.65833013],[11.56332814,54.65831694],[11.56322184,54.65829608],[11.56333691,54.65826173],[11.56352377,54.6582914],[11.56351603,54.65833346]]],[[[11.09151968,55.666476],[11.09157652,55.66651314],[11.09158166,55.66654684],[11.09150789,55.6665827],[11.0914156,55.6665637],[11.09139771,55.66653542],[11.09142133,55.66648936],[11.09149514,55.66646905]]],[[[12.10433418,55.70440309],[12.10435687,55.70441214],[12.10439589,55.70441232],[12.10440601,55.70442546],[12.10438367,55.70445291],[12.1042884,55.70447824],[12.10423677,55.70448162],[12.10421606,55.70447342],[12.1042161,55.70445795],[12.10424015,55.70441186],[12.10428277,55.70436915],[12.10428863,55.70435867],[12.10433653,55.70434442],[12.10435626,55.70436424],[12.10433418,55.70440309]]],[[[12.09663097,55.74268254],[12.09666698,55.74269251],[12.09666062,55.74271281],[12.09662288,55.74273732],[12.09654256,55.74274941],[12.09646248,55.74274442],[12.09639776,55.74272816],[12.09639254,55.7427185],[12.09641239,55.74270154],[12.09647937,55.74269005],[12.09658522,55.74268037]]],[[[11.25764896,55.19981619],[11.25769554,55.19983672],[11.25770747,55.19987542],[11.25766717,55.19990735],[11.25759897,55.19991302],[11.25754449,55.19988895],[11.25753677,55.19984981],[11.25758047,55.19981943],[11.25764896,55.19981619]]],[[[11.24619117,55.20393107],[11.24624459,55.20395588],[11.24625057,55.20399496],[11.2462054,55.20402465],[11.24613684,55.20402672],[11.24609213,55.20400597],[11.24608146,55.20396716],[11.24612307,55.20393583],[11.24619117,55.20393107]]],[[[11.25738501,55.19970899],[11.25744705,55.19973337],[11.2574549,55.19977214],[11.25741134,55.19980216],[11.2573433,55.19980495],[11.25729278,55.19977874],[11.25729104,55.19973967],[11.25733914,55.19971208]]],[[[11.24446702,55.20584349],[11.24451979,55.20586508],[11.24452538,55.20589185],[11.24448446,55.20593557],[11.24439763,55.20593717],[11.24435204,55.20589504],[11.24437731,55.20586087],[11.24442656,55.20584226]]],[[[11.25789432,55.19992256],[11.25795183,55.19994729],[11.25795763,55.19998593],[11.25791259,55.2000149],[11.25784478,55.20001615],[11.25779671,55.19998882],[11.25779829,55.19995005],[11.25784852,55.19992404]]],[[[11.25713042,55.19960062],[11.25718774,55.19962491],[11.25719417,55.19966344],[11.25714978,55.19969267],[11.25708197,55.19969419],[11.25703361,55.19966713],[11.25703472,55.19962846],[11.25708463,55.19960228]]],[[[11.25833145,55.19859737],[11.25838257,55.19862312],[11.25838428,55.19866156],[11.25833631,55.19868861],[11.25826912,55.19868707],[11.25822519,55.19865786],[11.2582323,55.19861961],[11.25828599,55.19859642]]],[[[11.25786608,55.19893776],[11.25791427,55.19896446],[11.25791299,55.19900296],[11.2578629,55.1990286],[11.25779608,55.19902526],[11.2577546,55.19899492],[11.25776518,55.19895698],[11.25782069,55.19893545]]],[[[12.28185677,54.98204323],[12.28189789,54.98202018],[12.28186872,54.98200577],[12.28188251,54.9819965],[12.28191458,54.98201011],[12.2820113,54.98195588],[12.28207487,54.98199535],[12.28191393,54.98207873],[12.28185677,54.98204323]]],[[[11.12109551,55.52248959],[11.12115784,55.5225232],[11.12118065,55.52255256],[11.1212234,55.52259029],[11.12123111,55.52261577],[11.12112769,55.522587],[11.12102569,55.52251111],[11.12103559,55.5224918]]],[[[11.39854497,55.19409949],[11.39857672,55.19411523],[11.39858708,55.1941464],[11.39857456,55.19416552],[11.39854798,55.19417557],[11.39850713,55.19417575],[11.39846899,55.19416868],[11.39843573,55.19415387],[11.3984211,55.19413007],[11.39844256,55.19410268],[11.39848006,55.19409133],[11.39854497,55.19409949]]],[[[12.20268302,55.49035946],[12.2027081,55.49038946],[12.20270644,55.49044111],[12.20264843,55.490499],[12.20261717,55.4904982],[12.20262169,55.49048361],[12.20262956,55.49043818],[12.20264473,55.49041441],[12.20263206,55.49037932],[12.20261919,55.49034171],[12.20268302,55.49035946]]],[[[11.12148855,55.52294233],[11.12151344,55.52299852],[11.12149638,55.52304663],[11.12147966,55.52310984],[11.12144926,55.52308951],[11.12145131,55.52303933],[11.1214398,55.52299324],[11.12145312,55.52294924],[11.12148855,55.52294233]]],[[[11.0909662,55.66665548],[11.09101371,55.66667273],[11.09102554,55.66669779],[11.09099783,55.66672675],[11.09094113,55.66673401],[11.09089399,55.66671477],[11.09088669,55.66668532],[11.09092268,55.66665946]]],[[[11.82163693,54.71729916],[11.82168139,54.71732438],[11.82167341,54.71737266],[11.8216198,54.71738344],[11.82159532,54.71737304],[11.82158769,54.71735713],[11.82156616,54.7173356],[11.82153456,54.71732114],[11.82156718,54.7173078],[11.82163693,54.71729916]]],[[[12.45624264,55.32275205],[12.45622074,55.32275411],[12.45621355,55.32275486],[12.45620036,55.32271027],[12.4562074,55.32270962],[12.45622617,55.32270783],[12.45638099,55.32269293],[12.45639417,55.32273742],[12.45624264,55.32275205]]],[[[12.45595612,55.32182881],[12.45593984,55.32183026],[12.45593155,55.32183103],[12.45591903,55.32178688],[12.45592858,55.32178607],[12.45594375,55.32178465],[12.45610036,55.32177032],[12.45611287,55.32181448],[12.45595612,55.32182881]]],[[[12.45634756,55.32319624],[12.45633475,55.32315236],[12.45634554,55.32315134],[12.45636446,55.32314945],[12.45651539,55.32313511],[12.4565282,55.32317899],[12.45634756,55.32319624]]],[[[12.45582805,55.32138501],[12.45581289,55.32138651],[12.45580085,55.32138775],[12.4557877,55.32134533],[12.4559673,55.32132711],[12.45598061,55.32136954],[12.45582805,55.32138501]]],[[[11.11571876,55.52769075],[11.11577944,55.5276995],[11.11582003,55.52770886],[11.11582576,55.52771829],[11.11578118,55.527732],[11.11569155,55.52773589],[11.11564086,55.52772436],[11.11559989,55.52771384],[11.11566594,55.52768978],[11.11571876,55.52769075]]],[[[11.072461,55.66525271],[11.07244969,55.66527348],[11.07243261,55.66530532],[11.07233326,55.66528785],[11.07236462,55.66523133],[11.07246302,55.6652489],[11.072461,55.66525271]]],[[[11.92801099,54.57215437],[11.92800889,54.57214444],[11.92810787,54.5720961],[11.9281373,54.57217415],[11.92801099,54.57215437]]],[[[11.37306904,54.93540839],[11.37302668,54.93536517],[11.37311813,54.93534056],[11.37315738,54.93538141],[11.37306904,54.93540839]]],[[[11.12101354,55.52317139],[11.12102954,55.52318028],[11.12103944,55.52319629],[11.12104186,55.52320308],[11.12104021,55.52323124],[11.12101907,55.52324176],[11.12099539,55.52323741],[11.12098096,55.52323127],[11.12097275,55.52321425],[11.12097463,55.52319319],[11.12097814,55.52317299],[11.12099701,55.52316754],[11.12101354,55.52317139]]]]}}]}